"entity_id","type","status","name","path","owner","proof"
"agent:agent-checklists:0b1e39f5f6","agent","implemented","Agent Checklists",".agents/checklists/README.md","Engineering Delivery Lead",".agents/checklists/README.md"
"agent:anti-regression-system:9473e90460","agent","implemented","Anti-Regression System",".agents/core/anti-regression.md","Engineering Delivery Lead",".agents/core/anti-regression.md"
"agent:execution-loop:c01d026946","agent","implemented","Execution Loop",".agents/core/execution-loop.md","Engineering Delivery Lead",".agents/core/execution-loop.md"
"agent:mission-control:86ecd445b8","agent","implemented","Mission Control",".agents/core/mission-control.md","Engineering Delivery Lead",".agents/core/mission-control.md"
"agent:agent-operating-system:2f229839b5","agent","implemented","Agent Operating System",".agents/core/operating-system.md","Engineering Delivery Lead",".agents/core/operating-system.md"
"agent:product-delivery-system:bef3a71135","agent","implemented","Product Delivery System",".agents/core/product-delivery-system.md","Engineering Delivery Lead",".agents/core/product-delivery-system.md"
"agent:product-intake-and-decision-handshake:d20b921348","agent","implemented","Product Intake And Decision Handshake",".agents/core/product-intake-and-decision-handshake.md","Engineering Delivery Lead",".agents/core/product-intake-and-decision-handshake.md"
"agent:project-memory-index:8428fccaed","agent","implemented","Project Memory Index",".agents/core/project-memory-index.md","Engineering Delivery Lead",".agents/core/project-memory-index.md"
"agent:quality-gates:d55623d7b6","agent","implemented","Quality Gates",".agents/core/quality-gates.md","Engineering Delivery Lead",".agents/core/quality-gates.md"
"agent:requirements-verification-system:0730ae07c7","agent","implemented","Requirements Verification System",".agents/core/requirements-verification-system.md","Engineering Delivery Lead",".agents/core/requirements-verification-system.md"
"agent:backend-builder:0af4fbb735","agent","implemented","backend-builder",".agents/prompts/backend-builder.md","Engineering Delivery Lead",".agents/prompts/backend-builder.md"
"agent:code-reviewer:5e88200e7b","agent","implemented","code-reviewer",".agents/prompts/code-reviewer.md","Engineering Delivery Lead",".agents/prompts/code-reviewer.md"
"agent:db-migrations:8a8b9e125f","agent","implemented","db-migrations",".agents/prompts/db-migrations.md","Engineering Delivery Lead",".agents/prompts/db-migrations.md"
"agent:frontend-builder:8a06b01964","agent","implemented","frontend-builder",".agents/prompts/frontend-builder.md","Engineering Delivery Lead",".agents/prompts/frontend-builder.md"
"agent:ops-release:1193a6d307","agent","implemented","ops-release",".agents/prompts/ops-release.md","Engineering Delivery Lead",".agents/prompts/ops-release.md"
"agent:planner:5b56a0bd47","agent","implemented","planner",".agents/prompts/planner.md","Engineering Delivery Lead",".agents/prompts/planner.md"
"agent:product-docs:06b3b295a9","agent","implemented","product-docs",".agents/prompts/product-docs.md","Engineering Delivery Lead",".agents/prompts/product-docs.md"
"agent:qa-test:b0c0bd2105","agent","implemented","qa-test",".agents/prompts/qa-test.md","Engineering Delivery Lead",".agents/prompts/qa-test.md"
"agent:security-auditor:63dc9d9ff4","agent","implemented","security-auditor",".agents/prompts/security-auditor.md","Engineering Delivery Lead",".agents/prompts/security-auditor.md"
"agent:agent-reports:5756740a98","agent","implemented","Agent Reports",".agents/reports/README.md","Engineering Delivery Lead",".agents/reports/README.md"
"agent:procedure:c3a7bc0b5d","agent","implemented","Procedure",".agents/skills/_templates/SKILL.template.md","Engineering Delivery Lead",".agents/skills/_templates/SKILL.template.md"
"agent:capture-agent-learnings:cfb51edd20","agent","implemented","Capture Agent Learnings",".agents/skills/capture-agent-learnings/SKILL.md","Engineering Delivery Lead",".agents/skills/capture-agent-learnings/SKILL.md"
"agent:readme:051638d4c8","agent","implemented","README",".agents/skills/README.md","Engineering Delivery Lead",".agents/skills/README.md"
"agent:active-mission-packet:a0e3255194","agent","implemented","Active Mission Packet",".agents/state/active-mission.md","Engineering Delivery Lead",".agents/state/active-mission.md"
"agent:agent-process-evals:143b49414c","agent","implemented","Agent Process Evals",".agents/state/agent-evals.md","Engineering Delivery Lead",".agents/state/agent-evals.md"
"agent:current-focus:5edf18eb23","agent","implemented","Current Focus",".agents/state/current-focus.md","Engineering Delivery Lead",".agents/state/current-focus.md"
"agent:decision-register:73d1cd6fc8","agent","implemented","Decision Register",".agents/state/decision-register.md","Engineering Delivery Lead",".agents/state/decision-register.md"
"agent:delivery-map:704464f41b","agent","implemented","Delivery Map",".agents/state/delivery-map.md","Engineering Delivery Lead",".agents/state/delivery-map.md"
"agent:known-issues:5043444a16","agent","implemented","Known Issues",".agents/state/known-issues.md","Engineering Delivery Lead",".agents/state/known-issues.md"
"agent:module-confidence-ledger:f4e40a82b8","agent","implemented","Module Confidence Ledger",".agents/state/module-confidence-ledger.md","Engineering Delivery Lead",".agents/state/module-confidence-ledger.md"
"agent:next-steps:f65f9bc52d","agent","implemented","Next Steps",".agents/state/next-steps.md","Engineering Delivery Lead",".agents/state/next-steps.md"
"agent:quality-attribute-scenarios:df9832217e","agent","implemented","Quality Attribute Scenarios",".agents/state/quality-attribute-scenarios.md","Engineering Delivery Lead",".agents/state/quality-attribute-scenarios.md"
"agent:regression-log:43781d0a01","agent","implemented","Regression Log",".agents/state/regression-log.md","Engineering Delivery Lead",".agents/state/regression-log.md"
"agent:requirements-verification-matrix:048af4ced3","agent","implemented","Requirements Verification Matrix",".agents/state/requirements-verification-matrix.md","Engineering Delivery Lead",".agents/state/requirements-verification-matrix.md"
"agent:responsibility-learning:82503fb0f6","agent","implemented","Responsibility Learning",".agents/state/responsibility-learning.md","Engineering Delivery Lead",".agents/state/responsibility-learning.md"
"agent:risk-register:a357934902","agent","implemented","Risk Register",".agents/state/risk-register.md","Engineering Delivery Lead",".agents/state/risk-register.md"
"agent:system-health:6c9795d9b5","agent","implemented","System Health",".agents/state/system-health.md","Engineering Delivery Lead",".agents/state/system-health.md"
"agent:agent-tasks:5144b7fe4a","agent","implemented","Agent Tasks",".agents/tasks/README.md","Engineering Delivery Lead",".agents/tasks/README.md"
"agent:agent-hierarchy:4835752b62","agent","implemented","Agent Hierarchy",".agents/workflows/agent-hierarchy.md","Engineering Delivery Lead",".agents/workflows/agent-hierarchy.md"
"agent:codex-power-use-workflow:fa752fdb73","agent","implemented","Codex Power Use Workflow",".agents/workflows/codex-power-use.md","Engineering Delivery Lead",".agents/workflows/codex-power-use.md"
"agent:documentation-governance-workflow:75973b1953","agent","implemented","Documentation Governance Workflow",".agents/workflows/documentation-governance.md","Engineering Delivery Lead",".agents/workflows/documentation-governance.md"
"agent:general-workspace-rules:2b434882d7","agent","implemented","General Workspace Rules",".agents/workflows/general.md","Engineering Delivery Lead",".agents/workflows/general.md"
"agent:responsibility-lanes:5223e4bc50","agent","implemented","Responsibility Lanes",".agents/workflows/responsibility-lanes.md","Engineering Delivery Lead",".agents/workflows/responsibility-lanes.md"
"agent:subagent-orchestration-workflow:7e6a3994c0","agent","implemented","Subagent Orchestration Workflow",".agents/workflows/subagent-orchestration.md","Engineering Delivery Lead",".agents/workflows/subagent-orchestration.md"
"agent:user-collaboration-workflow:98bfb8bc00","agent","implemented","User Collaboration Workflow",".agents/workflows/user-collaboration.md","Engineering Delivery Lead",".agents/workflows/user-collaboration.md"
"agent:world-class-delivery-workflow:8464f9dcd7","agent","implemented","World-Class Delivery Workflow",".agents/workflows/world-class-delivery.md","Engineering Delivery Lead",".agents/workflows/world-class-delivery.md"
"agent:agents-module:31b4780178","agent","implemented","Agents Module","src/modules/agents/README.md","Engineering Delivery Lead","src/modules/agents/README.md"
"api_endpoint:get:1998daec82","api_endpoint","implemented","GET /","src/app.ts#/","Engineering Delivery Lead","src/app.ts"
"api_endpoint:use-agent-events:1b4c65ace9","api_endpoint","implemented","USE /agent-events","src/app.ts#/agent-events","Engineering Delivery Lead","src/app.ts"
"api_endpoint:use-agent-logs:fe1d6cbaa9","api_endpoint","implemented","USE /agent-logs","src/app.ts#/agent-logs","Engineering Delivery Lead","src/app.ts"
"api_endpoint:use-agents:1c136317c6","api_endpoint","implemented","USE /agents","src/app.ts#/agents","Engineering Delivery Lead","src/app.ts"
"api_endpoint:use-api-keys:d7553f1e44","api_endpoint","implemented","USE /api-keys","src/app.ts#/api-keys","Engineering Delivery Lead","src/app.ts"
"api_endpoint:use-assets:ac41eec16d","api_endpoint","implemented","USE /assets","src/app.ts#/assets","Engineering Delivery Lead","src/app.ts"
"api_endpoint:use-auth:d272d61067","api_endpoint","implemented","USE /auth","src/app.ts#/auth","Engineering Delivery Lead","src/app.ts"
"api_endpoint:use-clients:da4494ab5d","api_endpoint","implemented","USE /clients","src/app.ts#/clients","Engineering Delivery Lead","src/app.ts"
"api_endpoint:use-commercial-exceptions:18765c44f9","api_endpoint","implemented","USE /commercial-exceptions","src/app.ts#/commercial-exceptions","Engineering Delivery Lead","src/app.ts"
"api_endpoint:use-company-os:fb1b853293","api_endpoint","implemented","USE /company-os","src/app.ts#/company-os","Engineering Delivery Lead","src/app.ts"
"api_endpoint:use-connection:b52b509477","api_endpoint","implemented","USE /connection","src/app.ts#/connection","Engineering Delivery Lead","src/app.ts"
"api_endpoint:use-dashboard:a4fbc07380","api_endpoint","implemented","USE /dashboard","src/app.ts#/dashboard","Engineering Delivery Lead","src/app.ts"
"api_endpoint:use-deals:2ceaef3b27","api_endpoint","implemented","USE /deals","src/app.ts#/deals","Engineering Delivery Lead","src/app.ts"
"api_endpoint:use-decisions:b29cd45684","api_endpoint","implemented","USE /decisions","src/app.ts#/decisions","Engineering Delivery Lead","src/app.ts"
"api_endpoint:use-departments:876f72fd71","api_endpoint","implemented","USE /departments","src/app.ts#/departments","Engineering Delivery Lead","src/app.ts"
"api_endpoint:use-events:679c33c90e","api_endpoint","implemented","USE /events","src/app.ts#/events","Engineering Delivery Lead","src/app.ts"
"api_endpoint:use-finance:b8821dee32","api_endpoint","implemented","USE /finance","src/app.ts#/finance","Engineering Delivery Lead","src/app.ts"
"api_endpoint:use-goals:da30547c55","api_endpoint","implemented","USE /goals","src/app.ts#/goals","Engineering Delivery Lead","src/app.ts"
"api_endpoint:use-google-drive:2b5bd7ccd8","api_endpoint","implemented","USE /google-drive","src/app.ts#/google-drive","Engineering Delivery Lead","src/app.ts"
"api_endpoint:use-health:8aa829ec00","api_endpoint","implemented","USE /health","src/app.ts#/health","Engineering Delivery Lead","src/app.ts"
"api_endpoint:use-intake:3c22276373","api_endpoint","implemented","USE /intake","src/app.ts#/intake","Engineering Delivery Lead","src/app.ts"
"api_endpoint:use-integration-settings:7da089bd2f","api_endpoint","implemented","USE /integration-settings","src/app.ts#/integration-settings","Engineering Delivery Lead","src/app.ts"
"api_endpoint:use-interactions:eb228af9f5","api_endpoint","implemented","USE /interactions","src/app.ts#/interactions","Engineering Delivery Lead","src/app.ts"
"api_endpoint:use-mcp:3055a10566","api_endpoint","implemented","USE /mcp","src/app.ts#/mcp","Engineering Delivery Lead","src/app.ts"
"api_endpoint:use-notes:c833b4443f","api_endpoint","implemented","USE /notes","src/app.ts#/notes","Engineering Delivery Lead","src/app.ts"
"api_endpoint:use-operating-graph:90c17b9387","api_endpoint","implemented","USE /operating-graph","src/app.ts#/operating-graph","Engineering Delivery Lead","src/app.ts"
"api_endpoint:use-operating-model:dcc5e71b5f","api_endpoint","implemented","USE /operating-model","src/app.ts#/operating-model","Engineering Delivery Lead","src/app.ts"
"api_endpoint:use-operations:f4ce71f687","api_endpoint","implemented","USE /operations","src/app.ts#/operations","Engineering Delivery Lead","src/app.ts"
"api_endpoint:use-pipeline-stages:d21ba6038b","api_endpoint","implemented","USE /pipeline-stages","src/app.ts#/pipeline-stages","Engineering Delivery Lead","src/app.ts"
"api_endpoint:use-process-core:ccf2131793","api_endpoint","implemented","USE /process-core","src/app.ts#/process-core","Engineering Delivery Lead","src/app.ts"
"api_endpoint:use-projects:2ab7f26357","api_endpoint","implemented","USE /projects","src/app.ts#/projects","Engineering Delivery Lead","src/app.ts"
"api_endpoint:use-relationships:acd9b6327c","api_endpoint","implemented","USE /relationships","src/app.ts#/relationships","Engineering Delivery Lead","src/app.ts"
"api_endpoint:use-sales:0c7ec2cf8b","api_endpoint","implemented","USE /sales","src/app.ts#/sales","Engineering Delivery Lead","src/app.ts"
"api_endpoint:use-strategy:0ead398998","api_endpoint","implemented","USE /strategy","src/app.ts#/strategy","Engineering Delivery Lead","src/app.ts"
"api_endpoint:use-targets:7ea27c60ae","api_endpoint","implemented","USE /targets","src/app.ts#/targets","Engineering Delivery Lead","src/app.ts"
"api_endpoint:use-task-lists:7770c51ee4","api_endpoint","implemented","USE /task-lists","src/app.ts#/task-lists","Engineering Delivery Lead","src/app.ts"
"api_endpoint:use-tasks:de5ac00ee8","api_endpoint","implemented","USE /tasks","src/app.ts#/tasks","Engineering Delivery Lead","src/app.ts"
"api_endpoint:use-v1:347b48829e","api_endpoint","implemented","USE /v1","src/app.ts#/v1","Engineering Delivery Lead","src/app.ts"
"api_endpoint:use-v1-auth:02d088cd05","api_endpoint","implemented","USE /v1/auth","src/app.ts#/v1/auth","Engineering Delivery Lead","src/app.ts"
"api_endpoint:use-v1-health:145d12bca3","api_endpoint","implemented","USE /v1/health","src/app.ts#/v1/health","Engineering Delivery Lead","src/app.ts"
"api_endpoint:use-v1-webhooks-clickup:61d965c5ad","api_endpoint","implemented","USE /v1/webhooks/clickup","src/app.ts#/v1/webhooks/clickup","Engineering Delivery Lead","src/app.ts"
"api_endpoint:use-workforce:a03aa869cd","api_endpoint","implemented","USE /workforce","src/app.ts#/workforce","Engineering Delivery Lead","src/app.ts"
"api_endpoint:use-workspaces:8d243549bd","api_endpoint","implemented","USE /workspaces","src/app.ts#/workspaces","Engineering Delivery Lead","src/app.ts"
"component:cc-button-tsx:dff712debb","component","implemented","cc-button.tsx","web/src/components/cc-button.tsx","Engineering Delivery Lead","web/src/components/cc-button.tsx"
"component:cc-data-table-tsx:b40c218327","component","implemented","cc-data-table.tsx","web/src/components/cc-data-table.tsx","Engineering Delivery Lead","web/src/components/cc-data-table.tsx"
"component:cc-field-tsx:8702870575","component","implemented","cc-field.tsx","web/src/components/cc-field.tsx","Engineering Delivery Lead","web/src/components/cc-field.tsx"
"component:cc-notice-tsx:9eefa3dd0b","component","implemented","cc-notice.tsx","web/src/components/cc-notice.tsx","Engineering Delivery Lead","web/src/components/cc-notice.tsx"
"component:cc-resource-selector-tsx:370866b79c","component","implemented","cc-resource-selector.tsx","web/src/components/cc-resource-selector.tsx","Engineering Delivery Lead","web/src/components/cc-resource-selector.tsx"
"component:cc-route-loading-tsx:920cadd9c7","component","implemented","cc-route-loading.tsx","web/src/components/cc-route-loading.tsx","Engineering Delivery Lead","web/src/components/cc-route-loading.tsx"
"component:cc-text-input-tsx:8a4c63b1b4","component","implemented","cc-text-input.tsx","web/src/components/cc-text-input.tsx","Engineering Delivery Lead","web/src/components/cc-text-input.tsx"
"document:pull-request-template-md:ae423b2dcc","document","implemented","pull_request_template.md",".github/pull_request_template.md","Engineering Delivery Lead",".github/pull_request_template.md"
"document:workflow-guidance:5cdbe1d9ef","document","implemented","Workflow Guidance",".github/workflows/README.md","Engineering Delivery Lead",".github/workflows/README.md"
"document:agents-md-unified-project-conductor-standard:07f601c4bd","document","implemented","AGENTS.md - Unified Project Conductor Standard","AGENTS.md","Engineering Delivery Lead","AGENTS.md"
"document:ai-testing-protocol:ef94a5ec65","document","implemented","AI Testing Protocol","AI_TESTING_PROTOCOL.md","Engineering Delivery Lead","AI_TESTING_PROTOCOL.md"
"document:definition-of-done:12c5acae60","document","implemented","Definition Of Done","DEFINITION_OF_DONE.md","Engineering Delivery Lead","DEFINITION_OF_DONE.md"
"document:deployment-gate:a45551c4d4","document","implemented","Deployment Gate","DEPLOYMENT_GATE.md","Engineering Delivery Lead","DEPLOYMENT_GATE.md"
"document:api:a617d1cb61","document","implemented","API","docs/API.md","Docs Memory Lead","docs/API.md"
"document:architecture:465b92d208","document","implemented","Architecture","docs/ARCHITECTURE.md","Docs Memory Lead","docs/ARCHITECTURE.md"
"document:agent-system-primitives:2b8f0fb433","document","implemented","Agent System Primitives","docs/architecture/agent-system-primitives.md","Docs Memory Lead","docs/architecture/agent-system-primitives.md"
"document:architecture-evidence-graph-system:0193b4b4eb","document","implemented","Architecture Evidence Graph System","docs/architecture/architecture-evidence-graph-system.md","Docs Memory Lead","docs/architecture/architecture-evidence-graph-system.md"
"document:architecture-evidence-system:a7d552a139","document","implemented","Architecture Evidence System","docs/architecture/architecture-evidence-system.md","Docs Memory Lead","docs/architecture/architecture-evidence-system.md"
"document:architecture-source-of-truth:11677e8b75","document","implemented","Architecture Source Of Truth","docs/architecture/architecture-source-of-truth.md","Docs Memory Lead","docs/architecture/architecture-source-of-truth.md"
"document:autonomous-company-operating-system-architecture:8cf88d25f1","document","implemented","Autonomous Company Operating System Architecture","docs/architecture/autonomous-company-operating-system.md","Docs Memory Lead","docs/architecture/autonomous-company-operating-system.md"
"document:business-ontology-import-strategy:637ff1982d","document","implemented","Business Ontology Import Strategy","docs/architecture/business-ontology-import-strategy.md","Docs Memory Lead","docs/architecture/business-ontology-import-strategy.md"
"document:function-chains:a49f4ce2b7","document","implemented","Function Chains","docs/architecture/chains/README.md","Docs Memory Lead","docs/architecture/chains/README.md"
"document:codebase-map:1e1145f7bb","document","implemented","Codebase Map","docs/architecture/codebase-map.md","Docs Memory Lead","docs/architecture/codebase-map.md"
"document:company-os-definition-editing-contract:f92c4f0f81","document","implemented","Company OS Definition Editing Contract","docs/architecture/company-os-definition-editing-contract.md","Docs Memory Lead","docs/architecture/company-os-definition-editing-contract.md"
"document:company-os-workflow-definition-command-contract:5c46b8fae5","document","implemented","Company OS Workflow Definition Command Contract","docs/architecture/company-os-workflow-definition-command-contract.md","Docs Memory Lead","docs/architecture/company-os-workflow-definition-command-contract.md"
"document:companycore-business-module-map:614ddc0cfc","document","implemented","CompanyCore Business Module Map","docs/architecture/companycore-business-module-map.md","Docs Memory Lead","docs/architecture/companycore-business-module-map.md"
"document:companycore-global-business-flow-md:59bf93466f","document","implemented","companycore-global-business-flow.md","docs/architecture/companycore-global-business-flow.md","Docs Memory Lead","docs/architecture/companycore-global-business-flow.md"
"document:data-ownership-map:1824d7eca5","document","implemented","Data Ownership Map","docs/architecture/data-ownership-map.md","Docs Memory Lead","docs/architecture/data-ownership-map.md"
"document:department-management-systems-architecture-md:ca69fb5352","document","implemented","department-management-systems-architecture.md","docs/architecture/department-management-systems-architecture.md","Docs Memory Lead","docs/architecture/department-management-systems-architecture.md"
"document:department-management-systems-v1-blueprint:6b147b19d9","document","implemented","Department Management Systems V1 Blueprint","docs/architecture/department-management-systems-v1-blueprint.md","Docs Memory Lead","docs/architecture/department-management-systems-v1-blueprint.md"
"document:mcp-tool-discovery-and-refresh-contract:086fce8ef8","document","implemented","MCP Tool Discovery And Refresh Contract","docs/architecture/mcp-tool-discovery-and-refresh-contract.md","Docs Memory Lead","docs/architecture/mcp-tool-discovery-and-refresh-contract.md"
"document:coordinator-agent-role:f9d6576e2f","document","implemented","Coordinator agent role","docs/architecture/nodes/generated/AGENT-COORDINATOR.md","Docs Memory Lead","docs/architecture/nodes/generated/AGENT-COORDINATOR.md"
"document:documentation-and-memory-lane:a851b78ed6","document","implemented","Documentation and memory lane","docs/architecture/nodes/generated/AGENT-DOCUMENTATION-MEMORY.md","Docs Memory Lead","docs/architecture/nodes/generated/AGENT-DOCUMENTATION-MEMORY.md"
"document:get-v1-assets-context:48a9e66918","document","implemented","GET /v1/assets/context","docs/architecture/nodes/generated/API-ASSETS-CONTEXT.md","Docs Memory Lead","docs/architecture/nodes/generated/API-ASSETS-CONTEXT.md"
"document:delete-v1-agents-id:a369cb6c82","document","implemented","DELETE /v1/agents/:id","docs/architecture/nodes/generated/API-AUTO-0001.md","Docs Memory Lead","docs/architecture/nodes/generated/API-AUTO-0001.md"
"document:delete-v1-clients-id:62f4ae6895","document","implemented","DELETE /v1/clients/:id","docs/architecture/nodes/generated/API-AUTO-0002.md","Docs Memory Lead","docs/architecture/nodes/generated/API-AUTO-0002.md"
"document:delete-v1-company-os-standards-id:882edcd580","document","implemented","DELETE /v1/company-os/standards/:id","docs/architecture/nodes/generated/API-AUTO-0003.md","Docs Memory Lead","docs/architecture/nodes/generated/API-AUTO-0003.md"
"document:delete-v1-deals-id:d5687d7456","document","implemented","DELETE /v1/deals/:id","docs/architecture/nodes/generated/API-AUTO-0004.md","Docs Memory Lead","docs/architecture/nodes/generated/API-AUTO-0004.md"
"document:delete-v1-decisions-id:0cabd60bce","document","implemented","DELETE /v1/decisions/:id","docs/architecture/nodes/generated/API-AUTO-0005.md","Docs Memory Lead","docs/architecture/nodes/generated/API-AUTO-0005.md"
"document:delete-v1-goals-id:a23d09e3fd","document","implemented","DELETE /v1/goals/:id","docs/architecture/nodes/generated/API-AUTO-0006.md","Docs Memory Lead","docs/architecture/nodes/generated/API-AUTO-0006.md"
"document:delete-v1-integration-settings-clickup-webhooks-id:3dacf46c8a","document","implemented","DELETE /v1/integration-settings/clickup/webhooks/:id","docs/architecture/nodes/generated/API-AUTO-0007.md","Docs Memory Lead","docs/architecture/nodes/generated/API-AUTO-0007.md"
"document:delete-v1-interactions-id:d98aae24c7","document","implemented","DELETE /v1/interactions/:id","docs/architecture/nodes/generated/API-AUTO-0008.md","Docs Memory Lead","docs/architecture/nodes/generated/API-AUTO-0008.md"
"document:delete-v1-notes-id:5aa8d76efc","document","implemented","DELETE /v1/notes/:id","docs/architecture/nodes/generated/API-AUTO-0009.md","Docs Memory Lead","docs/architecture/nodes/generated/API-AUTO-0009.md"
"document:delete-v1-operating-model-areas-id:45aca8ab48","document","implemented","DELETE /v1/operating-model/areas/:id","docs/architecture/nodes/generated/API-AUTO-0010.md","Docs Memory Lead","docs/architecture/nodes/generated/API-AUTO-0010.md"
"document:delete-v1-operating-model-automation-definitions-id:3d17a96b27","document","implemented","DELETE /v1/operating-model/automation-definitions/:id","docs/architecture/nodes/generated/API-AUTO-0011.md","Docs Memory Lead","docs/architecture/nodes/generated/API-AUTO-0011.md"
"document:delete-v1-operating-model-folders-id:4f2482dae0","document","implemented","DELETE /v1/operating-model/folders/:id","docs/architecture/nodes/generated/API-AUTO-0012.md","Docs Memory Lead","docs/architecture/nodes/generated/API-AUTO-0012.md"
"document:delete-v1-operating-model-knowledge-roots-id:2839743adf","document","implemented","DELETE /v1/operating-model/knowledge-roots/:id","docs/architecture/nodes/generated/API-AUTO-0013.md","Docs Memory Lead","docs/architecture/nodes/generated/API-AUTO-0013.md"
"document:delete-v1-operating-model-storage-locations-id:e899557dd6","document","implemented","DELETE /v1/operating-model/storage-locations/:id","docs/architecture/nodes/generated/API-AUTO-0014.md","Docs Memory Lead","docs/architecture/nodes/generated/API-AUTO-0014.md"
"document:delete-v1-pipeline-stages-id:e82908091f","document","implemented","DELETE /v1/pipeline-stages/:id","docs/architecture/nodes/generated/API-AUTO-0015.md","Docs Memory Lead","docs/architecture/nodes/generated/API-AUTO-0015.md"
"document:delete-v1-projects-id:b0d453a049","document","implemented","DELETE /v1/projects/:id","docs/architecture/nodes/generated/API-AUTO-0016.md","Docs Memory Lead","docs/architecture/nodes/generated/API-AUTO-0016.md"
"document:delete-v1-targets-id:8eece92783","document","implemented","DELETE /v1/targets/:id","docs/architecture/nodes/generated/API-AUTO-0017.md","Docs Memory Lead","docs/architecture/nodes/generated/API-AUTO-0017.md"
"document:delete-v1-task-lists-id:c08e7da996","document","implemented","DELETE /v1/task-lists/:id","docs/architecture/nodes/generated/API-AUTO-0018.md","Docs Memory Lead","docs/architecture/nodes/generated/API-AUTO-0018.md"
"document:delete-v1-tasks-id:6e7cba305c","document","implemented","DELETE /v1/tasks/:id","docs/architecture/nodes/generated/API-AUTO-0019.md","Docs Memory Lead","docs/architecture/nodes/generated/API-AUTO-0019.md"
"document:delete-v1-workforce-id:401db85f05","document","implemented","DELETE /v1/workforce/:id","docs/architecture/nodes/generated/API-AUTO-0020.md","Docs Memory Lead","docs/architecture/nodes/generated/API-AUTO-0020.md"
"document:get-v1-agent-events:258fae5143","document","implemented","GET /v1/agent-events","docs/architecture/nodes/generated/API-AUTO-0021.md","Docs Memory Lead","docs/architecture/nodes/generated/API-AUTO-0021.md"
"document:get-v1-agent-logs:1f4443f302","document","implemented","GET /v1/agent-logs","docs/architecture/nodes/generated/API-AUTO-0022.md","Docs Memory Lead","docs/architecture/nodes/generated/API-AUTO-0022.md"
"document:get-v1-agent-logs-id:f530f28e8f","document","implemented","GET /v1/agent-logs/:id","docs/architecture/nodes/generated/API-AUTO-0023.md","Docs Memory Lead","docs/architecture/nodes/generated/API-AUTO-0023.md"
"document:get-v1-agents:7618f6d287","document","implemented","GET /v1/agents","docs/architecture/nodes/generated/API-AUTO-0024.md","Docs Memory Lead","docs/architecture/nodes/generated/API-AUTO-0024.md"
"document:get-v1-agents-id:f66fcf6bbc","document","implemented","GET /v1/agents/:id","docs/architecture/nodes/generated/API-AUTO-0025.md","Docs Memory Lead","docs/architecture/nodes/generated/API-AUTO-0025.md"
"document:get-v1-assets-files-id-preview:378a4524e6","document","implemented","GET /v1/assets/files/:id/preview","docs/architecture/nodes/generated/API-AUTO-0026.md","Docs Memory Lead","docs/architecture/nodes/generated/API-AUTO-0026.md"
"document:get-v1-clients:68757373b0","document","implemented","GET /v1/clients","docs/architecture/nodes/generated/API-AUTO-0027.md","Docs Memory Lead","docs/architecture/nodes/generated/API-AUTO-0027.md"
"document:get-v1-clients-id:60d7128eb7","document","implemented","GET /v1/clients/:id","docs/architecture/nodes/generated/API-AUTO-0028.md","Docs Memory Lead","docs/architecture/nodes/generated/API-AUTO-0028.md"
"document:get-v1-commercial-exceptions:e192e48ef0","document","implemented","GET /v1/commercial-exceptions","docs/architecture/nodes/generated/API-AUTO-0029.md","Docs Memory Lead","docs/architecture/nodes/generated/API-AUTO-0029.md"
"document:get-v1-company-os:98097bc6d4","document","implemented","GET /v1/company-os","docs/architecture/nodes/generated/API-AUTO-0030.md","Docs Memory Lead","docs/architecture/nodes/generated/API-AUTO-0030.md"
"document:get-v1-company-os-collection:3f8a00680c","document","implemented","GET /v1/company-os/:collection","docs/architecture/nodes/generated/API-AUTO-0031.md","Docs Memory Lead","docs/architecture/nodes/generated/API-AUTO-0031.md"
"document:get-v1-company-os-collection-id:b26fa4bdde","document","implemented","GET /v1/company-os/:collection/:id","docs/architecture/nodes/generated/API-AUTO-0032.md","Docs Memory Lead","docs/architecture/nodes/generated/API-AUTO-0032.md"
"document:get-v1-company-os-workflow-definitions-drafts:d3545de13f","document","implemented","GET /v1/company-os/workflow-definitions/drafts","docs/architecture/nodes/generated/API-AUTO-0033.md","Docs Memory Lead","docs/architecture/nodes/generated/API-AUTO-0033.md"
"document:get-v1-company-os-workflow-definitions-drafts-id:9f0549debc","document","implemented","GET /v1/company-os/workflow-definitions/drafts/:id","docs/architecture/nodes/generated/API-AUTO-0034.md","Docs Memory Lead","docs/architecture/nodes/generated/API-AUTO-0034.md"
"document:get-v1-connection:6ba0907deb","document","implemented","GET /v1/connection","docs/architecture/nodes/generated/API-AUTO-0035.md","Docs Memory Lead","docs/architecture/nodes/generated/API-AUTO-0035.md"
"document:get-v1-deals:b697d48855","document","implemented","GET /v1/deals","docs/architecture/nodes/generated/API-AUTO-0036.md","Docs Memory Lead","docs/architecture/nodes/generated/API-AUTO-0036.md"
"document:get-v1-deals-id:d38423c393","document","implemented","GET /v1/deals/:id","docs/architecture/nodes/generated/API-AUTO-0037.md","Docs Memory Lead","docs/architecture/nodes/generated/API-AUTO-0037.md"
"document:get-v1-decisions:d190031eaf","document","implemented","GET /v1/decisions","docs/architecture/nodes/generated/API-AUTO-0038.md","Docs Memory Lead","docs/architecture/nodes/generated/API-AUTO-0038.md"
"document:get-v1-decisions-id:d8e43ca75b","document","implemented","GET /v1/decisions/:id","docs/architecture/nodes/generated/API-AUTO-0039.md","Docs Memory Lead","docs/architecture/nodes/generated/API-AUTO-0039.md"
"document:get-v1-events:edc862eef8","document","implemented","GET /v1/events","docs/architecture/nodes/generated/API-AUTO-0040.md","Docs Memory Lead","docs/architecture/nodes/generated/API-AUTO-0040.md"
"document:get-v1-finance-context:db0b7f023e","document","implemented","GET /v1/finance/context","docs/architecture/nodes/generated/API-AUTO-0041.md","Docs Memory Lead","docs/architecture/nodes/generated/API-AUTO-0041.md"
"document:get-v1-goals:efd11a8646","document","implemented","GET /v1/goals","docs/architecture/nodes/generated/API-AUTO-0042.md","Docs Memory Lead","docs/architecture/nodes/generated/API-AUTO-0042.md"
"document:get-v1-goals-id:4b261fef2f","document","implemented","GET /v1/goals/:id","docs/architecture/nodes/generated/API-AUTO-0043.md","Docs Memory Lead","docs/architecture/nodes/generated/API-AUTO-0043.md"
"document:get-v1-google-drive-files:63dedbcdd0","document","implemented","GET /v1/google-drive/files","docs/architecture/nodes/generated/API-AUTO-0044.md","Docs Memory Lead","docs/architecture/nodes/generated/API-AUTO-0044.md"
"document:get-v1-google-drive-files-id-content:07eca09668","document","implemented","GET /v1/google-drive/files/:id/content","docs/architecture/nodes/generated/API-AUTO-0045.md","Docs Memory Lead","docs/architecture/nodes/generated/API-AUTO-0045.md"
"document:get-v1-intake:abb9d0dc89","document","implemented","GET /v1/intake","docs/architecture/nodes/generated/API-AUTO-0046.md","Docs Memory Lead","docs/architecture/nodes/generated/API-AUTO-0046.md"
"document:get-v1-intake-route-proposals:7c1de92917","document","implemented","GET /v1/intake/route-proposals","docs/architecture/nodes/generated/API-AUTO-0047.md","Docs Memory Lead","docs/architecture/nodes/generated/API-AUTO-0047.md"
"document:get-v1-integration-settings-clickup:6f00b9efba","document","implemented","GET /v1/integration-settings/clickup","docs/architecture/nodes/generated/API-AUTO-0048.md","Docs Memory Lead","docs/architecture/nodes/generated/API-AUTO-0048.md"
"document:get-v1-integration-settings-clickup-events:a8caac4072","document","implemented","GET /v1/integration-settings/clickup/events","docs/architecture/nodes/generated/API-AUTO-0049.md","Docs Memory Lead","docs/architecture/nodes/generated/API-AUTO-0049.md"
"document:get-v1-integration-settings-clickup-webhooks:eadd43fb25","document","implemented","GET /v1/integration-settings/clickup/webhooks","docs/architecture/nodes/generated/API-AUTO-0050.md","Docs Memory Lead","docs/architecture/nodes/generated/API-AUTO-0050.md"
"document:get-v1-integration-settings-google-drive:15be161199","document","implemented","GET /v1/integration-settings/google_drive","docs/architecture/nodes/generated/API-AUTO-0051.md","Docs Memory Lead","docs/architecture/nodes/generated/API-AUTO-0051.md"
"document:get-v1-integration-settings-google-drive-folders-discover:9adff880b1","document","implemented","GET /v1/integration-settings/google_drive/folders/discover","docs/architecture/nodes/generated/API-AUTO-0052.md","Docs Memory Lead","docs/architecture/nodes/generated/API-AUTO-0052.md"
"document:get-v1-interactions:e3a68bf41a","document","implemented","GET /v1/interactions","docs/architecture/nodes/generated/API-AUTO-0053.md","Docs Memory Lead","docs/architecture/nodes/generated/API-AUTO-0053.md"
"document:get-v1-interactions-id:97537d3c3e","document","implemented","GET /v1/interactions/:id","docs/architecture/nodes/generated/API-AUTO-0054.md","Docs Memory Lead","docs/architecture/nodes/generated/API-AUTO-0054.md"
"document:get-v1-mcp-manifest:5ca61817ec","document","implemented","GET /v1/mcp/manifest","docs/architecture/nodes/generated/API-AUTO-0055.md","Docs Memory Lead","docs/architecture/nodes/generated/API-AUTO-0055.md"
"document:get-v1-notes:ff25b3ba83","document","implemented","GET /v1/notes","docs/architecture/nodes/generated/API-AUTO-0056.md","Docs Memory Lead","docs/architecture/nodes/generated/API-AUTO-0056.md"
"document:get-v1-notes-id:77f91deba3","document","implemented","GET /v1/notes/:id","docs/architecture/nodes/generated/API-AUTO-0057.md","Docs Memory Lead","docs/architecture/nodes/generated/API-AUTO-0057.md"
"document:get-v1-operating-graph-areas-areakey:4dc810c616","document","implemented","GET /v1/operating-graph/areas/:areaKey","docs/architecture/nodes/generated/API-AUTO-0058.md","Docs Memory Lead","docs/architecture/nodes/generated/API-AUTO-0058.md"
"document:get-v1-operating-model:997880b743","document","implemented","GET /v1/operating-model","docs/architecture/nodes/generated/API-AUTO-0059.md","Docs Memory Lead","docs/architecture/nodes/generated/API-AUTO-0059.md"
"document:get-v1-operating-model-area-inventory:00335e82fc","document","implemented","GET /v1/operating-model/area-inventory","docs/architecture/nodes/generated/API-AUTO-0060.md","Docs Memory Lead","docs/architecture/nodes/generated/API-AUTO-0060.md"
"document:get-v1-operating-model-areas:d836075174","document","implemented","GET /v1/operating-model/areas","docs/architecture/nodes/generated/API-AUTO-0061.md","Docs Memory Lead","docs/architecture/nodes/generated/API-AUTO-0061.md"
"document:get-v1-operating-model-automation-definitions:3597e4dfa4","document","implemented","GET /v1/operating-model/automation-definitions","docs/architecture/nodes/generated/API-AUTO-0062.md","Docs Memory Lead","docs/architecture/nodes/generated/API-AUTO-0062.md"
"document:get-v1-operating-model-automation-definitions-id:f5c061c42d","document","implemented","GET /v1/operating-model/automation-definitions/:id","docs/architecture/nodes/generated/API-AUTO-0063.md","Docs Memory Lead","docs/architecture/nodes/generated/API-AUTO-0063.md"
"document:get-v1-operating-model-external-fields:d45ddb2139","document","implemented","GET /v1/operating-model/external-fields","docs/architecture/nodes/generated/API-AUTO-0064.md","Docs Memory Lead","docs/architecture/nodes/generated/API-AUTO-0064.md"
"document:get-v1-operating-model-external-mappings:71f326312e","document","implemented","GET /v1/operating-model/external-mappings","docs/architecture/nodes/generated/API-AUTO-0065.md","Docs Memory Lead","docs/architecture/nodes/generated/API-AUTO-0065.md"
"document:get-v1-operating-model-folders:3b0163dde4","document","implemented","GET /v1/operating-model/folders","docs/architecture/nodes/generated/API-AUTO-0066.md","Docs Memory Lead","docs/architecture/nodes/generated/API-AUTO-0066.md"
"document:get-v1-operating-model-folders-id:6952780b43","document","implemented","GET /v1/operating-model/folders/:id","docs/architecture/nodes/generated/API-AUTO-0067.md","Docs Memory Lead","docs/architecture/nodes/generated/API-AUTO-0067.md"
"document:get-v1-operating-model-knowledge-roots:143b003267","document","implemented","GET /v1/operating-model/knowledge-roots","docs/architecture/nodes/generated/API-AUTO-0068.md","Docs Memory Lead","docs/architecture/nodes/generated/API-AUTO-0068.md"
"document:get-v1-operating-model-knowledge-roots-id:4361954273","document","implemented","GET /v1/operating-model/knowledge-roots/:id","docs/architecture/nodes/generated/API-AUTO-0069.md","Docs Memory Lead","docs/architecture/nodes/generated/API-AUTO-0069.md"
"document:get-v1-operating-model-storage-locations:84cefb46bc","document","implemented","GET /v1/operating-model/storage-locations","docs/architecture/nodes/generated/API-AUTO-0070.md","Docs Memory Lead","docs/architecture/nodes/generated/API-AUTO-0070.md"
"document:get-v1-operating-model-storage-locations-id:28307f6fd9","document","implemented","GET /v1/operating-model/storage-locations/:id","docs/architecture/nodes/generated/API-AUTO-0071.md","Docs Memory Lead","docs/architecture/nodes/generated/API-AUTO-0071.md"
"document:get-v1-operating-model-tables:4ab8288ba9","document","implemented","GET /v1/operating-model/tables","docs/architecture/nodes/generated/API-AUTO-0072.md","Docs Memory Lead","docs/architecture/nodes/generated/API-AUTO-0072.md"
"document:get-v1-operations-context:2cdacaad9c","document","implemented","GET /v1/operations/context","docs/architecture/nodes/generated/API-AUTO-0073.md","Docs Memory Lead","docs/architecture/nodes/generated/API-AUTO-0073.md"
"document:get-v1-pipeline-stages:87f66eb935","document","implemented","GET /v1/pipeline-stages","docs/architecture/nodes/generated/API-AUTO-0074.md","Docs Memory Lead","docs/architecture/nodes/generated/API-AUTO-0074.md"
"document:get-v1-pipeline-stages-id:071f3379bf","document","implemented","GET /v1/pipeline-stages/:id","docs/architecture/nodes/generated/API-AUTO-0075.md","Docs Memory Lead","docs/architecture/nodes/generated/API-AUTO-0075.md"
"document:get-v1-projects:2db380359a","document","implemented","GET /v1/projects","docs/architecture/nodes/generated/API-AUTO-0076.md","Docs Memory Lead","docs/architecture/nodes/generated/API-AUTO-0076.md"
"document:get-v1-projects-id:b1527bf6fe","document","implemented","GET /v1/projects/:id","docs/architecture/nodes/generated/API-AUTO-0077.md","Docs Memory Lead","docs/architecture/nodes/generated/API-AUTO-0077.md"
"document:get-v1-relationships-graph:76706ddff8","document","implemented","GET /v1/relationships/graph","docs/architecture/nodes/generated/API-AUTO-0078.md","Docs Memory Lead","docs/architecture/nodes/generated/API-AUTO-0078.md"
"document:get-v1-sales-context:078045055f","document","implemented","GET /v1/sales/context","docs/architecture/nodes/generated/API-AUTO-0079.md","Docs Memory Lead","docs/architecture/nodes/generated/API-AUTO-0079.md"
"document:get-v1-strategy-context:e07ee7ac8e","document","implemented","GET /v1/strategy/context","docs/architecture/nodes/generated/API-AUTO-0080.md","Docs Memory Lead","docs/architecture/nodes/generated/API-AUTO-0080.md"
"document:get-v1-targets:58474f13c1","document","implemented","GET /v1/targets","docs/architecture/nodes/generated/API-AUTO-0081.md","Docs Memory Lead","docs/architecture/nodes/generated/API-AUTO-0081.md"
"document:get-v1-targets-id:238be0dc99","document","implemented","GET /v1/targets/:id","docs/architecture/nodes/generated/API-AUTO-0082.md","Docs Memory Lead","docs/architecture/nodes/generated/API-AUTO-0082.md"
"document:get-v1-task-lists:7565d6ff4e","document","implemented","GET /v1/task-lists","docs/architecture/nodes/generated/API-AUTO-0083.md","Docs Memory Lead","docs/architecture/nodes/generated/API-AUTO-0083.md"
"document:get-v1-task-lists-id:858dc613be","document","implemented","GET /v1/task-lists/:id","docs/architecture/nodes/generated/API-AUTO-0084.md","Docs Memory Lead","docs/architecture/nodes/generated/API-AUTO-0084.md"
"document:get-v1-tasks:e5dc75d5f5","document","implemented","GET /v1/tasks","docs/architecture/nodes/generated/API-AUTO-0085.md","Docs Memory Lead","docs/architecture/nodes/generated/API-AUTO-0085.md"
"document:get-v1-tasks-id:ef81e822f1","document","implemented","GET /v1/tasks/:id","docs/architecture/nodes/generated/API-AUTO-0086.md","Docs Memory Lead","docs/architecture/nodes/generated/API-AUTO-0086.md"
"document:get-v1-workforce-id:b4db227a92","document","implemented","GET /v1/workforce/:id","docs/architecture/nodes/generated/API-AUTO-0087.md","Docs Memory Lead","docs/architecture/nodes/generated/API-AUTO-0087.md"
"document:patch-v1-agents-id:4ab8073e0d","document","implemented","PATCH /v1/agents/:id","docs/architecture/nodes/generated/API-AUTO-0088.md","Docs Memory Lead","docs/architecture/nodes/generated/API-AUTO-0088.md"
"document:patch-v1-assets-folders-id:6d8789ca84","document","implemented","PATCH /v1/assets/folders/:id","docs/architecture/nodes/generated/API-AUTO-0089.md","Docs Memory Lead","docs/architecture/nodes/generated/API-AUTO-0089.md"
"document:patch-v1-clients-id:afdc502d5e","document","implemented","PATCH /v1/clients/:id","docs/architecture/nodes/generated/API-AUTO-0090.md","Docs Memory Lead","docs/architecture/nodes/generated/API-AUTO-0090.md"
"document:patch-v1-company-os-standards-id:ae10c28de8","document","implemented","PATCH /v1/company-os/standards/:id","docs/architecture/nodes/generated/API-AUTO-0091.md","Docs Memory Lead","docs/architecture/nodes/generated/API-AUTO-0091.md"
"document:patch-v1-company-os-workflow-definitions-drafts-id:75187ea37d","document","implemented","PATCH /v1/company-os/workflow-definitions/drafts/:id","docs/architecture/nodes/generated/API-AUTO-0092.md","Docs Memory Lead","docs/architecture/nodes/generated/API-AUTO-0092.md"
"document:patch-v1-deals-id:7358a89bab","document","implemented","PATCH /v1/deals/:id","docs/architecture/nodes/generated/API-AUTO-0093.md","Docs Memory Lead","docs/architecture/nodes/generated/API-AUTO-0093.md"
"document:patch-v1-decisions-id:bbe283faa7","document","implemented","PATCH /v1/decisions/:id","docs/architecture/nodes/generated/API-AUTO-0094.md","Docs Memory Lead","docs/architecture/nodes/generated/API-AUTO-0094.md"
"document:patch-v1-goals-id:95360ea0eb","document","implemented","PATCH /v1/goals/:id","docs/architecture/nodes/generated/API-AUTO-0095.md","Docs Memory Lead","docs/architecture/nodes/generated/API-AUTO-0095.md"
"document:patch-v1-google-drive-docs-id:6a9f26dc51","document","implemented","PATCH /v1/google-drive/docs/:id","docs/architecture/nodes/generated/API-AUTO-0096.md","Docs Memory Lead","docs/architecture/nodes/generated/API-AUTO-0096.md"
"document:patch-v1-google-drive-files-id-description:42d605e50d","document","implemented","PATCH /v1/google-drive/files/:id/description","docs/architecture/nodes/generated/API-AUTO-0097.md","Docs Memory Lead","docs/architecture/nodes/generated/API-AUTO-0097.md"
"document:patch-v1-google-drive-files-id-scope:aa4ca4228e","document","implemented","PATCH /v1/google-drive/files/:id/scope","docs/architecture/nodes/generated/API-AUTO-0098.md","Docs Memory Lead","docs/architecture/nodes/generated/API-AUTO-0098.md"
"document:patch-v1-google-drive-files-id-text-content:4f11c54f2f","document","implemented","PATCH /v1/google-drive/files/:id/text-content","docs/architecture/nodes/generated/API-AUTO-0099.md","Docs Memory Lead","docs/architecture/nodes/generated/API-AUTO-0099.md"
"document:patch-v1-interactions-id:8815df2d18","document","implemented","PATCH /v1/interactions/:id","docs/architecture/nodes/generated/API-AUTO-0100.md","Docs Memory Lead","docs/architecture/nodes/generated/API-AUTO-0100.md"
"document:patch-v1-notes-id:2fd612567b","document","implemented","PATCH /v1/notes/:id","docs/architecture/nodes/generated/API-AUTO-0101.md","Docs Memory Lead","docs/architecture/nodes/generated/API-AUTO-0101.md"
"document:patch-v1-operating-model-areas-id:50dec7bb54","document","implemented","PATCH /v1/operating-model/areas/:id","docs/architecture/nodes/generated/API-AUTO-0102.md","Docs Memory Lead","docs/architecture/nodes/generated/API-AUTO-0102.md"
"document:patch-v1-operating-model-automation-definitions-id:39e5833d02","document","implemented","PATCH /v1/operating-model/automation-definitions/:id","docs/architecture/nodes/generated/API-AUTO-0103.md","Docs Memory Lead","docs/architecture/nodes/generated/API-AUTO-0103.md"
"document:patch-v1-operating-model-external-mappings-id-scope:5d315fa461","document","implemented","PATCH /v1/operating-model/external-mappings/:id/scope","docs/architecture/nodes/generated/API-AUTO-0104.md","Docs Memory Lead","docs/architecture/nodes/generated/API-AUTO-0104.md"
"document:patch-v1-operating-model-folders-id:c49602f1d0","document","implemented","PATCH /v1/operating-model/folders/:id","docs/architecture/nodes/generated/API-AUTO-0105.md","Docs Memory Lead","docs/architecture/nodes/generated/API-AUTO-0105.md"
"document:patch-v1-operating-model-knowledge-roots-id:9afa7215b0","document","implemented","PATCH /v1/operating-model/knowledge-roots/:id","docs/architecture/nodes/generated/API-AUTO-0106.md","Docs Memory Lead","docs/architecture/nodes/generated/API-AUTO-0106.md"
"document:patch-v1-operating-model-storage-locations-id:7d1da3eb94","document","implemented","PATCH /v1/operating-model/storage-locations/:id","docs/architecture/nodes/generated/API-AUTO-0107.md","Docs Memory Lead","docs/architecture/nodes/generated/API-AUTO-0107.md"
"document:patch-v1-operations-task-lists-id:e48aa333ce","document","implemented","PATCH /v1/operations/task-lists/:id","docs/architecture/nodes/generated/API-AUTO-0108.md","Docs Memory Lead","docs/architecture/nodes/generated/API-AUTO-0108.md"
"document:patch-v1-pipeline-stages-id:6a11a0ee7b","document","implemented","PATCH /v1/pipeline-stages/:id","docs/architecture/nodes/generated/API-AUTO-0109.md","Docs Memory Lead","docs/architecture/nodes/generated/API-AUTO-0109.md"
"document:patch-v1-projects-id:73edad0e32","document","implemented","PATCH /v1/projects/:id","docs/architecture/nodes/generated/API-AUTO-0110.md","Docs Memory Lead","docs/architecture/nodes/generated/API-AUTO-0110.md"
"document:patch-v1-targets-id:717f643550","document","implemented","PATCH /v1/targets/:id","docs/architecture/nodes/generated/API-AUTO-0111.md","Docs Memory Lead","docs/architecture/nodes/generated/API-AUTO-0111.md"
"document:patch-v1-task-lists-id:177319c8e6","document","implemented","PATCH /v1/task-lists/:id","docs/architecture/nodes/generated/API-AUTO-0112.md","Docs Memory Lead","docs/architecture/nodes/generated/API-AUTO-0112.md"
"document:patch-v1-tasks-id:78f0097dfa","document","implemented","PATCH /v1/tasks/:id","docs/architecture/nodes/generated/API-AUTO-0113.md","Docs Memory Lead","docs/architecture/nodes/generated/API-AUTO-0113.md"
"document:patch-v1-workforce-id:4f96ab8331","document","implemented","PATCH /v1/workforce/:id","docs/architecture/nodes/generated/API-AUTO-0114.md","Docs Memory Lead","docs/architecture/nodes/generated/API-AUTO-0114.md"
"document:post-v1-agent-events-id-ack:3bbcd4094b","document","implemented","POST /v1/agent-events/:id/ack","docs/architecture/nodes/generated/API-AUTO-0115.md","Docs Memory Lead","docs/architecture/nodes/generated/API-AUTO-0115.md"
"document:post-v1-agent-logs:4806a7b554","document","implemented","POST /v1/agent-logs","docs/architecture/nodes/generated/API-AUTO-0116.md","Docs Memory Lead","docs/architecture/nodes/generated/API-AUTO-0116.md"
"document:post-v1-agents:a20cedf38f","document","implemented","POST /v1/agents","docs/architecture/nodes/generated/API-AUTO-0117.md","Docs Memory Lead","docs/architecture/nodes/generated/API-AUTO-0117.md"
"document:post-v1-clients:a492c47b7b","document","implemented","POST /v1/clients","docs/architecture/nodes/generated/API-AUTO-0118.md","Docs Memory Lead","docs/architecture/nodes/generated/API-AUTO-0118.md"
"document:post-v1-company-os-approvals-id-decision:e40e2dbc7b","document","implemented","POST /v1/company-os/approvals/:id/decision","docs/architecture/nodes/generated/API-AUTO-0119.md","Docs Memory Lead","docs/architecture/nodes/generated/API-AUTO-0119.md"
"document:post-v1-company-os-approvals-request:890a9f3ed0","document","implemented","POST /v1/company-os/approvals/request","docs/architecture/nodes/generated/API-AUTO-0120.md","Docs Memory Lead","docs/architecture/nodes/generated/API-AUTO-0120.md"
"document:post-v1-company-os-events-id-actions-evaluate-automation-rules:31d82f187b","document","implemented","POST /v1/company-os/events/:id/actions/evaluate-automation-rules","docs/architecture/nodes/generated/API-AUTO-0121.md","Docs Memory Lead","docs/architecture/nodes/generated/API-AUTO-0121.md"
"document:post-v1-company-os-pipeline-runs-id-actions-start-stage:226b9d95dc","document","implemented","POST /v1/company-os/pipeline-runs/:id/actions/start-stage","docs/architecture/nodes/generated/API-AUTO-0122.md","Docs Memory Lead","docs/architecture/nodes/generated/API-AUTO-0122.md"
"document:post-v1-company-os-stage-runs-id-actions-block:ffa79c528d","document","implemented","POST /v1/company-os/stage-runs/:id/actions/block","docs/architecture/nodes/generated/API-AUTO-0123.md","Docs Memory Lead","docs/architecture/nodes/generated/API-AUTO-0123.md"
"document:post-v1-company-os-stage-runs-id-actions-complete:9340018d2c","document","implemented","POST /v1/company-os/stage-runs/:id/actions/complete","docs/architecture/nodes/generated/API-AUTO-0124.md","Docs Memory Lead","docs/architecture/nodes/generated/API-AUTO-0124.md"
"document:post-v1-company-os-stage-runs-id-actions-validate:73b9579c60","document","implemented","POST /v1/company-os/stage-runs/:id/actions/validate","docs/architecture/nodes/generated/API-AUTO-0125.md","Docs Memory Lead","docs/architecture/nodes/generated/API-AUTO-0125.md"
"document:post-v1-company-os-standards:685592e5e3","document","implemented","POST /v1/company-os/standards","docs/architecture/nodes/generated/API-AUTO-0126.md","Docs Memory Lead","docs/architecture/nodes/generated/API-AUTO-0126.md"
"document:post-v1-company-os-workflow-definitions-rootobjecttype-rootobjectid-actions-archive:a9c9e6812f","document","implemented","POST /v1/company-os/workflow-definitions/:rootObjectType/:rootObjectId/actions/archive","docs/architecture/nodes/generated/API-AUTO-0127.md","Docs Memory Lead","docs/architecture/nodes/generated/API-AUTO-0127.md"
"document:post-v1-company-os-workflow-definitions-rootobjecttype-rootobjectid-actions-create-rollbac:ccc349e407","document","implemented","POST /v1/company-os/workflow-definitions/:rootObjectType/:rootObjectId/actions/create-rollback-draft","docs/architecture/nodes/generated/API-AUTO-0128.md","Docs Memory Lead","docs/architecture/nodes/generated/API-AUTO-0128.md"
"document:post-v1-company-os-workflow-definitions-drafts:a9b97b539f","document","implemented","POST /v1/company-os/workflow-definitions/drafts","docs/architecture/nodes/generated/API-AUTO-0129.md","Docs Memory Lead","docs/architecture/nodes/generated/API-AUTO-0129.md"
"document:post-v1-company-os-workflow-definitions-drafts-id-actions-activate:4cc09ddd48","document","implemented","POST /v1/company-os/workflow-definitions/drafts/:id/actions/activate","docs/architecture/nodes/generated/API-AUTO-0130.md","Docs Memory Lead","docs/architecture/nodes/generated/API-AUTO-0130.md"
"document:post-v1-company-os-workflow-definitions-drafts-id-actions-preview-impact:e495304842","document","implemented","POST /v1/company-os/workflow-definitions/drafts/:id/actions/preview-impact","docs/architecture/nodes/generated/API-AUTO-0131.md","Docs Memory Lead","docs/architecture/nodes/generated/API-AUTO-0131.md"
"document:post-v1-deals:e5a61bd103","document","implemented","POST /v1/deals","docs/architecture/nodes/generated/API-AUTO-0132.md","Docs Memory Lead","docs/architecture/nodes/generated/API-AUTO-0132.md"
"document:post-v1-decisions:1bd638a695","document","implemented","POST /v1/decisions","docs/architecture/nodes/generated/API-AUTO-0133.md","Docs Memory Lead","docs/architecture/nodes/generated/API-AUTO-0133.md"
"document:post-v1-goals:dd0a836758","document","implemented","POST /v1/goals","docs/architecture/nodes/generated/API-AUTO-0134.md","Docs Memory Lead","docs/architecture/nodes/generated/API-AUTO-0134.md"
"document:post-v1-google-drive-docs:db7d89087c","document","implemented","POST /v1/google-drive/docs","docs/architecture/nodes/generated/API-AUTO-0135.md","Docs Memory Lead","docs/architecture/nodes/generated/API-AUTO-0135.md"
"document:post-v1-google-drive-sheets:95e9e34eb1","document","implemented","POST /v1/google-drive/sheets","docs/architecture/nodes/generated/API-AUTO-0136.md","Docs Memory Lead","docs/architecture/nodes/generated/API-AUTO-0136.md"
"document:post-v1-intake-actions-propose-route:9694559ca0","document","implemented","POST /v1/intake/actions/propose-route","docs/architecture/nodes/generated/API-AUTO-0137.md","Docs Memory Lead","docs/architecture/nodes/generated/API-AUTO-0137.md"
"document:post-v1-integration-settings-clickup-discover:3ce4929efd","document","implemented","POST /v1/integration-settings/clickup/discover","docs/architecture/nodes/generated/API-AUTO-0138.md","Docs Memory Lead","docs/architecture/nodes/generated/API-AUTO-0138.md"
"document:post-v1-integration-settings-clickup-events-retry-failed:94917e0f1b","document","implemented","POST /v1/integration-settings/clickup/events/retry-failed","docs/architecture/nodes/generated/API-AUTO-0139.md","Docs Memory Lead","docs/architecture/nodes/generated/API-AUTO-0139.md"
"document:post-v1-integration-settings-clickup-maintenance-run:918d2ad974","document","implemented","POST /v1/integration-settings/clickup/maintenance/run","docs/architecture/nodes/generated/API-AUTO-0140.md","Docs Memory Lead","docs/architecture/nodes/generated/API-AUTO-0140.md"
"document:post-v1-integration-settings-clickup-webhooks-reconcile:b78c351ea7","document","implemented","POST /v1/integration-settings/clickup/webhooks/reconcile","docs/architecture/nodes/generated/API-AUTO-0141.md","Docs Memory Lead","docs/architecture/nodes/generated/API-AUTO-0141.md"
"document:post-v1-integration-settings-google-drive-changes-reconcile:39578d6643","document","implemented","POST /v1/integration-settings/google_drive/changes/reconcile","docs/architecture/nodes/generated/API-AUTO-0142.md","Docs Memory Lead","docs/architecture/nodes/generated/API-AUTO-0142.md"
"document:post-v1-integration-settings-google-drive-import:07b0cd53d7","document","implemented","POST /v1/integration-settings/google_drive/import","docs/architecture/nodes/generated/API-AUTO-0143.md","Docs Memory Lead","docs/architecture/nodes/generated/API-AUTO-0143.md"
"document:post-v1-integration-settings-google-drive-oauth-authorize-url:e665f05114","document","implemented","POST /v1/integration-settings/google_drive/oauth/authorize-url","docs/architecture/nodes/generated/API-AUTO-0144.md","Docs Memory Lead","docs/architecture/nodes/generated/API-AUTO-0144.md"
"document:post-v1-integration-settings-google-drive-oauth-exchange:d8f885c433","document","implemented","POST /v1/integration-settings/google_drive/oauth/exchange","docs/architecture/nodes/generated/API-AUTO-0145.md","Docs Memory Lead","docs/architecture/nodes/generated/API-AUTO-0145.md"
"document:post-v1-interactions:fddddc0323","document","implemented","POST /v1/interactions","docs/architecture/nodes/generated/API-AUTO-0146.md","Docs Memory Lead","docs/architecture/nodes/generated/API-AUTO-0146.md"
"document:post-v1-notes:d7c16710ea","document","implemented","POST /v1/notes","docs/architecture/nodes/generated/API-AUTO-0147.md","Docs Memory Lead","docs/architecture/nodes/generated/API-AUTO-0147.md"
"document:post-v1-operating-model-areas:55b27e241f","document","implemented","POST /v1/operating-model/areas","docs/architecture/nodes/generated/API-AUTO-0148.md","Docs Memory Lead","docs/architecture/nodes/generated/API-AUTO-0148.md"
"document:post-v1-operating-model-automation-definitions:7b7421b61b","document","implemented","POST /v1/operating-model/automation-definitions","docs/architecture/nodes/generated/API-AUTO-0149.md","Docs Memory Lead","docs/architecture/nodes/generated/API-AUTO-0149.md"
"document:post-v1-operating-model-folders:8ee2343ff7","document","implemented","POST /v1/operating-model/folders","docs/architecture/nodes/generated/API-AUTO-0150.md","Docs Memory Lead","docs/architecture/nodes/generated/API-AUTO-0150.md"
"document:post-v1-operating-model-knowledge-roots:cc1194b7b2","document","implemented","POST /v1/operating-model/knowledge-roots","docs/architecture/nodes/generated/API-AUTO-0151.md","Docs Memory Lead","docs/architecture/nodes/generated/API-AUTO-0151.md"
"document:post-v1-operating-model-storage-locations:daada86684","document","implemented","POST /v1/operating-model/storage-locations","docs/architecture/nodes/generated/API-AUTO-0152.md","Docs Memory Lead","docs/architecture/nodes/generated/API-AUTO-0152.md"
"document:post-v1-pipeline-stages:f3847bd055","document","implemented","POST /v1/pipeline-stages","docs/architecture/nodes/generated/API-AUTO-0153.md","Docs Memory Lead","docs/architecture/nodes/generated/API-AUTO-0153.md"
"document:post-v1-projects:14831b7e0b","document","implemented","POST /v1/projects","docs/architecture/nodes/generated/API-AUTO-0154.md","Docs Memory Lead","docs/architecture/nodes/generated/API-AUTO-0154.md"
"document:post-v1-targets:3b7ad2409d","document","implemented","POST /v1/targets","docs/architecture/nodes/generated/API-AUTO-0155.md","Docs Memory Lead","docs/architecture/nodes/generated/API-AUTO-0155.md"
"document:post-v1-task-lists:509f7a4708","document","implemented","POST /v1/task-lists","docs/architecture/nodes/generated/API-AUTO-0156.md","Docs Memory Lead","docs/architecture/nodes/generated/API-AUTO-0156.md"
"document:post-v1-tasks:bfc1c1bf27","document","implemented","POST /v1/tasks","docs/architecture/nodes/generated/API-AUTO-0157.md","Docs Memory Lead","docs/architecture/nodes/generated/API-AUTO-0157.md"
"document:post-v1-tasks-id-clickup-custom-fields-fieldid:3b964400dc","document","implemented","POST /v1/tasks/:id/clickup/custom-fields/:fieldId","docs/architecture/nodes/generated/API-AUTO-0158.md","Docs Memory Lead","docs/architecture/nodes/generated/API-AUTO-0158.md"
"document:post-v1-tasks-sync-clickup:003a822d9b","document","implemented","POST /v1/tasks/sync/clickup","docs/architecture/nodes/generated/API-AUTO-0159.md","Docs Memory Lead","docs/architecture/nodes/generated/API-AUTO-0159.md"
"document:post-v1-tasks-sync-clickup-native:ba5c6f706d","document","implemented","POST /v1/tasks/sync/clickup/native","docs/architecture/nodes/generated/API-AUTO-0160.md","Docs Memory Lead","docs/architecture/nodes/generated/API-AUTO-0160.md"
"document:post-v1-workforce:7e2ff746f9","document","implemented","POST /v1/workforce","docs/architecture/nodes/generated/API-AUTO-0161.md","Docs Memory Lead","docs/architecture/nodes/generated/API-AUTO-0161.md"
"document:post-v1-workforce-id-actions-delete:0afe125130","document","implemented","POST /v1/workforce/:id/actions/delete","docs/architecture/nodes/generated/API-AUTO-0162.md","Docs Memory Lead","docs/architecture/nodes/generated/API-AUTO-0162.md"
"document:post-v1-workforce-id-actions-sync:b80e90bff0","document","implemented","POST /v1/workforce/:id/actions/sync","docs/architecture/nodes/generated/API-AUTO-0163.md","Docs Memory Lead","docs/architecture/nodes/generated/API-AUTO-0163.md"
"document:put-v1-google-drive-sheets-id-values:706d2de668","document","implemented","PUT /v1/google-drive/sheets/:id/values","docs/architecture/nodes/generated/API-AUTO-0164.md","Docs Memory Lead","docs/architecture/nodes/generated/API-AUTO-0164.md"
"document:put-v1-integration-settings-clickup:e84a8582f3","document","implemented","PUT /v1/integration-settings/clickup","docs/architecture/nodes/generated/API-AUTO-0165.md","Docs Memory Lead","docs/architecture/nodes/generated/API-AUTO-0165.md"
"document:put-v1-integration-settings-google-drive:e381c419a1","document","implemented","PUT /v1/integration-settings/google_drive","docs/architecture/nodes/generated/API-AUTO-0166.md","Docs Memory Lead","docs/architecture/nodes/generated/API-AUTO-0166.md"
"document:get-v1-relationships-context:4d668e8337","document","implemented","GET /v1/relationships/context","docs/architecture/nodes/generated/API-AUTO-0167.md","Docs Memory Lead","docs/architecture/nodes/generated/API-AUTO-0167.md"
"document:post-v1-company-os-pipeline-runs-id-task-links:494f7ddf48","document","implemented","POST /v1/company-os/pipeline-runs/:id/task-links","docs/architecture/nodes/generated/API-AUTO-0168.md","Docs Memory Lead","docs/architecture/nodes/generated/API-AUTO-0168.md"
"document:post-v1-company-os-knowledge-links:30471012a1","document","implemented","POST /v1/company-os/knowledge-links","docs/architecture/nodes/generated/API-AUTO-0169.md","Docs Memory Lead","docs/architecture/nodes/generated/API-AUTO-0169.md"
"document:get-v1-process-core-coverage:5d68bdcf0d","document","implemented","GET /v1/process-core/coverage","docs/architecture/nodes/generated/API-AUTO-0170.md","Docs Memory Lead","docs/architecture/nodes/generated/API-AUTO-0170.md"
"document:get-v1-dashboard-command:b32b11e451","document","implemented","GET /v1/dashboard/command","docs/architecture/nodes/generated/API-DASHBOARD-COMMAND.md","Docs Memory Lead","docs/architecture/nodes/generated/API-DASHBOARD-COMMAND.md"
"document:post-v1-departments:f057e948ca","document","implemented","POST /v1/departments","docs/architecture/nodes/generated/API-DEPARTMENTS-CREATE.md","Docs Memory Lead","docs/architecture/nodes/generated/API-DEPARTMENTS-CREATE.md"
"document:get-v1-departments:3eee62ca7d","document","implemented","GET /v1/departments","docs/architecture/nodes/generated/API-DEPARTMENTS-LIST.md","Docs Memory Lead","docs/architecture/nodes/generated/API-DEPARTMENTS-LIST.md"
"document:patch-v1-departments-id:ed815f078d","document","implemented","PATCH /v1/departments/:id","docs/architecture/nodes/generated/API-DEPARTMENTS-UPDATE.md","Docs Memory Lead","docs/architecture/nodes/generated/API-DEPARTMENTS-UPDATE.md"
"document:post-v1-operations-work-items:1aa12e0733","document","implemented","POST /v1/operations/work-items","docs/architecture/nodes/generated/API-OPERATIONS-CREATE-WORK-ITEM.md","Docs Memory Lead","docs/architecture/nodes/generated/API-OPERATIONS-CREATE-WORK-ITEM.md"
"document:patch-v1-operations-work-items-id:83e2fd83a6","document","implemented","PATCH /v1/operations/work-items/:id","docs/architecture/nodes/generated/API-OPERATIONS-UPDATE-WORK-ITEM.md","Docs Memory Lead","docs/architecture/nodes/generated/API-OPERATIONS-UPDATE-WORK-ITEM.md"
"document:get-v1-operations-work-items:5562fb788b","document","implemented","GET /v1/operations/work-items","docs/architecture/nodes/generated/API-OPERATIONS-WORK-ITEMS.md","Docs Memory Lead","docs/architecture/nodes/generated/API-OPERATIONS-WORK-ITEMS.md"
"document:get-v1-workforce:4408d67f49","document","implemented","GET /v1/workforce","docs/architecture/nodes/generated/API-WORKFORCE-LIST.md","Docs Memory Lead","docs/architecture/nodes/generated/API-WORKFORCE-LIST.md"
"document:clickup-client:921c705e28","document","implemented","Clickup.Client","docs/architecture/nodes/generated/CLS-AUTO-0001.md","Docs Memory Lead","docs/architecture/nodes/generated/CLS-AUTO-0001.md"
"document:errors:3c1f230b6b","document","implemented","Errors","docs/architecture/nodes/generated/CLS-AUTO-0002.md","Docs Memory Lead","docs/architecture/nodes/generated/CLS-AUTO-0002.md"
"document:google-drive-client:99b9b60f85","document","implemented","Google Drive.Client","docs/architecture/nodes/generated/CLS-AUTO-0003.md","Docs Memory Lead","docs/architecture/nodes/generated/CLS-AUTO-0003.md"
"document:client:3d3b77b40b","document","implemented","Client","docs/architecture/nodes/generated/CLS-AUTO-0004.md","Docs Memory Lead","docs/architecture/nodes/generated/CLS-AUTO-0004.md"
"document:assetsroute-component:926d9a1886","document","implemented","AssetsRoute component","docs/architecture/nodes/generated/COMP-ASSETS-ROUTE.md","Docs Memory Lead","docs/architecture/nodes/generated/COMP-ASSETS-ROUTE.md"
"document:ccdatatable-component:a1c691e020","document","implemented","CcDataTable component","docs/architecture/nodes/generated/COMP-CC-DATA-TABLE.md","Docs Memory Lead","docs/architecture/nodes/generated/COMP-CC-DATA-TABLE.md"
"document:generaldashboard-component:8d09180e87","document","implemented","GeneralDashboard component","docs/architecture/nodes/generated/COMP-GENERAL-DASHBOARD.md","Docs Memory Lead","docs/architecture/nodes/generated/COMP-GENERAL-DASHBOARD.md"
"document:managementroute-component:fc4dbcbdd8","document","implemented","ManagementRoute component","docs/architecture/nodes/generated/COMP-MANAGEMENT-ROUTE.md","Docs Memory Lead","docs/architecture/nodes/generated/COMP-MANAGEMENT-ROUTE.md"
"document:operationsroute-component:a7bf53476c","document","implemented","OperationsRoute component","docs/architecture/nodes/generated/COMP-OPERATIONS-ROUTE.md","Docs Memory Lead","docs/architecture/nodes/generated/COMP-OPERATIONS-ROUTE.md"
"document:peopleagentsroute-component:d61ff4b124","document","implemented","PeopleAgentsRoute component","docs/architecture/nodes/generated/COMP-PEOPLE-AGENTS-ROUTE.md","Docs Memory Lead","docs/architecture/nodes/generated/COMP-PEOPLE-AGENTS-ROUTE.md"
"document:authenticated-shell-component:a65936ca97","document","implemented","Authenticated Shell component","docs/architecture/nodes/generated/COMP-SHELL.md","Docs Memory Lead","docs/architecture/nodes/generated/COMP-SHELL.md"
"document:package-json-scripts:db131fbecc","document","implemented","package.json scripts","docs/architecture/nodes/generated/CONFIG-PACKAGE-JSON.md","Docs Memory Lead","docs/architecture/nodes/generated/CONFIG-PACKAGE-JSON.md"
"document:clickup-maintenance-scheduler:477b5530e9","document","implemented","Clickup.Maintenance Scheduler","docs/architecture/nodes/generated/CRON-AUTO-0001.md","Docs Memory Lead","docs/architecture/nodes/generated/CRON-AUTO-0001.md"
"document:function-chain-csv:c32e61317d","document","implemented","Function chain CSV","docs/architecture/nodes/generated/CSV-CHAINS.md","Docs Memory Lead","docs/architecture/nodes/generated/CSV-CHAINS.md"
"document:node-registry-csv:ba76f3981d","document","implemented","Node registry CSV","docs/architecture/nodes/generated/CSV-NODES.md","Docs Memory Lead","docs/architecture/nodes/generated/CSV-NODES.md"
"document:dependency-relation-csv:7f2e92b2e9","document","implemented","Dependency relation CSV","docs/architecture/nodes/generated/CSV-RELATIONS.md","Docs Memory Lead","docs/architecture/nodes/generated/CSV-RELATIONS.md"
"document:test-map-csv:02eeb48cf1","document","implemented","Test map CSV","docs/architecture/nodes/generated/CSV-TESTS.md","Docs Memory Lead","docs/architecture/nodes/generated/CSV-TESTS.md"
"document:acceptance-criteria-model:13886f82fd","document","implemented","acceptance_criteria model","docs/architecture/nodes/generated/DB-AUTO-0001.md","Docs Memory Lead","docs/architecture/nodes/generated/DB-AUTO-0001.md"
"document:agent-event-outbox-model:ed353a03a4","document","implemented","agent_event_outbox model","docs/architecture/nodes/generated/DB-AUTO-0002.md","Docs Memory Lead","docs/architecture/nodes/generated/DB-AUTO-0002.md"
"document:agent-logs-model:2ee194fa18","document","implemented","agent_logs model","docs/architecture/nodes/generated/DB-AUTO-0003.md","Docs Memory Lead","docs/architecture/nodes/generated/DB-AUTO-0003.md"
"document:agents-model:cb7c29dea8","document","implemented","agents model","docs/architecture/nodes/generated/DB-AUTO-0004.md","Docs Memory Lead","docs/architecture/nodes/generated/DB-AUTO-0004.md"
"document:api-keys-model:02bff86e2b","document","implemented","api_keys model","docs/architecture/nodes/generated/DB-AUTO-0005.md","Docs Memory Lead","docs/architecture/nodes/generated/DB-AUTO-0005.md"
"document:approvals-model:fb962cf3cd","document","implemented","approvals model","docs/architecture/nodes/generated/DB-AUTO-0006.md","Docs Memory Lead","docs/architecture/nodes/generated/DB-AUTO-0006.md"
"document:artifacts-model:30261cbb05","document","implemented","artifacts model","docs/architecture/nodes/generated/DB-AUTO-0007.md","Docs Memory Lead","docs/architecture/nodes/generated/DB-AUTO-0007.md"
"document:audit-logs-model:35ebf92ba3","document","implemented","audit_logs model","docs/architecture/nodes/generated/DB-AUTO-0008.md","Docs Memory Lead","docs/architecture/nodes/generated/DB-AUTO-0008.md"
"document:automation-definitions-model:15b4171168","document","implemented","automation_definitions model","docs/architecture/nodes/generated/DB-AUTO-0009.md","Docs Memory Lead","docs/architecture/nodes/generated/DB-AUTO-0009.md"
"document:automation-rules-model:513ac21582","document","implemented","automation_rules model","docs/architecture/nodes/generated/DB-AUTO-0010.md","Docs Memory Lead","docs/architecture/nodes/generated/DB-AUTO-0010.md"
"document:business-functions-model:36ebbf604e","document","implemented","business_functions model","docs/architecture/nodes/generated/DB-AUTO-0011.md","Docs Memory Lead","docs/architecture/nodes/generated/DB-AUTO-0011.md"
"document:checklist-items-model:3116555902","document","implemented","checklist_items model","docs/architecture/nodes/generated/DB-AUTO-0012.md","Docs Memory Lead","docs/architecture/nodes/generated/DB-AUTO-0012.md"
"document:checklist-templates-model:05ec497598","document","implemented","checklist_templates model","docs/architecture/nodes/generated/DB-AUTO-0013.md","Docs Memory Lead","docs/architecture/nodes/generated/DB-AUTO-0013.md"
"document:clients-model:68c6d8818b","document","implemented","clients model","docs/architecture/nodes/generated/DB-AUTO-0014.md","Docs Memory Lead","docs/architecture/nodes/generated/DB-AUTO-0014.md"
"document:company-roles-model:4fbf469048","document","implemented","company_roles model","docs/architecture/nodes/generated/DB-AUTO-0015.md","Docs Memory Lead","docs/architecture/nodes/generated/DB-AUTO-0015.md"
"document:controls-model:4add8d36bc","document","implemented","controls model","docs/architecture/nodes/generated/DB-AUTO-0016.md","Docs Memory Lead","docs/architecture/nodes/generated/DB-AUTO-0016.md"
"document:deals-model:c3b2988999","document","implemented","deals model","docs/architecture/nodes/generated/DB-AUTO-0017.md","Docs Memory Lead","docs/architecture/nodes/generated/DB-AUTO-0017.md"
"document:decision-logs-model:ff6e7581b0","document","implemented","decision_logs model","docs/architecture/nodes/generated/DB-AUTO-0018.md","Docs Memory Lead","docs/architecture/nodes/generated/DB-AUTO-0018.md"
"document:decisions-model:67ce0b7aab","document","implemented","decisions model","docs/architecture/nodes/generated/DB-AUTO-0019.md","Docs Memory Lead","docs/architecture/nodes/generated/DB-AUTO-0019.md"
"document:dependencies-model:dcedb370d9","document","implemented","dependencies model","docs/architecture/nodes/generated/DB-AUTO-0020.md","Docs Memory Lead","docs/architecture/nodes/generated/DB-AUTO-0020.md"
"document:events-model:ad16fd0164","document","implemented","events model","docs/architecture/nodes/generated/DB-AUTO-0021.md","Docs Memory Lead","docs/architecture/nodes/generated/DB-AUTO-0021.md"
"document:external-container-mappings-model:853a0708e7","document","implemented","external_container_mappings model","docs/architecture/nodes/generated/DB-AUTO-0022.md","Docs Memory Lead","docs/architecture/nodes/generated/DB-AUTO-0022.md"
"document:external-field-mappings-model:9fd7f8fc3e","document","implemented","external_field_mappings model","docs/architecture/nodes/generated/DB-AUTO-0023.md","Docs Memory Lead","docs/architecture/nodes/generated/DB-AUTO-0023.md"
"document:external-webhook-registrations-model:467b9a640c","document","implemented","external_webhook_registrations model","docs/architecture/nodes/generated/DB-AUTO-0024.md","Docs Memory Lead","docs/architecture/nodes/generated/DB-AUTO-0024.md"
"document:goals-model:229e0b8194","document","implemented","goals model","docs/architecture/nodes/generated/DB-AUTO-0025.md","Docs Memory Lead","docs/architecture/nodes/generated/DB-AUTO-0025.md"
"document:google-drive-content-snapshots-model:9af6b5d255","document","implemented","google_drive_content_snapshots model","docs/architecture/nodes/generated/DB-AUTO-0026.md","Docs Memory Lead","docs/architecture/nodes/generated/DB-AUTO-0026.md"
"document:integration-capabilities-model:af41cef9e0","document","implemented","integration_capabilities model","docs/architecture/nodes/generated/DB-AUTO-0027.md","Docs Memory Lead","docs/architecture/nodes/generated/DB-AUTO-0027.md"
"document:integration-settings-model:064e4fc640","document","implemented","integration_settings model","docs/architecture/nodes/generated/DB-AUTO-0028.md","Docs Memory Lead","docs/architecture/nodes/generated/DB-AUTO-0028.md"
"document:interactions-model:680b41b50c","document","implemented","interactions model","docs/architecture/nodes/generated/DB-AUTO-0029.md","Docs Memory Lead","docs/architecture/nodes/generated/DB-AUTO-0029.md"
"document:knowledge-items-model:5878881391","document","implemented","knowledge_items model","docs/architecture/nodes/generated/DB-AUTO-0030.md","Docs Memory Lead","docs/architecture/nodes/generated/DB-AUTO-0030.md"
"document:knowledge-roots-model:f21881b86f","document","implemented","knowledge_roots model","docs/architecture/nodes/generated/DB-AUTO-0031.md","Docs Memory Lead","docs/architecture/nodes/generated/DB-AUTO-0031.md"
"document:metrics-model:218cdd6591","document","implemented","metrics model","docs/architecture/nodes/generated/DB-AUTO-0032.md","Docs Memory Lead","docs/architecture/nodes/generated/DB-AUTO-0032.md"
"document:notes-model:f1f8171dd1","document","implemented","notes model","docs/architecture/nodes/generated/DB-AUTO-0033.md","Docs Memory Lead","docs/architecture/nodes/generated/DB-AUTO-0033.md"
"document:operating-areas-model:f5133304a3","document","implemented","operating_areas model","docs/architecture/nodes/generated/DB-AUTO-0034.md","Docs Memory Lead","docs/architecture/nodes/generated/DB-AUTO-0034.md"
"document:operating-folders-model:c2ef9b70f3","document","implemented","operating_folders model","docs/architecture/nodes/generated/DB-AUTO-0035.md","Docs Memory Lead","docs/architecture/nodes/generated/DB-AUTO-0035.md"
"document:operating-tables-model:6d36c672dd","document","implemented","operating_tables model","docs/architecture/nodes/generated/DB-AUTO-0036.md","Docs Memory Lead","docs/architecture/nodes/generated/DB-AUTO-0036.md"
"document:pipeline-runs-model:91d21c7966","document","implemented","pipeline_runs model","docs/architecture/nodes/generated/DB-AUTO-0037.md","Docs Memory Lead","docs/architecture/nodes/generated/DB-AUTO-0037.md"
"document:pipeline-stages-model:bfa0c0367a","document","implemented","pipeline_stages model","docs/architecture/nodes/generated/DB-AUTO-0038.md","Docs Memory Lead","docs/architecture/nodes/generated/DB-AUTO-0038.md"
"document:pipelines-model:ca10369ea9","document","implemented","pipelines model","docs/architecture/nodes/generated/DB-AUTO-0039.md","Docs Memory Lead","docs/architecture/nodes/generated/DB-AUTO-0039.md"
"document:policies-model:690753b144","document","implemented","policies model","docs/architecture/nodes/generated/DB-AUTO-0040.md","Docs Memory Lead","docs/architecture/nodes/generated/DB-AUTO-0040.md"
"document:procedure-steps-model:1ab0e8bea3","document","implemented","procedure_steps model","docs/architecture/nodes/generated/DB-AUTO-0041.md","Docs Memory Lead","docs/architecture/nodes/generated/DB-AUTO-0041.md"
"document:procedures-model:a5acad74e8","document","implemented","procedures model","docs/architecture/nodes/generated/DB-AUTO-0042.md","Docs Memory Lead","docs/architecture/nodes/generated/DB-AUTO-0042.md"
"document:processes-model:8823cf557b","document","implemented","processes model","docs/architecture/nodes/generated/DB-AUTO-0043.md","Docs Memory Lead","docs/architecture/nodes/generated/DB-AUTO-0043.md"
"document:projects-model:71456ff24e","document","implemented","projects model","docs/architecture/nodes/generated/DB-AUTO-0044.md","Docs Memory Lead","docs/architecture/nodes/generated/DB-AUTO-0044.md"
"document:provider-event-inbox-model:fc779a8f61","document","implemented","provider_event_inbox model","docs/architecture/nodes/generated/DB-AUTO-0045.md","Docs Memory Lead","docs/architecture/nodes/generated/DB-AUTO-0045.md"
"document:resources-model:b1b306d12a","document","implemented","resources model","docs/architecture/nodes/generated/DB-AUTO-0046.md","Docs Memory Lead","docs/architecture/nodes/generated/DB-AUTO-0046.md"
"document:risks-model:f18670d0fa","document","implemented","risks model","docs/architecture/nodes/generated/DB-AUTO-0047.md","Docs Memory Lead","docs/architecture/nodes/generated/DB-AUTO-0047.md"
"document:stage-runs-model:d3f6cdf8bb","document","implemented","stage_runs model","docs/architecture/nodes/generated/DB-AUTO-0048.md","Docs Memory Lead","docs/architecture/nodes/generated/DB-AUTO-0048.md"
"document:stakeholders-model:2f144bf8d1","document","implemented","stakeholders model","docs/architecture/nodes/generated/DB-AUTO-0049.md","Docs Memory Lead","docs/architecture/nodes/generated/DB-AUTO-0049.md"
"document:standards-model:0b72420ff3","document","implemented","standards model","docs/architecture/nodes/generated/DB-AUTO-0050.md","Docs Memory Lead","docs/architecture/nodes/generated/DB-AUTO-0050.md"
"document:storage-locations-model:c9e6e0d7a5","document","implemented","storage_locations model","docs/architecture/nodes/generated/DB-AUTO-0051.md","Docs Memory Lead","docs/architecture/nodes/generated/DB-AUTO-0051.md"
"document:targets-model:2e8da0b617","document","implemented","targets model","docs/architecture/nodes/generated/DB-AUTO-0052.md","Docs Memory Lead","docs/architecture/nodes/generated/DB-AUTO-0052.md"
"document:task-lists-model:13851b5655","document","implemented","task_lists model","docs/architecture/nodes/generated/DB-AUTO-0053.md","Docs Memory Lead","docs/architecture/nodes/generated/DB-AUTO-0053.md"
"document:tool-adapters-model:a4dfe2360c","document","implemented","tool_adapters model","docs/architecture/nodes/generated/DB-AUTO-0054.md","Docs Memory Lead","docs/architecture/nodes/generated/DB-AUTO-0054.md"
"document:triggers-model:ac6a6941e7","document","implemented","triggers model","docs/architecture/nodes/generated/DB-AUTO-0055.md","Docs Memory Lead","docs/architecture/nodes/generated/DB-AUTO-0055.md"
"document:users-model:da24823325","document","implemented","users model","docs/architecture/nodes/generated/DB-AUTO-0056.md","Docs Memory Lead","docs/architecture/nodes/generated/DB-AUTO-0056.md"
"document:workspace-memberships-model:1a85449f7a","document","implemented","workspace_memberships model","docs/architecture/nodes/generated/DB-AUTO-0057.md","Docs Memory Lead","docs/architecture/nodes/generated/DB-AUTO-0057.md"
"document:workspaces-model:fcee4795e7","document","implemented","workspaces model","docs/architecture/nodes/generated/DB-AUTO-0058.md","Docs Memory Lead","docs/architecture/nodes/generated/DB-AUTO-0058.md"
"document:pipeline-run-task-links-model:1a2d963bb2","document","implemented","pipeline_run_task_links model","docs/architecture/nodes/generated/DB-AUTO-0059.md","Docs Memory Lead","docs/architecture/nodes/generated/DB-AUTO-0059.md"
"document:knowledge-links-model:2ae82ff48c","document","implemented","knowledge_links model","docs/architecture/nodes/generated/DB-AUTO-0060.md","Docs Memory Lead","docs/architecture/nodes/generated/DB-AUTO-0060.md"
"document:google-drive-files-model:9a1fea058f","document","implemented","google_drive_files model","docs/architecture/nodes/generated/DB-GOOGLE-DRIVE-FILE.md","Docs Memory Lead","docs/architecture/nodes/generated/DB-GOOGLE-DRIVE-FILE.md"
"document:task-model:0821f0bd95","document","implemented","Task model","docs/architecture/nodes/generated/DB-TASK.md","Docs Memory Lead","docs/architecture/nodes/generated/DB-TASK.md"
"document:workforce-entities-model:4b76d35d7f","document","implemented","workforce_entities model","docs/architecture/nodes/generated/DB-WORKFORCE-ENTITY.md","Docs Memory Lead","docs/architecture/nodes/generated/DB-WORKFORCE-ENTITY.md"
"document:workspace-departments-model:27e86c0e9c","document","implemented","workspace_departments model","docs/architecture/nodes/generated/DB-WORKSPACE-DEPARTMENTS.md","Docs Memory Lead","docs/architecture/nodes/generated/DB-WORKSPACE-DEPARTMENTS.md"
"document:architecture-evidence-source-doc:1c50446955","document","implemented","Architecture evidence source doc","docs/architecture/nodes/generated/DOC-ARCH-EVIDENCE-SYSTEM.md","Docs Memory Lead","docs/architecture/nodes/generated/DOC-ARCH-EVIDENCE-SYSTEM.md"
"document:architecture-readme:7af3bff899","document","implemented","Architecture README","docs/architecture/nodes/generated/DOC-ARCH-README.md","Docs Memory Lead","docs/architecture/nodes/generated/DOC-ARCH-README.md"
"document:architecture-source-of-truth:869628df31","document","implemented","Architecture source of truth","docs/architecture/nodes/generated/DOC-ARCH-SOURCE-OF-TRUTH.md","Docs Memory Lead","docs/architecture/nodes/generated/DOC-ARCH-SOURCE-OF-TRUTH.md"
"document:assets-context-task-contract:6168923e2f","document","implemented","Assets context task contract","docs/architecture/nodes/generated/DOC-ASSETS-CONTEXT-CONTRACT.md","Docs Memory Lead","docs/architecture/nodes/generated/DOC-ASSETS-CONTEXT-CONTRACT.md"
"document:dashboard-operations-workforce-foundation-contract:4633ca5bcc","document","implemented","Dashboard operations workforce foundation contract","docs/architecture/nodes/generated/DOC-DASHBOARD-CONTRACT.md","Docs Memory Lead","docs/architecture/nodes/generated/DOC-DASHBOARD-CONTRACT.md"
"document:design-memory:702ecb623a","document","implemented","Design memory","docs/architecture/nodes/generated/DOC-DESIGN-MEMORY.md","Docs Memory Lead","docs/architecture/nodes/generated/DOC-DESIGN-MEMORY.md"
"document:department-management-systems-architecture:debe32f959","document","implemented","Department management systems architecture","docs/architecture/nodes/generated/DOC-DMS-ARCH.md","Docs Memory Lead","docs/architecture/nodes/generated/DOC-DMS-ARCH.md"
"document:management-department-catalog-task-contract:43090e7eab","document","implemented","Management department catalog task contract","docs/architecture/nodes/generated/DOC-MGMT-DEPT-CONTRACT.md","Docs Memory Lead","docs/architecture/nodes/generated/DOC-MGMT-DEPT-CONTRACT.md"
"document:operations-agent-runtime-coverage-ledger:3913973e92","document","implemented","Operations agent runtime coverage ledger","docs/architecture/nodes/generated/DOC-OPS-AGENT-RUNTIME-LEDGER.md","Docs Memory Lead","docs/architecture/nodes/generated/DOC-OPS-AGENT-RUNTIME-LEDGER.md"
"document:operations-foundation-task-contract:bfeec82a4a","document","implemented","Operations foundation task contract","docs/architecture/nodes/generated/DOC-OPS-WORK-ITEM-CONTRACT.md","Docs Memory Lead","docs/architecture/nodes/generated/DOC-OPS-WORK-ITEM-CONTRACT.md"
"document:people-agents-premium-ux-contract:b60f05b75e","document","implemented","People/Agents premium UX contract","docs/architecture/nodes/generated/DOC-PEOPLE-AGENTS-CONTRACT.md","Docs Memory Lead","docs/architecture/nodes/generated/DOC-PEOPLE-AGENTS-CONTRACT.md"
"document:shared-managed-table-task-contract:ad11b2fec1","document","implemented","Shared managed table task contract","docs/architecture/nodes/generated/DOC-SHARED-TABLE-CONTRACT.md","Docs Memory Lead","docs/architecture/nodes/generated/DOC-SHARED-TABLE-CONTRACT.md"
"document:testing-documentation:c36a5b88ef","document","implemented","Testing documentation","docs/architecture/nodes/generated/DOC-TESTING.md","Docs Memory Lead","docs/architecture/nodes/generated/DOC-TESTING.md"
"document:unified-organizational-operating-system-architecture:2b9c2f2170","document","implemented","Unified organizational operating system architecture","docs/architecture/nodes/generated/DOC-UNIFIED-ORG.md","Docs Memory Lead","docs/architecture/nodes/generated/DOC-UNIFIED-ORG.md"
"document:web-layer-react-ownership:a151a885bf","document","implemented","Web layer React ownership","docs/architecture/nodes/generated/DOC-WEB-LAYER-OWNERSHIP.md","Docs Memory Lead","docs/architecture/nodes/generated/DOC-WEB-LAYER-OWNERSHIP.md"
"document:operations-work-item-created:e2303f14c1","document","implemented","operations_work_item_created","docs/architecture/nodes/generated/EVENT-OPERATIONS-WORK-ITEM-CREATED.md","Docs Memory Lead","docs/architecture/nodes/generated/EVENT-OPERATIONS-WORK-ITEM-CREATED.md"
"document:paperclip-agent-config-sync-requested:71d452a382","document","implemented","paperclip_agent_config_sync_requested","docs/architecture/nodes/generated/EVENT-PAPERCLIP-SYNC-REQUESTED.md","Docs Memory Lead","docs/architecture/nodes/generated/EVENT-PAPERCLIP-SYNC-REQUESTED.md"
"document:architecture-evidence-system:780cdf55cd","document","implemented","Architecture Evidence System","docs/architecture/nodes/generated/FEAT-ARCH-EVIDENCE-SYSTEM.md","Docs Memory Lead","docs/architecture/nodes/generated/FEAT-ARCH-EVIDENCE-SYSTEM.md"
"document:assets-context-workbench:254e824cea","document","implemented","Assets Context Workbench","docs/architecture/nodes/generated/FEAT-ASSETS-CONTEXT.md","Docs Memory Lead","docs/architecture/nodes/generated/FEAT-ASSETS-CONTEXT.md"
"document:agent-events-coverage-expansion:e7bfd2fe67","document","implemented","Agent Events Coverage Expansion","docs/architecture/nodes/generated/FEAT-AUTO-0001.md","Docs Memory Lead","docs/architecture/nodes/generated/FEAT-AUTO-0001.md"
"document:agent-logs-coverage-expansion:3f56f225d3","document","implemented","Agent Logs Coverage Expansion","docs/architecture/nodes/generated/FEAT-AUTO-0002.md","Docs Memory Lead","docs/architecture/nodes/generated/FEAT-AUTO-0002.md"
"document:agents-coverage-expansion:0fdda69aa1","document","implemented","Agents Coverage Expansion","docs/architecture/nodes/generated/FEAT-AUTO-0003.md","Docs Memory Lead","docs/architecture/nodes/generated/FEAT-AUTO-0003.md"
"document:clients-coverage-expansion:355fcd5c44","document","implemented","Clients Coverage Expansion","docs/architecture/nodes/generated/FEAT-AUTO-0004.md","Docs Memory Lead","docs/architecture/nodes/generated/FEAT-AUTO-0004.md"
"document:commercial-exceptions-coverage-expansion:531ff73757","document","implemented","Commercial Exceptions Coverage Expansion","docs/architecture/nodes/generated/FEAT-AUTO-0005.md","Docs Memory Lead","docs/architecture/nodes/generated/FEAT-AUTO-0005.md"
"document:company-os-coverage-expansion:f8e2a73449","document","implemented","Company Os Coverage Expansion","docs/architecture/nodes/generated/FEAT-AUTO-0006.md","Docs Memory Lead","docs/architecture/nodes/generated/FEAT-AUTO-0006.md"
"document:connection-coverage-expansion:0222ef61e8","document","implemented","Connection Coverage Expansion","docs/architecture/nodes/generated/FEAT-AUTO-0007.md","Docs Memory Lead","docs/architecture/nodes/generated/FEAT-AUTO-0007.md"
"document:deals-coverage-expansion:0db07a2e19","document","implemented","Deals Coverage Expansion","docs/architecture/nodes/generated/FEAT-AUTO-0008.md","Docs Memory Lead","docs/architecture/nodes/generated/FEAT-AUTO-0008.md"
"document:decisions-coverage-expansion:44c3ae195e","document","implemented","Decisions Coverage Expansion","docs/architecture/nodes/generated/FEAT-AUTO-0009.md","Docs Memory Lead","docs/architecture/nodes/generated/FEAT-AUTO-0009.md"
"document:events-coverage-expansion:7365d41bb3","document","implemented","Events Coverage Expansion","docs/architecture/nodes/generated/FEAT-AUTO-0010.md","Docs Memory Lead","docs/architecture/nodes/generated/FEAT-AUTO-0010.md"
"document:finance-coverage-expansion:d3237a1de3","document","implemented","Finance Coverage Expansion","docs/architecture/nodes/generated/FEAT-AUTO-0011.md","Docs Memory Lead","docs/architecture/nodes/generated/FEAT-AUTO-0011.md"
"document:goals-coverage-expansion:4df024eae3","document","implemented","Goals Coverage Expansion","docs/architecture/nodes/generated/FEAT-AUTO-0012.md","Docs Memory Lead","docs/architecture/nodes/generated/FEAT-AUTO-0012.md"
"document:google-drive-coverage-expansion:78b439c41a","document","implemented","Google Drive Coverage Expansion","docs/architecture/nodes/generated/FEAT-AUTO-0013.md","Docs Memory Lead","docs/architecture/nodes/generated/FEAT-AUTO-0013.md"
"document:intake-coverage-expansion:b8a37d4e36","document","implemented","Intake Coverage Expansion","docs/architecture/nodes/generated/FEAT-AUTO-0014.md","Docs Memory Lead","docs/architecture/nodes/generated/FEAT-AUTO-0014.md"
"document:integration-settings-coverage-expansion:4cecd2cb5b","document","implemented","Integration Settings Coverage Expansion","docs/architecture/nodes/generated/FEAT-AUTO-0015.md","Docs Memory Lead","docs/architecture/nodes/generated/FEAT-AUTO-0015.md"
"document:interactions-coverage-expansion:50040c7a2a","document","implemented","Interactions Coverage Expansion","docs/architecture/nodes/generated/FEAT-AUTO-0016.md","Docs Memory Lead","docs/architecture/nodes/generated/FEAT-AUTO-0016.md"
"document:mcp-coverage-expansion:c93cf75af7","document","implemented","Mcp Coverage Expansion","docs/architecture/nodes/generated/FEAT-AUTO-0017.md","Docs Memory Lead","docs/architecture/nodes/generated/FEAT-AUTO-0017.md"
"document:notes-coverage-expansion:1e3b74e20f","document","implemented","Notes Coverage Expansion","docs/architecture/nodes/generated/FEAT-AUTO-0018.md","Docs Memory Lead","docs/architecture/nodes/generated/FEAT-AUTO-0018.md"
"document:operating-graph-coverage-expansion:785af71148","document","implemented","Operating Graph Coverage Expansion","docs/architecture/nodes/generated/FEAT-AUTO-0019.md","Docs Memory Lead","docs/architecture/nodes/generated/FEAT-AUTO-0019.md"
"document:operating-model-coverage-expansion:552fc3aa78","document","implemented","Operating Model Coverage Expansion","docs/architecture/nodes/generated/FEAT-AUTO-0020.md","Docs Memory Lead","docs/architecture/nodes/generated/FEAT-AUTO-0020.md"
"document:pipeline-stages-coverage-expansion:fe8aa7175b","document","implemented","Pipeline Stages Coverage Expansion","docs/architecture/nodes/generated/FEAT-AUTO-0021.md","Docs Memory Lead","docs/architecture/nodes/generated/FEAT-AUTO-0021.md"
"document:projects-coverage-expansion:034650f7d8","document","implemented","Projects Coverage Expansion","docs/architecture/nodes/generated/FEAT-AUTO-0022.md","Docs Memory Lead","docs/architecture/nodes/generated/FEAT-AUTO-0022.md"
"document:relationships-coverage-expansion:00b036db2f","document","implemented","Relationships Coverage Expansion","docs/architecture/nodes/generated/FEAT-AUTO-0023.md","Docs Memory Lead","docs/architecture/nodes/generated/FEAT-AUTO-0023.md"
"document:sales-coverage-expansion:555eebf889","document","implemented","Sales Coverage Expansion","docs/architecture/nodes/generated/FEAT-AUTO-0024.md","Docs Memory Lead","docs/architecture/nodes/generated/FEAT-AUTO-0024.md"
"document:strategy-coverage-expansion:590145a4a0","document","implemented","Strategy Coverage Expansion","docs/architecture/nodes/generated/FEAT-AUTO-0025.md","Docs Memory Lead","docs/architecture/nodes/generated/FEAT-AUTO-0025.md"
"document:targets-coverage-expansion:3183f26e16","document","implemented","Targets Coverage Expansion","docs/architecture/nodes/generated/FEAT-AUTO-0026.md","Docs Memory Lead","docs/architecture/nodes/generated/FEAT-AUTO-0026.md"
"document:task-lists-coverage-expansion:1c6d4264ea","document","implemented","Task Lists Coverage Expansion","docs/architecture/nodes/generated/FEAT-AUTO-0027.md","Docs Memory Lead","docs/architecture/nodes/generated/FEAT-AUTO-0027.md"
"document:tasks-coverage-expansion:006ad5942c","document","implemented","Tasks Coverage Expansion","docs/architecture/nodes/generated/FEAT-AUTO-0028.md","Docs Memory Lead","docs/architecture/nodes/generated/FEAT-AUTO-0028.md"
"document:process-core-coverage-expansion:f4a02f52aa","document","implemented","Process Core Coverage Expansion","docs/architecture/nodes/generated/FEAT-AUTO-0029.md","Docs Memory Lead","docs/architecture/nodes/generated/FEAT-AUTO-0029.md"
"document:dashboard-command-packet:dc4e8c57d2","document","implemented","Dashboard Command Packet","docs/architecture/nodes/generated/FEAT-DASHBOARD-COMMAND.md","Docs Memory Lead","docs/architecture/nodes/generated/FEAT-DASHBOARD-COMMAND.md"
"document:shared-managed-table:dbf51df3c1","document","implemented","Shared Managed Table","docs/architecture/nodes/generated/FEAT-MANAGED-TABLE.md","Docs Memory Lead","docs/architecture/nodes/generated/FEAT-MANAGED-TABLE.md"
"document:management-department-catalog:9c41799a97","document","implemented","Management Department Catalog","docs/architecture/nodes/generated/FEAT-MGMT-DEPT-CATALOG.md","Docs Memory Lead","docs/architecture/nodes/generated/FEAT-MGMT-DEPT-CATALOG.md"
"document:operations-work-items:e544859b4b","document","implemented","Operations Work Items","docs/architecture/nodes/generated/FEAT-OPERATIONS-WORK-ITEMS.md","Docs Memory Lead","docs/architecture/nodes/generated/FEAT-OPERATIONS-WORK-ITEMS.md"
"document:people-and-agents-directory:36e6c24dff","document","implemented","People and Agents Directory","docs/architecture/nodes/generated/FEAT-PEOPLE-AGENTS-DIRECTORY.md","Docs Memory Lead","docs/architecture/nodes/generated/FEAT-PEOPLE-AGENTS-DIRECTORY.md"
"document:riskrank:48f77f7b78","document","implemented","riskRank","docs/architecture/nodes/generated/FUNC-DASHBOARD-RISK-RANK.md","Docs Memory Lead","docs/architecture/nodes/generated/FUNC-DASHBOARD-RISK-RANK.md"
"document:ensuredefaultdepartments:8e7ed13cf8","document","implemented","ensureDefaultDepartments","docs/architecture/nodes/generated/FUNC-ENSURE-DEFAULT-DEPARTMENTS.md","Docs Memory Lead","docs/architecture/nodes/generated/FUNC-ENSURE-DEFAULT-DEPARTMENTS.md"
"document:generatearchitecturegraph:dc04b5ef1b","document","implemented","generateArchitectureGraph","docs/architecture/nodes/generated/FUNC-GENERATE-ARCH-GRAPH.md","Docs Memory Lead","docs/architecture/nodes/generated/FUNC-GENERATE-ARCH-GRAPH.md"
"document:serializedepartment:37c58b2954","document","implemented","serializeDepartment","docs/architecture/nodes/generated/FUNC-SERIALIZE-DEPARTMENT.md","Docs Memory Lead","docs/architecture/nodes/generated/FUNC-SERIALIZE-DEPARTMENT.md"
"document:visibleworkitemrelations:85a01aa237","document","implemented","visibleWorkItemRelations","docs/architecture/nodes/generated/FUNC-VISIBLE-WORK-ITEM-RELATIONS.md","Docs Memory Lead","docs/architecture/nodes/generated/FUNC-VISIBLE-WORK-ITEM-RELATIONS.md"
"document:use-owner-packet:32c633bef8","document","implemented","Use Owner Packet","docs/architecture/nodes/generated/HOOK-AUTO-0001.md","Docs Memory Lead","docs/architecture/nodes/generated/HOOK-AUTO-0001.md"
"document:clickup-client:eae5ec3dac","document","implemented","Clickup.Client","docs/architecture/nodes/generated/INT-AUTO-0001.md","Docs Memory Lead","docs/architecture/nodes/generated/INT-AUTO-0001.md"
"document:clickup-maintenance-scheduler:57c62aeb4b","document","implemented","Clickup.Maintenance Scheduler","docs/architecture/nodes/generated/INT-AUTO-0002.md","Docs Memory Lead","docs/architecture/nodes/generated/INT-AUTO-0002.md"
"document:clickup-mapper:3e147de5ac","document","implemented","Clickup.Mapper","docs/architecture/nodes/generated/INT-AUTO-0003.md","Docs Memory Lead","docs/architecture/nodes/generated/INT-AUTO-0003.md"
"document:clickup-sync:d557b99177","document","implemented","Clickup.Sync","docs/architecture/nodes/generated/INT-AUTO-0004.md","Docs Memory Lead","docs/architecture/nodes/generated/INT-AUTO-0004.md"
"document:clickup-webhooks:7b652c9063","document","implemented","Clickup.Webhooks","docs/architecture/nodes/generated/INT-AUTO-0005.md","Docs Memory Lead","docs/architecture/nodes/generated/INT-AUTO-0005.md"
"document:webhook-signature:37d83e3bae","document","implemented","Webhook Signature","docs/architecture/nodes/generated/INT-AUTO-0006.md","Docs Memory Lead","docs/architecture/nodes/generated/INT-AUTO-0006.md"
"document:errors:e24da99501","document","implemented","Errors","docs/architecture/nodes/generated/INT-AUTO-0007.md","Docs Memory Lead","docs/architecture/nodes/generated/INT-AUTO-0007.md"
"document:google-drive-auth:0ead918d86","document","implemented","Google Drive.Auth","docs/architecture/nodes/generated/INT-AUTO-0008.md","Docs Memory Lead","docs/architecture/nodes/generated/INT-AUTO-0008.md"
"document:google-drive-client:897ca59766","document","implemented","Google Drive.Client","docs/architecture/nodes/generated/INT-AUTO-0009.md","Docs Memory Lead","docs/architecture/nodes/generated/INT-AUTO-0009.md"
"document:google-drive-content:f07acd9cea","document","implemented","Google Drive.Content","docs/architecture/nodes/generated/INT-AUTO-0010.md","Docs Memory Lead","docs/architecture/nodes/generated/INT-AUTO-0010.md"
"document:google-drive-sync:c5c94bd078","document","implemented","Google Drive.Sync","docs/architecture/nodes/generated/INT-AUTO-0011.md","Docs Memory Lead","docs/architecture/nodes/generated/INT-AUTO-0011.md"
"document:integration-settings-service:a19c08b680","document","implemented","Integration Settings.Service","docs/architecture/nodes/generated/INT-AUTO-0012.md","Docs Memory Lead","docs/architecture/nodes/generated/INT-AUTO-0012.md"
"document:secrets:6d9c5eb0e8","document","implemented","Secrets","docs/architecture/nodes/generated/INT-AUTO-0013.md","Docs Memory Lead","docs/architecture/nodes/generated/INT-AUTO-0013.md"
"document:public-layout:c3e3b718de","document","implemented","Public Layout","docs/architecture/nodes/generated/LAY-AUTO-0001.md","Docs Memory Lead","docs/architecture/nodes/generated/LAY-AUTO-0001.md"
"document:shell:dbc6b51ec1","document","implemented","Shell","docs/architecture/nodes/generated/LAY-AUTO-0002.md","Docs Memory Lead","docs/architecture/nodes/generated/LAY-AUTO-0002.md"
"document:migration:e063e80e43","document","implemented","Migration","docs/architecture/nodes/generated/MIG-AUTO-0001.md","Docs Memory Lead","docs/architecture/nodes/generated/MIG-AUTO-0001.md"
"document:migration:f677269dfc","document","implemented","Migration","docs/architecture/nodes/generated/MIG-AUTO-0002.md","Docs Memory Lead","docs/architecture/nodes/generated/MIG-AUTO-0002.md"
"document:migration:977573f012","document","implemented","Migration","docs/architecture/nodes/generated/MIG-AUTO-0003.md","Docs Memory Lead","docs/architecture/nodes/generated/MIG-AUTO-0003.md"
"document:migration:593d4488bd","document","implemented","Migration","docs/architecture/nodes/generated/MIG-AUTO-0004.md","Docs Memory Lead","docs/architecture/nodes/generated/MIG-AUTO-0004.md"
"document:migration:cc140c8c1e","document","implemented","Migration","docs/architecture/nodes/generated/MIG-AUTO-0005.md","Docs Memory Lead","docs/architecture/nodes/generated/MIG-AUTO-0005.md"
"document:migration:168f899a1c","document","implemented","Migration","docs/architecture/nodes/generated/MIG-AUTO-0006.md","Docs Memory Lead","docs/architecture/nodes/generated/MIG-AUTO-0006.md"
"document:migration:bb5b49b4ec","document","implemented","Migration","docs/architecture/nodes/generated/MIG-AUTO-0007.md","Docs Memory Lead","docs/architecture/nodes/generated/MIG-AUTO-0007.md"
"document:migration:efe217da84","document","implemented","Migration","docs/architecture/nodes/generated/MIG-AUTO-0008.md","Docs Memory Lead","docs/architecture/nodes/generated/MIG-AUTO-0008.md"
"document:migration:db79f8e30a","document","implemented","Migration","docs/architecture/nodes/generated/MIG-AUTO-0009.md","Docs Memory Lead","docs/architecture/nodes/generated/MIG-AUTO-0009.md"
"document:migration:ba683087fa","document","implemented","Migration","docs/architecture/nodes/generated/MIG-AUTO-0010.md","Docs Memory Lead","docs/architecture/nodes/generated/MIG-AUTO-0010.md"
"document:migration:f1d037308a","document","implemented","Migration","docs/architecture/nodes/generated/MIG-AUTO-0011.md","Docs Memory Lead","docs/architecture/nodes/generated/MIG-AUTO-0011.md"
"document:migration:5133b665ba","document","implemented","Migration","docs/architecture/nodes/generated/MIG-AUTO-0012.md","Docs Memory Lead","docs/architecture/nodes/generated/MIG-AUTO-0012.md"
"document:migration:fe025e2165","document","implemented","Migration","docs/architecture/nodes/generated/MIG-AUTO-0013.md","Docs Memory Lead","docs/architecture/nodes/generated/MIG-AUTO-0013.md"
"document:migration:3c251f84e1","document","implemented","Migration","docs/architecture/nodes/generated/MIG-AUTO-0014.md","Docs Memory Lead","docs/architecture/nodes/generated/MIG-AUTO-0014.md"
"document:migration:7e5b143870","document","implemented","Migration","docs/architecture/nodes/generated/MIG-AUTO-0015.md","Docs Memory Lead","docs/architecture/nodes/generated/MIG-AUTO-0015.md"
"document:migration:070f417602","document","implemented","Migration","docs/architecture/nodes/generated/MIG-AUTO-0016.md","Docs Memory Lead","docs/architecture/nodes/generated/MIG-AUTO-0016.md"
"document:migration:2ac2a255e4","document","implemented","Migration","docs/architecture/nodes/generated/MIG-AUTO-0017.md","Docs Memory Lead","docs/architecture/nodes/generated/MIG-AUTO-0017.md"
"document:migration:7375812ebb","document","implemented","Migration","docs/architecture/nodes/generated/MIG-AUTO-0018.md","Docs Memory Lead","docs/architecture/nodes/generated/MIG-AUTO-0018.md"
"document:migration:cd5de9a79d","document","implemented","Migration","docs/architecture/nodes/generated/MIG-AUTO-0019.md","Docs Memory Lead","docs/architecture/nodes/generated/MIG-AUTO-0019.md"
"document:migration:35ae1796c5","document","implemented","Migration","docs/architecture/nodes/generated/MIG-AUTO-0020.md","Docs Memory Lead","docs/architecture/nodes/generated/MIG-AUTO-0020.md"
"document:migration:8b41e0264e","document","implemented","Migration","docs/architecture/nodes/generated/MIG-AUTO-0021.md","Docs Memory Lead","docs/architecture/nodes/generated/MIG-AUTO-0021.md"
"document:migration:61687c1d99","document","implemented","Migration","docs/architecture/nodes/generated/MIG-AUTO-0022.md","Docs Memory Lead","docs/architecture/nodes/generated/MIG-AUTO-0022.md"
"document:migration:55b8a3539a","document","implemented","Migration","docs/architecture/nodes/generated/MIG-AUTO-0023.md","Docs Memory Lead","docs/architecture/nodes/generated/MIG-AUTO-0023.md"
"document:migration:2be89b1f80","document","implemented","Migration","docs/architecture/nodes/generated/MIG-AUTO-0024.md","Docs Memory Lead","docs/architecture/nodes/generated/MIG-AUTO-0024.md"
"document:migration:19382cb8b4","document","implemented","Migration","docs/architecture/nodes/generated/MIG-AUTO-0025.md","Docs Memory Lead","docs/architecture/nodes/generated/MIG-AUTO-0025.md"
"document:migration:08a69198ac","document","implemented","Migration","docs/architecture/nodes/generated/MIG-AUTO-0026.md","Docs Memory Lead","docs/architecture/nodes/generated/MIG-AUTO-0026.md"
"document:migration:ebc4384929","document","implemented","Migration","docs/architecture/nodes/generated/MIG-AUTO-0027.md","Docs Memory Lead","docs/architecture/nodes/generated/MIG-AUTO-0027.md"
"document:migration:46c4e27ade","document","implemented","Migration","docs/architecture/nodes/generated/MIG-AUTO-0028.md","Docs Memory Lead","docs/architecture/nodes/generated/MIG-AUTO-0028.md"
"document:migration:3f14a960a7","document","implemented","Migration","docs/architecture/nodes/generated/MIG-AUTO-0029.md","Docs Memory Lead","docs/architecture/nodes/generated/MIG-AUTO-0029.md"
"document:migration:bff7afe717","document","implemented","Migration","docs/architecture/nodes/generated/MIG-AUTO-0030.md","Docs Memory Lead","docs/architecture/nodes/generated/MIG-AUTO-0030.md"
"document:migration:054325cce6","document","implemented","Migration","docs/architecture/nodes/generated/MIG-AUTO-0031.md","Docs Memory Lead","docs/architecture/nodes/generated/MIG-AUTO-0031.md"
"document:api-key-middleware:071d632449","document","implemented","Api Key.Middleware","docs/architecture/nodes/generated/MW-AUTO-0001.md","Docs Memory Lead","docs/architecture/nodes/generated/MW-AUTO-0001.md"
"document:api-error:c49b0bf4a0","document","implemented","Api Error","docs/architecture/nodes/generated/MW-AUTO-0002.md","Docs Memory Lead","docs/architecture/nodes/generated/MW-AUTO-0002.md"
"document:async-handler:5c6db072d9","document","implemented","Async Handler","docs/architecture/nodes/generated/MW-AUTO-0003.md","Docs Memory Lead","docs/architecture/nodes/generated/MW-AUTO-0003.md"
"document:error-handler:ed4c1d1625","document","implemented","Error Handler","docs/architecture/nodes/generated/MW-AUTO-0004.md","Docs Memory Lead","docs/architecture/nodes/generated/MW-AUTO-0004.md"
"document:security:ed45cd50d4","document","implemented","Security","docs/architecture/nodes/generated/MW-AUTO-0005.md","Docs Memory Lead","docs/architecture/nodes/generated/MW-AUTO-0005.md"
"document:areas-area-00-ogolny-view-overview:eae5a91042","document","implemented","/areas?area=00-ogolny&view=overview","docs/architecture/nodes/generated/PAGE-00-GENERAL.md","Docs Memory Lead","docs/architecture/nodes/generated/PAGE-00-GENERAL.md"
"document:areas-area-04-operacje-view-tasks:3494bd8a54","document","implemented","/areas?area=04-operacje&view=tasks","docs/architecture/nodes/generated/PAGE-04-OPERATIONS-TASKS.md","Docs Memory Lead","docs/architecture/nodes/generated/PAGE-04-OPERATIONS-TASKS.md"
"document:areas-area-06-kadry-view-directory:56e32723db","document","implemented","/areas?area=06-kadry&view=directory","docs/architecture/nodes/generated/PAGE-06-PEOPLE-AGENTS.md","Docs Memory Lead","docs/architecture/nodes/generated/PAGE-06-PEOPLE-AGENTS.md"
"document:areas-area-08-zasoby-view-files:bc6ca69301","document","implemented","/areas?area=08-zasoby&view=files","docs/architecture/nodes/generated/PAGE-08-ASSETS-FILES.md","Docs Memory Lead","docs/architecture/nodes/generated/PAGE-08-ASSETS-FILES.md"
"document:areas-area-12-zarzadzanie-view-departments:aa5b5b39dd","document","implemented","/areas?area=12-zarzadzanie&view=departments","docs/architecture/nodes/generated/PAGE-12-MANAGEMENT-DEPARTMENTS.md","Docs Memory Lead","docs/architecture/nodes/generated/PAGE-12-MANAGEMENT-DEPARTMENTS.md"
"document:account-settings:d3a7a298ae","document","implemented","/account/settings","docs/architecture/nodes/generated/PAGE-AUTO-0001.md","Docs Memory Lead","docs/architecture/nodes/generated/PAGE-AUTO-0001.md"
"document:areas:4e45507f22","document","implemented","/areas","docs/architecture/nodes/generated/PAGE-AUTO-0002.md","Docs Memory Lead","docs/architecture/nodes/generated/PAGE-AUTO-0002.md"
"document:auth-login:bc06ab7f2d","document","implemented","/auth/login","docs/architecture/nodes/generated/PAGE-AUTO-0003.md","Docs Memory Lead","docs/architecture/nodes/generated/PAGE-AUTO-0003.md"
"document:auth-register:f4cb58594c","document","implemented","/auth/register","docs/architecture/nodes/generated/PAGE-AUTO-0004.md","Docs Memory Lead","docs/architecture/nodes/generated/PAGE-AUTO-0004.md"
"document:dashboard:af351ec215","document","implemented","/dashboard","docs/architecture/nodes/generated/PAGE-AUTO-0005.md","Docs Memory Lead","docs/architecture/nodes/generated/PAGE-AUTO-0005.md"
"document:operations:c57899a445","document","implemented","/operations","docs/architecture/nodes/generated/PAGE-AUTO-0006.md","Docs Memory Lead","docs/architecture/nodes/generated/PAGE-AUTO-0006.md"
"document:people-agents:008ddd8eeb","document","implemented","/people-agents","docs/architecture/nodes/generated/PAGE-AUTO-0007.md","Docs Memory Lead","docs/architecture/nodes/generated/PAGE-AUTO-0007.md"
"document:react-dashboard:6897249b22","document","implemented","/react-dashboard","docs/architecture/nodes/generated/PAGE-AUTO-0008.md","Docs Memory Lead","docs/architecture/nodes/generated/PAGE-AUTO-0008.md"
"document:workforce:42f7352466","document","implemented","/workforce","docs/architecture/nodes/generated/PAGE-AUTO-0009.md","Docs Memory Lead","docs/architecture/nodes/generated/PAGE-AUTO-0009.md"
"document:workspace-settings:a000b47011","document","implemented","/workspace/settings","docs/architecture/nodes/generated/PAGE-AUTO-0010.md","Docs Memory Lead","docs/architecture/nodes/generated/PAGE-AUTO-0010.md"
"document:adapter-smoke:83bd4b3188","document","implemented","Adapter Smoke","docs/architecture/nodes/generated/PIPE-AUTO-0001.md","Docs Memory Lead","docs/architecture/nodes/generated/PIPE-AUTO-0001.md"
"document:agent-training-smoke:4fd0ff3d74","document","implemented","Agent Training Smoke","docs/architecture/nodes/generated/PIPE-AUTO-0002.md","Docs Memory Lead","docs/architecture/nodes/generated/PIPE-AUTO-0002.md"
"document:build-architecture-chain-hardening-worklist:6c78d54b25","document","implemented","Build Architecture Chain Hardening Worklist","docs/architecture/nodes/generated/PIPE-AUTO-0003.md","Docs Memory Lead","docs/architecture/nodes/generated/PIPE-AUTO-0003.md"
"document:build-architecture-evidence-worklist:efce1c0fff","document","implemented","Build Architecture Evidence Worklist","docs/architecture/nodes/generated/PIPE-AUTO-0004.md","Docs Memory Lead","docs/architecture/nodes/generated/PIPE-AUTO-0004.md"
"document:build-architecture-health-dashboard:48532726c0","document","implemented","Build Architecture Health Dashboard","docs/architecture/nodes/generated/PIPE-AUTO-0005.md","Docs Memory Lead","docs/architecture/nodes/generated/PIPE-AUTO-0005.md"
"document:check-architecture-chain-coverage:6770854a5c","document","implemented","Check Architecture Chain Coverage","docs/architecture/nodes/generated/PIPE-AUTO-0006.md","Docs Memory Lead","docs/architecture/nodes/generated/PIPE-AUTO-0006.md"
"document:check-architecture-chain-integrity:78fee47a1a","document","implemented","Check Architecture Chain Integrity","docs/architecture/nodes/generated/PIPE-AUTO-0007.md","Docs Memory Lead","docs/architecture/nodes/generated/PIPE-AUTO-0007.md"
"document:check-architecture-evidence-gate:4043f66b18","document","implemented","Check Architecture Evidence Gate","docs/architecture/nodes/generated/PIPE-AUTO-0008.md","Docs Memory Lead","docs/architecture/nodes/generated/PIPE-AUTO-0008.md"
"document:check-architecture-node-integrity:fa80820c43","document","implemented","Check Architecture Node Integrity","docs/architecture/nodes/generated/PIPE-AUTO-0009.md","Docs Memory Lead","docs/architecture/nodes/generated/PIPE-AUTO-0009.md"
"document:check-route-capabilities:50d1d99598","document","implemented","Check Route Capabilities","docs/architecture/nodes/generated/PIPE-AUTO-0010.md","Docs Memory Lead","docs/architecture/nodes/generated/PIPE-AUTO-0010.md"
"document:clean-react-build:44284e87cf","document","implemented","Clean React Build","docs/architecture/nodes/generated/PIPE-AUTO-0011.md","Docs Memory Lead","docs/architecture/nodes/generated/PIPE-AUTO-0011.md"
"document:clickup-production-bootstrap:896398f070","document","implemented","Clickup Production Bootstrap","docs/architecture/nodes/generated/PIPE-AUTO-0012.md","Docs Memory Lead","docs/architecture/nodes/generated/PIPE-AUTO-0012.md"
"document:company-os-lifecycle-trace-smoke:986784755a","document","implemented","Company Os Lifecycle Trace Smoke","docs/architecture/nodes/generated/PIPE-AUTO-0013.md","Docs Memory Lead","docs/architecture/nodes/generated/PIPE-AUTO-0013.md"
"document:companycore-ai-ready-smoke:64eeb1c5dc","document","implemented","Companycore Ai Ready Smoke","docs/architecture/nodes/generated/PIPE-AUTO-0014.md","Docs Memory Lead","docs/architecture/nodes/generated/PIPE-AUTO-0014.md"
"document:companycore-mcp-smoke:577e032900","document","implemented","Companycore Mcp Smoke","docs/architecture/nodes/generated/PIPE-AUTO-0015.md","Docs Memory Lead","docs/architecture/nodes/generated/PIPE-AUTO-0015.md"
"document:google-drive-production-smoke:fc9bb13362","document","implemented","Google Drive Production Smoke","docs/architecture/nodes/generated/PIPE-AUTO-0016.md","Docs Memory Lead","docs/architecture/nodes/generated/PIPE-AUTO-0016.md"
"document:operating-model-registry-lifecycle-smoke:e3b69aa3dc","document","implemented","Operating Model Registry Lifecycle Smoke","docs/architecture/nodes/generated/PIPE-AUTO-0017.md","Docs Memory Lead","docs/architecture/nodes/generated/PIPE-AUTO-0017.md"
"document:owner-console-ux-smoke:704065c955","document","implemented","Owner Console Ux Smoke","docs/architecture/nodes/generated/PIPE-AUTO-0018.md","Docs Memory Lead","docs/architecture/nodes/generated/PIPE-AUTO-0018.md"
"document:sync-architecture-chains:1eccbf455d","document","implemented","Sync Architecture Chains","docs/architecture/nodes/generated/PIPE-AUTO-0019.md","Docs Memory Lead","docs/architecture/nodes/generated/PIPE-AUTO-0019.md"
"document:sync-architecture-evidence-status:daa6c29088","document","implemented","Sync Architecture Evidence Status","docs/architecture/nodes/generated/PIPE-AUTO-0020.md","Docs Memory Lead","docs/architecture/nodes/generated/PIPE-AUTO-0020.md"
"document:sync-architecture-extended-registry:2ea3818fa5","document","implemented","Sync Architecture Extended Registry","docs/architecture/nodes/generated/PIPE-AUTO-0021.md","Docs Memory Lead","docs/architecture/nodes/generated/PIPE-AUTO-0021.md"
"document:sync-architecture-feature-coverage:dfb3b961af","document","implemented","Sync Architecture Feature Coverage","docs/architecture/nodes/generated/PIPE-AUTO-0022.md","Docs Memory Lead","docs/architecture/nodes/generated/PIPE-AUTO-0022.md"
"document:sync-architecture-node-verification:8bf1421a1a","document","implemented","Sync Architecture Node Verification","docs/architecture/nodes/generated/PIPE-AUTO-0023.md","Docs Memory Lead","docs/architecture/nodes/generated/PIPE-AUTO-0023.md"
"document:sync-architecture-registry:eaa2b8076a","document","implemented","Sync Architecture Registry","docs/architecture/nodes/generated/PIPE-AUTO-0024.md","Docs Memory Lead","docs/architecture/nodes/generated/PIPE-AUTO-0024.md"
"document:check-architecture-connectivity:7a34da1db0","document","implemented","Check Architecture Connectivity","docs/architecture/nodes/generated/PIPE-AUTO-0025.md","Docs Memory Lead","docs/architecture/nodes/generated/PIPE-AUTO-0025.md"
"document:build-architecture-impact-index:51eec2d9c0","document","implemented","Build Architecture Impact Index","docs/architecture/nodes/generated/PIPE-AUTO-0026.md","Docs Memory Lead","docs/architecture/nodes/generated/PIPE-AUTO-0026.md"
"document:check-architecture-node-catalog-consistency:ac65c65034","document","implemented","Check Architecture Node Catalog Consistency","docs/architecture/nodes/generated/PIPE-AUTO-0027.md","Docs Memory Lead","docs/architecture/nodes/generated/PIPE-AUTO-0027.md"
"document:build-architecture-dead-nodes-report:f7c2559c71","document","implemented","Build Architecture Dead Nodes Report","docs/architecture/nodes/generated/PIPE-AUTO-0028.md","Docs Memory Lead","docs/architecture/nodes/generated/PIPE-AUTO-0028.md"
"document:build-architecture-roadmap:feafa81220","document","implemented","Build Architecture Roadmap","docs/architecture/nodes/generated/PIPE-AUTO-0029.md","Docs Memory Lead","docs/architecture/nodes/generated/PIPE-AUTO-0029.md"
"document:check-architecture-relation-integrity:cbc2c5b1a2","document","implemented","Check Architecture Relation Integrity","docs/architecture/nodes/generated/PIPE-AUTO-0030.md","Docs Memory Lead","docs/architecture/nodes/generated/PIPE-AUTO-0030.md"
"document:build-architecture-delta-report:90a12daf4c","document","implemented","Build Architecture Delta Report","docs/architecture/nodes/generated/PIPE-AUTO-0031.md","Docs Memory Lead","docs/architecture/nodes/generated/PIPE-AUTO-0031.md"
"document:check-architecture-csv-contract:74e8f755a4","document","implemented","Check Architecture Csv Contract","docs/architecture/nodes/generated/PIPE-AUTO-0032.md","Docs Memory Lead","docs/architecture/nodes/generated/PIPE-AUTO-0032.md"
"document:check-architecture-doc-baseline:7d1c3283ce","document","implemented","Check Architecture Doc Baseline","docs/architecture/nodes/generated/PIPE-AUTO-0033.md","Docs Memory Lead","docs/architecture/nodes/generated/PIPE-AUTO-0033.md"
"document:check-architecture-node-links:b9c1bfc942","document","implemented","Check Architecture Node Links","docs/architecture/nodes/generated/PIPE-AUTO-0034.md","Docs Memory Lead","docs/architecture/nodes/generated/PIPE-AUTO-0034.md"
"document:check-architecture-node-artifacts:7d617b34ed","document","implemented","Check Architecture Node Artifacts","docs/architecture/nodes/generated/PIPE-AUTO-0035.md","Docs Memory Lead","docs/architecture/nodes/generated/PIPE-AUTO-0035.md"
"document:check-architecture-report-presence:fd4c336b36","document","implemented","Check Architecture Report Presence","docs/architecture/nodes/generated/PIPE-AUTO-0036.md","Docs Memory Lead","docs/architecture/nodes/generated/PIPE-AUTO-0036.md"
"document:check-architecture-delta-zero:3b22c5dedf","document","implemented","Check Architecture Delta Zero","docs/architecture/nodes/generated/PIPE-AUTO-0037.md","Docs Memory Lead","docs/architecture/nodes/generated/PIPE-AUTO-0037.md"
"document:sync-architecture-doc-baseline:d80c6f0865","document","implemented","Sync Architecture Doc Baseline","docs/architecture/nodes/generated/PIPE-AUTO-0038.md","Docs Memory Lead","docs/architecture/nodes/generated/PIPE-AUTO-0038.md"
"document:build-architecture-registry-catalog:5bb17c445d","document","implemented","Build Architecture Registry Catalog","docs/architecture/nodes/generated/PIPE-AUTO-0039.md","Docs Memory Lead","docs/architecture/nodes/generated/PIPE-AUTO-0039.md"
"document:aog-deploy-smoke:cbc098b32e","document","implemented","Aog Deploy Smoke","docs/architecture/nodes/generated/PIPE-AUTO-0040.md","Docs Memory Lead","docs/architecture/nodes/generated/PIPE-AUTO-0040.md"
"document:architecture-graph-check-prompt:784b214385","document","implemented","Architecture graph check prompt","docs/architecture/nodes/generated/PROMPT-ARCH-GRAPH-CHECK.md","Docs Memory Lead","docs/architecture/nodes/generated/PROMPT-ARCH-GRAPH-CHECK.md"
"document:react-app-route-registry:1819827b9c","document","implemented","React app route registry","docs/architecture/nodes/generated/ROUTE-REGISTRY.md","Docs Memory Lead","docs/architecture/nodes/generated/ROUTE-REGISTRY.md"
"document:architecture-graph-generator:2fc512b479","document","implemented","Architecture graph generator","docs/architecture/nodes/generated/SCRIPT-ARCH-GRAPH-GENERATOR.md","Docs Memory Lead","docs/architecture/nodes/generated/SCRIPT-ARCH-GRAPH-GENERATOR.md"
"document:integration-settings-service:961a85f1fd","document","implemented","Integration Settings.Service","docs/architecture/nodes/generated/SVC-AUTO-0001.md","Docs Memory Lead","docs/architecture/nodes/generated/SVC-AUTO-0001.md"
"document:event-service:082f02c205","document","implemented","Event.Service","docs/architecture/nodes/generated/SVC-AUTO-0002.md","Docs Memory Lead","docs/architecture/nodes/generated/SVC-AUTO-0002.md"
"document:workforce-service:19bf18530b","document","implemented","Workforce.Service","docs/architecture/nodes/generated/SVC-AUTO-0003.md","Docs Memory Lead","docs/architecture/nodes/generated/SVC-AUTO-0003.md"
"document:npm-run-test-api-local:f0bcdc3e35","document","implemented","npm run test:api:local","docs/architecture/nodes/generated/TEST-API-LOCAL.md","Docs Memory Lead","docs/architecture/nodes/generated/TEST-API-LOCAL.md"
"document:npm-run-architecture-graph:c1552d0f6e","document","implemented","npm run architecture:graph","docs/architecture/nodes/generated/TEST-ARCH-GRAPH.md","Docs Memory Lead","docs/architecture/nodes/generated/TEST-ARCH-GRAPH.md"
"document:npm-run-check-public-js:581c7dfb4d","document","implemented","npm run check:public-js","docs/architecture/nodes/generated/TEST-AUTO-0001.md","Docs Memory Lead","docs/architecture/nodes/generated/TEST-AUTO-0001.md"
"document:npm-run-test:d4fbf3d702","document","implemented","npm run test","docs/architecture/nodes/generated/TEST-AUTO-0002.md","Docs Memory Lead","docs/architecture/nodes/generated/TEST-AUTO-0002.md"
"document:npm-run-test-api:870a5537cc","document","implemented","npm run test:api","docs/architecture/nodes/generated/TEST-AUTO-0003.md","Docs Memory Lead","docs/architecture/nodes/generated/TEST-AUTO-0003.md"
"document:npm-run-validate:26e103561d","document","implemented","npm run validate","docs/architecture/nodes/generated/TEST-AUTO-0004.md","Docs Memory Lead","docs/architecture/nodes/generated/TEST-AUTO-0004.md"
"document:browser-rendered-department-catalog-proof:983521a027","document","implemented","Browser rendered department catalog proof","docs/architecture/nodes/generated/TEST-BROWSER-MGMT-DEPT.md","Docs Memory Lead","docs/architecture/nodes/generated/TEST-BROWSER-MGMT-DEPT.md"
"document:playwright-assets-proof:82d901185f","document","implemented","Playwright Assets proof","docs/architecture/nodes/generated/TEST-PLAYWRIGHT-ASSETS.md","Docs Memory Lead","docs/architecture/nodes/generated/TEST-PLAYWRIGHT-ASSETS.md"
"document:playwright-dashboard-render-proof:ae54215ed1","document","implemented","Playwright dashboard render proof","docs/architecture/nodes/generated/TEST-PLAYWRIGHT-DASHBOARD.md","Docs Memory Lead","docs/architecture/nodes/generated/TEST-PLAYWRIGHT-DASHBOARD.md"
"document:playwright-operations-render-proof:a2cdcd4665","document","implemented","Playwright Operations render proof","docs/architecture/nodes/generated/TEST-PLAYWRIGHT-OPS.md","Docs Memory Lead","docs/architecture/nodes/generated/TEST-PLAYWRIGHT-OPS.md"
"document:playwright-people-agents-proof:a0455b09d8","document","implemented","Playwright People/Agents proof","docs/architecture/nodes/generated/TEST-PLAYWRIGHT-PEOPLE.md","Docs Memory Lead","docs/architecture/nodes/generated/TEST-PLAYWRIGHT-PEOPLE.md"
"document:production-drive-import-and-freshness-smoke:ef45388c71","document","implemented","Production Drive import and freshness smoke","docs/architecture/nodes/generated/TEST-PROD-DRIVE-IMPORT-SMOKE.md","Docs Memory Lead","docs/architecture/nodes/generated/TEST-PROD-DRIVE-IMPORT-SMOKE.md"
"document:npm-run-check-route-capabilities:10002b00c3","document","implemented","npm run check:route-capabilities","docs/architecture/nodes/generated/TEST-ROUTE-CAPABILITY.md","Docs Memory Lead","docs/architecture/nodes/generated/TEST-ROUTE-CAPABILITY.md"
"document:assets-file-preview:69fbadc843","document","implemented","Assets file preview","docs/architecture/nodes/generated/UI-ASSETS-FILE-PREVIEW.md","Docs Memory Lead","docs/architecture/nodes/generated/UI-ASSETS-FILE-PREVIEW.md"
"document:dashboard-next-action-panel:e0a21fe7a5","document","implemented","Dashboard next action panel","docs/architecture/nodes/generated/UI-DASHBOARD-NEXT-ACTION.md","Docs Memory Lead","docs/architecture/nodes/generated/UI-DASHBOARD-NEXT-ACTION.md"
"document:department-catalog-form:0a8dbf6f9c","document","implemented","Department catalog form","docs/architecture/nodes/generated/UI-MGMT-DEPARTMENT-FORM.md","Docs Memory Lead","docs/architecture/nodes/generated/UI-MGMT-DEPARTMENT-FORM.md"
"document:operations-task-card-and-modal:aa0a937dc4","document","implemented","Operations task card and modal","docs/architecture/nodes/generated/UI-OPERATIONS-TASK-CARD.md","Docs Memory Lead","docs/architecture/nodes/generated/UI-OPERATIONS-TASK-CARD.md"
"document:people-agents-managed-table:b7b238717d","document","implemented","People/Agents managed table","docs/architecture/nodes/generated/UI-PEOPLE-AGENTS-TABLE.md","Docs Memory Lead","docs/architecture/nodes/generated/UI-PEOPLE-AGENTS-TABLE.md"
"document:sidebar-department-navigation:525f50c7f4","document","implemented","Sidebar department navigation","docs/architecture/nodes/generated/UI-SIDEBAR-DEPARTMENT-NAV.md","Docs Memory Lead","docs/architecture/nodes/generated/UI-SIDEBAR-DEPARTMENT-NAV.md"
"document:systemic-function-verification-workflow:47a27e9e82","document","implemented","Systemic function verification workflow","docs/architecture/nodes/generated/WORKFLOW-AGENT-FUNCTION-CHECK.md","Docs Memory Lead","docs/architecture/nodes/generated/WORKFLOW-AGENT-FUNCTION-CHECK.md"
"document:new-feature-registry-gate:1cbd1348cd","document","implemented","New feature registry gate","docs/architecture/nodes/generated/WORKFLOW-NEW-FEATURE-REGISTRY-GATE.md","Docs Memory Lead","docs/architecture/nodes/generated/WORKFLOW-NEW-FEATURE-REGISTRY-GATE.md"
"document:organizational-architecture-bridge:c88be3eb97","document","implemented","Organizational Architecture Bridge","docs/architecture/organizational-architecture-bridge.md","Docs Memory Lead","docs/architecture/organizational-architecture-bridge.md"
"document:process-core-workflow-core-architecture:f96383f7d0","document","implemented","Process Core / Workflow Core Architecture","docs/architecture/process-core-workflow-core-architecture.md","Docs Memory Lead","docs/architecture/process-core-workflow-core-architecture.md"
"document:architecture-documentation:80d86f79f2","document","implemented","Architecture Documentation","docs/architecture/README.md","Docs Memory Lead","docs/architecture/README.md"
"document:architecture-registry-guide:511ff039ac","document","implemented","Architecture Registry Guide","docs/architecture/registry/README.md","Docs Memory Lead","docs/architecture/registry/README.md"
"document:relationship-graph-audit:ea941042d0","document","implemented","Relationship Graph Audit","docs/architecture/relationship-graph-audit-2026-05-14.md","Docs Memory Lead","docs/architecture/relationship-graph-audit-2026-05-14.md"
"document:system-architecture:1149ef3528","document","implemented","System Architecture","docs/architecture/system-architecture.md","Docs Memory Lead","docs/architecture/system-architecture.md"
"document:tech-stack:bc39879b6f","document","implemented","Tech Stack","docs/architecture/tech-stack.md","Docs Memory Lead","docs/architecture/tech-stack.md"
"document:traceability-matrix:96e97ba9f8","document","implemented","Traceability Matrix","docs/architecture/traceability-matrix.md","Docs Memory Lead","docs/architecture/traceability-matrix.md"
"document:unified-organizational-operating-system-architecture:5e0a0c509c","document","implemented","Unified Organizational Operating System Architecture","docs/architecture/unified-organizational-operating-system.md","Docs Memory Lead","docs/architecture/unified-organizational-operating-system.md"
"document:web-and-mcp-foundation-before-v2:2d4babebc5","document","implemented","Web And MCP Foundation Before V2","docs/architecture/web-and-mcp-foundation-before-v2.md","Docs Memory Lead","docs/architecture/web-and-mcp-foundation-before-v2.md"
"document:web-layer-react-ownership:beb6e31ebd","document","implemented","Web Layer React Ownership","docs/architecture/web-layer-react-ownership.md","Docs Memory Lead","docs/architecture/web-layer-react-ownership.md"
"document:guardrail-commands:15d613ea93","document","implemented","Guardrail Commands","docs/automation/guardrail-commands.md","Docs Memory Lead","docs/automation/guardrail-commands.md"
"document:tooling-contract:7c67aaed22","document","implemented","Tooling Contract","docs/automation/tooling-contract.md","Docs Memory Lead","docs/automation/tooling-contract.md"
"document:database:7994689b74","document","implemented","Database","docs/DATABASE.md","Docs Memory Lead","docs/DATABASE.md"
"document:adr-000-decision-title:4a89719d88","document","implemented","ADR-000: Decision Title","docs/decisions/ADR-000-template.md","Docs Memory Lead","docs/decisions/ADR-000-template.md"
"document:decisions:aa34f8e19e","document","implemented","Decisions","docs/decisions/README.md","Docs Memory Lead","docs/decisions/README.md"
"document:deployment:a292540d71","document","implemented","Deployment","docs/DEPLOYMENT.md","Docs Memory Lead","docs/DEPLOYMENT.md"
"document:documentation-map:23179022f5","document","implemented","Documentation Map","docs/documentation-map.md","Docs Memory Lead","docs/documentation-map.md"
"document:local-development:a611abe27f","document","implemented","Local Development","docs/engineering/local-development.md","Docs Memory Lead","docs/engineering/local-development.md"
"document:testing-strategy:7c8f87966a","document","implemented","Testing Strategy","docs/engineering/testing.md","Docs Memory Lead","docs/engineering/testing.md"
"document:agent-readiness-checklist:fa550f48a9","document","implemented","Agent Readiness Checklist","docs/governance/agent-readiness-checklist.md","Docs Memory Lead","docs/governance/agent-readiness-checklist.md"
"document:agent-runtime-contract:8994a426da","document","implemented","Agent Runtime Contract","docs/governance/agent-runtime-contract.md","Docs Memory Lead","docs/governance/agent-runtime-contract.md"
"document:agent-setup-blueprint:779a2042f8","document","implemented","Agent Setup Blueprint","docs/governance/agent-setup-blueprint.md","Docs Memory Lead","docs/governance/agent-setup-blueprint.md"
"document:app-creation-playbook:4c3d8fc278","document","implemented","App Creation Playbook","docs/governance/app-creation-playbook.md","Docs Memory Lead","docs/governance/app-creation-playbook.md"
"document:autonomous-engineering-loop:471c2db101","document","implemented","Autonomous Engineering Loop","docs/governance/autonomous-engineering-loop.md","Docs Memory Lead","docs/governance/autonomous-engineering-loop.md"
"document:code-quality-guardrails:5e712340e2","document","implemented","Code Quality Guardrails","docs/governance/code-quality-guardrails.md","Docs Memory Lead","docs/governance/code-quality-guardrails.md"
"document:commit-and-task-naming-standard:8c2358dc94","document","implemented","Commit And Task Naming Standard","docs/governance/commit-task-naming-standard.md","Docs Memory Lead","docs/governance/commit-task-naming-standard.md"
"document:existing-project-adoption-playbook:6eb430b769","document","implemented","Existing Project Adoption Playbook","docs/governance/existing-project-adoption-playbook.md","Docs Memory Lead","docs/governance/existing-project-adoption-playbook.md"
"document:function-coverage-ledger-standard:99d7a85eab","document","implemented","Function Coverage Ledger Standard","docs/governance/function-coverage-ledger-standard.md","Docs Memory Lead","docs/governance/function-coverage-ledger-standard.md"
"document:language-policy:d7981ada8f","document","implemented","Language Policy","docs/governance/language-policy.md","Docs Memory Lead","docs/governance/language-policy.md"
"document:legacy-archive-policy:36668ee5e4","document","implemented","Legacy Archive Policy","docs/governance/legacy-archive-policy.md","Docs Memory Lead","docs/governance/legacy-archive-policy.md"
"document:new-project-bootstrap:1ca3490da3","document","implemented","New Project Bootstrap","docs/governance/new-project-bootstrap.md","Docs Memory Lead","docs/governance/new-project-bootstrap.md"
"document:repository-structure-policy:641f41ab0c","document","implemented","Repository Structure Policy","docs/governance/repository-structure-policy.md","Docs Memory Lead","docs/governance/repository-structure-policy.md"
"document:subagent-delegation-policy-codex:196ea04ff0","document","implemented","Subagent Delegation Policy (Codex)","docs/governance/subagent-delegation-policy.md","Docs Memory Lead","docs/governance/subagent-delegation-policy.md"
"document:template-adoption-decision-log:ab189a7424","document","implemented","Template Adoption Decision Log","docs/governance/template-adoption-decision-log.md","Docs Memory Lead","docs/governance/template-adoption-decision-log.md"
"document:repository-bootstrap-usage:04c8290138","document","implemented","Repository Bootstrap Usage","docs/governance/template-usage.md","Docs Memory Lead","docs/governance/template-usage.md"
"document:user-feedback-loop:84e8338074","document","implemented","User Feedback Loop","docs/governance/user-feedback-loop.md","Docs Memory Lead","docs/governance/user-feedback-loop.md"
"document:working-agreements:d9bd56ed09","document","implemented","Working Agreements","docs/governance/working-agreements.md","Docs Memory Lead","docs/governance/working-agreements.md"
"document:world-class-product-engineering-standard:ef3afcecef","document","implemented","World-Class Product Engineering Standard","docs/governance/world-class-product-engineering-standard.md","Docs Memory Lead","docs/governance/world-class-product-engineering-standard.md"
"document:integrations:f7626c47da","document","implemented","Integrations","docs/INTEGRATIONS.md","Docs Memory Lead","docs/INTEGRATIONS.md"
"document:adapter-onboarding:930aac71cb","document","implemented","Adapter Onboarding","docs/integrations/adapter-onboarding.md","Docs Memory Lead","docs/integrations/adapter-onboarding.md"
"document:agent-work-map:60c6758360","document","implemented","Agent Work Map","docs/maps/agent-work-map.md","Docs Memory Lead","docs/maps/agent-work-map.md"
"document:architecture-map:9fa8863725","document","implemented","Architecture Map","docs/maps/architecture-map.md","Docs Memory Lead","docs/maps/architecture-map.md"
"document:documentation-maps:b6c771bf6f","document","implemented","Documentation Maps","docs/maps/documentation-maps.md","Docs Memory Lead","docs/maps/documentation-maps.md"
"document:product-map:dc083bb565","document","implemented","Product Map","docs/maps/product-map.md","Docs Memory Lead","docs/maps/product-map.md"
"document:release-and-operations-map:9332eefb7d","document","implemented","Release And Operations Map","docs/maps/release-ops-map.md","Docs Memory Lead","docs/maps/release-ops-map.md"
"document:module-deep-dive-template:ce5d4bec1c","document","implemented","Module Deep-Dive Template","docs/modules/module-deep-dive-template.md","Docs Memory Lead","docs/modules/module-deep-dive-template.md"
"document:module-documentation-status-index:ed7fdcaae1","document","implemented","Module Documentation Status Index","docs/modules/module-doc-status-index.md","Docs Memory Lead","docs/modules/module-doc-status-index.md"
"document:modules-documentation:d9b7ae60ae","document","implemented","Modules Documentation","docs/modules/README.md","Docs Memory Lead","docs/modules/README.md"
"document:system-modules:df25651694","document","implemented","System Modules","docs/modules/system-modules.md","Docs Memory Lead","docs/modules/system-modules.md"
"document:next-steps:891e8f2c27","document","blocked","Next Steps","docs/NEXT_STEPS.md","Docs Memory Lead","docs/NEXT_STEPS.md"
"document:roost-ai-navigation-brief:ea5d4eee4c","document","implemented","Roost AI Navigation Brief","docs/obsidian/ai-navigation-brief.md","Docs Memory Lead","docs/obsidian/ai-navigation-brief.md"
"document:roost-code-to-docs-atlas:873e8f493a","document","implemented","Roost Code To Docs Atlas","docs/obsidian/code-to-docs-atlas.md","Docs Memory Lead","docs/obsidian/code-to-docs-atlas.md"
"document:roost-function-journey-hotlist:4f18ae8298","document","implemented","Roost Function Journey Hotlist","docs/obsidian/function-journey-hotlist.md","Docs Memory Lead","docs/obsidian/function-journey-hotlist.md"
"document:roost-paperclip-cleanup-brief:68bd9916e5","document","implemented","Roost Paperclip Cleanup Brief","docs/obsidian/paperclip-cleanup-brief.md","Docs Memory Lead","docs/obsidian/paperclip-cleanup-brief.md"
"document:roost-vault-dashboard:6f3aedc9aa","document","implemented","Roost Vault Dashboard","docs/obsidian/project-vault-dashboard.md","Docs Memory Lead","docs/obsidian/project-vault-dashboard.md"
"document:roost-obsidian-layer:281fecd585","document","implemented","Roost Obsidian Layer","docs/obsidian/README.md","Docs Memory Lead","docs/obsidian/README.md"
"document:agent-companycore-api-playbook:119914c85e","document","implemented","Agent CompanyCore API Playbook","docs/operations/agent-companycore-api-playbook.md","Docs Memory Lead","docs/operations/agent-companycore-api-playbook.md"
"document:application-completion-audit:c86263d4f1","document","implemented","Application Completion Audit","docs/operations/application-completion-audit-2026-05-14.md","Docs Memory Lead","docs/operations/application-completion-audit-2026-05-14.md"
"document:approval-aware-agent-command-flow:0786da2dd2","document","implemented","Approval-Aware Agent Command Flow","docs/operations/approval-aware-agent-command-flow.md","Docs Memory Lead","docs/operations/approval-aware-agent-command-flow.md"
"document:approval-aware-mcp-command-flow:6e97e6838d","document","implemented","Approval-Aware MCP Command Flow","docs/operations/approval-aware-mcp-command-flow.md","Docs Memory Lead","docs/operations/approval-aware-mcp-command-flow.md"
"document:clickup-production-bootstrap:e10971a69a","document","implemented","ClickUp Production Bootstrap","docs/operations/clickup-production-bootstrap.md","Docs Memory Lead","docs/operations/clickup-production-bootstrap.md"
"document:companycore-mcp-bridge:ecc584a940","document","implemented","CompanyCore MCP Bridge","docs/operations/companycore-mcp-bridge.md","Docs Memory Lead","docs/operations/companycore-mcp-bridge.md"
"document:coolify-vps-deployment-contract:36a9336290","document","implemented","Coolify VPS Deployment Contract","docs/operations/coolify-vps-deployment-contract.md","Docs Memory Lead","docs/operations/coolify-vps-deployment-contract.md"
"document:deployment-template-local-stage-production:ccee546c5b","document","implemented","Deployment Template: Local -> Stage -> Production","docs/operations/deployment-template-local-stage-production.md","Docs Memory Lead","docs/operations/deployment-template-local-stage-production.md"
"document:environment-matrix:60c809a6f7","document","implemented","Environment Matrix","docs/operations/environment-matrix.md","Docs Memory Lead","docs/operations/environment-matrix.md"
"document:external-operational-memory-agent-playbook:335f134a4e","document","implemented","External Operational Memory Agent Playbook","docs/operations/external-operational-memory-agent-playbook.md","Docs Memory Lead","docs/operations/external-operational-memory-agent-playbook.md"
"document:google-drive-owner-setup:9c6bc70541","document","implemented","Google Drive Owner Setup","docs/operations/google-drive-owner-setup.md","Docs Memory Lead","docs/operations/google-drive-owner-setup.md"
"document:jarvis-companycore-update-runbook:bf1d3197a1","document","implemented","Jarvis CompanyCore Update Runbook","docs/operations/jarvis-companycore-update-runbook.md","Docs Memory Lead","docs/operations/jarvis-companycore-update-runbook.md"
"document:mcp-agent-runtime-setup:31e298ccf0","document","implemented","MCP Agent Runtime Setup","docs/operations/mcp-agent-runtime-setup.md","Docs Memory Lead","docs/operations/mcp-agent-runtime-setup.md"
"document:paperclip-companycore-adapter-runbook:198fe022d1","document","implemented","Paperclip CompanyCore Adapter Runbook","docs/operations/paperclip-companycore-adapter-runbook.md","Docs Memory Lead","docs/operations/paperclip-companycore-adapter-runbook.md"
"document:persistent-agent-runtime-playbook:2bd27bd187","document","implemented","Persistent Agent Runtime Playbook","docs/operations/persistent-agent-runtime-playbook.md","Docs Memory Lead","docs/operations/persistent-agent-runtime-playbook.md"
"document:post-deploy-smoke:486216125c","document","implemented","Post-Deploy Smoke","docs/operations/post-deploy-smoke.md","Docs Memory Lead","docs/operations/post-deploy-smoke.md"
"document:project-control-system:0f7b2d0635","document","implemented","Project Control System","docs/operations/project-control-system.md","Docs Memory Lead","docs/operations/project-control-system.md"
"document:rollback-and-recovery:d795581fd2","document","implemented","Rollback And Recovery","docs/operations/rollback-and-recovery.md","Docs Memory Lead","docs/operations/rollback-and-recovery.md"
"document:service-reliability-and-observability:886f9bd027","document","implemented","Service Reliability And Observability","docs/operations/service-reliability-and-observability.md","Docs Memory Lead","docs/operations/service-reliability-and-observability.md"
"document:service-topology:adf387f870","document","implemented","Service Topology","docs/operations/service-topology.md","Docs Memory Lead","docs/operations/service-topology.md"
"document:companycore-v1-achievement-and-blocker-handoff:8ae971d5ef","document","implemented","CompanyCore V1 Achievement And Blocker Handoff","docs/operations/v1-achievement-and-blocker-handoff.md","Docs Memory Lead","docs/operations/v1-achievement-and-blocker-handoff.md"
"document:v1-code-surface-index:3b4cc0a100","document","implemented","V1 Code Surface Index","docs/operations/v1-code-surface-index.md","Docs Memory Lead","docs/operations/v1-code-surface-index.md"
"document:v1-function-coverage-audit:3971504a74","document","implemented","V1 Function Coverage Audit","docs/operations/v1-function-coverage-audit.md","Docs Memory Lead","docs/operations/v1-function-coverage-audit.md"
"document:roost-v1-operator-handoff:228c862697","document","implemented","Roost V1 Operator Handoff","docs/operations/v1-operator-handoff.md","Docs Memory Lead","docs/operations/v1-operator-handoff.md"
"document:v1-project-control-system:e858260a27","document","implemented","V1 Project Control System","docs/operations/v1-project-control-system.md","Docs Memory Lead","docs/operations/v1-project-control-system.md"
"document:companycore-v1-release-readiness:43f1d13622","document","implemented","CompanyCore v1 Release Readiness","docs/operations/v1-release-readiness.md","Docs Memory Lead","docs/operations/v1-release-readiness.md"
"document:v1-source-handoff-package:3b3486ef30","document","implemented","V1 Source Handoff Package","docs/operations/v1-source-handoff-package.md","Docs Memory Lead","docs/operations/v1-source-handoff-package.md"
"document:v2-agent-company-os-command-surface-audit:e47faa09d1","document","implemented","V2 Agent Company OS Command Surface Audit","docs/operations/v2-agent-company-os-command-surface-audit.md","Docs Memory Lead","docs/operations/v2-agent-company-os-command-surface-audit.md"
"document:pipeline-registry:89fa84bdb1","document","implemented","Pipeline Registry","docs/pipelines/pipeline-registry.md","Docs Memory Lead","docs/pipelines/pipeline-registry.md"
"document:pipeline-template:273baaa1e0","document","implemented","Pipeline Template","docs/pipelines/pipeline-template.md","Docs Memory Lead","docs/pipelines/pipeline-template.md"
"document:task:93ac653bad","document","implemented","Task","docs/planning/acf-doc-001-task-contract.md","Docs Memory Lead","docs/planning/acf-doc-001-task-contract.md"
"document:acf-maint-001-large-file-modularization:17a3f6c8ae","document","implemented","ACF-MAINT-001 - Large File Modularization","docs/planning/acf-maint-001-task-contract.md","Docs Memory Lead","docs/planning/acf-maint-001-task-contract.md"
"document:task:59d0217f88","document","implemented","Task","docs/planning/acf-maint-002-google-drive-workbench-extraction-task-contract.md","Docs Memory Lead","docs/planning/acf-maint-002-google-drive-workbench-extraction-task-contract.md"
"document:task:161c121eb3","document","implemented","Task","docs/planning/acf-ops-001-deploy-path-acceptance-task-contract.md","Docs Memory Lead","docs/planning/acf-ops-001-deploy-path-acceptance-task-contract.md"
"document:acf-ops-002-build-metadata-health-restoration:55b154f815","document","implemented","ACF-OPS-002 Build Metadata Health Restoration","docs/planning/acf-ops-002-build-metadata-health-task-contract.md","Docs Memory Lead","docs/planning/acf-ops-002-build-metadata-health-task-contract.md"
"document:acf-prod-001-operating-model-data-completion-decision:30c5cfad2d","document","implemented","ACF-PROD-001 Operating Model Data Completion Decision","docs/planning/acf-prod-001-task-contract.md","Docs Memory Lead","docs/planning/acf-prod-001-task-contract.md"
"document:task:9e7f928c20","document","implemented","Task","docs/planning/acf-qa-001-validation-gates-task-contract.md","Docs Memory Lead","docs/planning/acf-qa-001-validation-gates-task-contract.md"
"document:task:91fcd939aa","document","implemented","Task","docs/planning/acf-sec-001-task-contract.md","Docs Memory Lead","docs/planning/acf-sec-001-task-contract.md"
"document:acf-ux-001-task-contract:ece1279d64","document","implemented","ACF-UX-001 Task Contract","docs/planning/acf-ux-001-task-contract.md","Docs Memory Lead","docs/planning/acf-ux-001-task-contract.md"
"document:task:f2555973fe","document","implemented","Task","docs/planning/acf-ux-002-task-contract.md","Docs Memory Lead","docs/planning/acf-ux-002-task-contract.md"
"document:task:693b8161c2","document","implemented","Task","docs/planning/acf-ux-003-shell-usability-repair-task-contract.md","Docs Memory Lead","docs/planning/acf-ux-003-shell-usability-repair-task-contract.md"
"document:agent-crud-api-rollout-plan:eee605a7df","document","implemented","Agent CRUD API Rollout Plan","docs/planning/agent-crud-api-rollout-plan.md","Docs Memory Lead","docs/planning/agent-crud-api-rollout-plan.md"
"document:agent-runtime-gap-closure-plan:091e4768b6","document","implemented","Agent Runtime Gap Closure Plan","docs/planning/agent-runtime-gap-closure-plan.md","Docs Memory Lead","docs/planning/agent-runtime-gap-closure-plan.md"
"document:aog-be-001-area-operating-graph-read-api-task-contract:f384330046","document","implemented","AOG-BE-001 Area Operating Graph Read API Task Contract","docs/planning/aog-be-001-area-operating-graph-read-api-task-contract.md","Docs Memory Lead","docs/planning/aog-be-001-area-operating-graph-read-api-task-contract.md"
"document:application-completion-audit-task-contract-template:6956f095d1","document","implemented","Application Completion Audit Task Contract Template","docs/planning/application-completion-audit-task-contract-template.md","Docs Memory Lead","docs/planning/application-completion-audit-task-contract-template.md"
"document:application-completion-audit-task-contract:202895e688","document","implemented","Application Completion Audit Task Contract","docs/planning/application-completion-audit-task-contract.md","Docs Memory Lead","docs/planning/application-completion-audit-task-contract.md"
"document:application-foundation-audit:de4d22e079","document","implemented","Application Foundation Audit","docs/planning/application-foundation-audit-2026-05-18.md","Docs Memory Lead","docs/planning/application-foundation-audit-2026-05-18.md"
"document:task:acc52d3026","document","implemented","Task","docs/planning/architecture-evidence-system-foundation-task-contract.md","Docs Memory Lead","docs/planning/architecture-evidence-system-foundation-task-contract.md"
"document:assets-file-preview-workbench-task-contract:660367fec6","document","implemented","Assets File Preview Workbench Task Contract","docs/planning/assets-file-preview-workbench-task-contract.md","Docs Memory Lead","docs/planning/assets-file-preview-workbench-task-contract.md"
"document:task:d62fefc79e","document","implemented","Task","docs/planning/assets-files-folders-premium-audit-task-contract.md","Docs Memory Lead","docs/planning/assets-files-folders-premium-audit-task-contract.md"
"document:assets-folders-002-folder-tree-and-edit-command:b728ac58f6","document","implemented","ASSETS-FOLDERS-002 Folder Tree And Edit Command","docs/planning/assets-folder-tree-and-edit-task-contract.md","Docs Memory Lead","docs/planning/assets-folder-tree-and-edit-task-contract.md"
"document:task:96cd546c2b","document","implemented","Task","docs/planning/assets-google-drive-sync-coverage-task-contract.md","Docs Memory Lead","docs/planning/assets-google-drive-sync-coverage-task-contract.md"
"document:task:21d65a1f22","document","implemented","Task","docs/planning/assets-image-preview-task-contract.md","Docs Memory Lead","docs/planning/assets-image-preview-task-contract.md"
"document:auth-workspace-and-integration-plan:3a747b15bf","document","implemented","Auth, Workspace, And Integration Plan","docs/planning/auth-workspace-integration-plan.md","Docs Memory Lead","docs/planning/auth-workspace-integration-plan.md"
"document:cc-00-001-route-proposal-lifecycle-readback-plan:b6eb1449b5","document","implemented","CC-00-001 Route Proposal Lifecycle Readback Plan","docs/planning/cc-00-001-route-proposal-lifecycle-readback-plan.md","Docs Memory Lead","docs/planning/cc-00-001-route-proposal-lifecycle-readback-plan.md"
"document:task:298c1d0a17","document","implemented","Task","docs/planning/cc-00-001-route-proposal-lifecycle-readback-task-contract.md","Docs Memory Lead","docs/planning/cc-00-001-route-proposal-lifecycle-readback-task-contract.md"
"document:task:5c63f2ea75","document","implemented","Task","docs/planning/cc-00-002-route-proposal-lifecycle-readback-api-task-contract.md","Docs Memory Lead","docs/planning/cc-00-002-route-proposal-lifecycle-readback-api-task-contract.md"
"document:task:7ab4c8b84b","document","implemented","Task","docs/planning/cc-00-04-08-architecture-ux-audit-task-contract.md","Docs Memory Lead","docs/planning/cc-00-04-08-architecture-ux-audit-task-contract.md"
"document:cc-00-04-08-architecture-and-ux-audit:06862dfa38","document","implemented","CC-00-04-08 Architecture And UX Audit","docs/planning/cc-00-04-08-architecture-ux-audit.md","Docs Memory Lead","docs/planning/cc-00-04-08-architecture-ux-audit.md"
"document:task:8638efe911","document","implemented","Task","docs/planning/cc-04-001-operations-task-model-gap-audit-task-contract.md","Docs Memory Lead","docs/planning/cc-04-001-operations-task-model-gap-audit-task-contract.md"
"document:cc-04-001-operations-task-model-gap-audit:ee69c13329","document","implemented","CC-04-001 Operations Task Model Gap Audit","docs/planning/cc-04-001-operations-task-model-gap-audit.md","Docs Memory Lead","docs/planning/cc-04-001-operations-task-model-gap-audit.md"
"document:task:b5951440a1","document","implemented","Task","docs/planning/cc-04-002-operations-work-item-read-model-task-contract.md","Docs Memory Lead","docs/planning/cc-04-002-operations-work-item-read-model-task-contract.md"
"document:task:80bf8cdca4","document","implemented","Task","docs/planning/cc-08-001-assets-resource-system-spec-task-contract.md","Docs Memory Lead","docs/planning/cc-08-001-assets-resource-system-spec-task-contract.md"
"document:cc-08-001-assets-resource-system-spec:9be168cc00","document","blocked","CC-08-001 Assets Resource System Spec","docs/planning/cc-08-001-assets-resource-system-spec.md","Docs Memory Lead","docs/planning/cc-08-001-assets-resource-system-spec.md"
"document:task:5eb99f201c","document","implemented","Task","docs/planning/cc-08-002-assets-context-read-api-task-contract.md","Docs Memory Lead","docs/planning/cc-08-002-assets-context-read-api-task-contract.md"
"document:task:becdc7394d","document","implemented","Task","docs/planning/cc-ui-001-shared-component-inventory-task-contract.md","Docs Memory Lead","docs/planning/cc-ui-001-shared-component-inventory-task-contract.md"
"document:cc-ui-001-shared-component-inventory:6cb375d48f","document","implemented","CC-UI-001 Shared Component Inventory","docs/planning/cc-ui-001-shared-component-inventory.md","Docs Memory Lead","docs/planning/cc-ui-001-shared-component-inventory.md"
"document:task:485e301d29","document","implemented","Task","docs/planning/cc-ui-002-shared-action-button-primitive-task-contract.md","Docs Memory Lead","docs/planning/cc-ui-002-shared-action-button-primitive-task-contract.md"
"document:task:b2038d1629","document","implemented","Task","docs/planning/cc-ui-003-shared-data-table-list-primitive-task-contract.md","Docs Memory Lead","docs/planning/cc-ui-003-shared-data-table-list-primitive-task-contract.md"
"document:task:0d125ee742","document","implemented","Task","docs/planning/cc-ui-004-00-04-08-read-packet-ui-adoption-task-contract.md","Docs Memory Lead","docs/planning/cc-ui-004-00-04-08-read-packet-ui-adoption-task-contract.md"
"document:clickup-owner-console-deployment-plan:156340fa9a","document","implemented","ClickUp Owner Console Deployment Plan","docs/planning/clickup-owner-console-deployment-plan.md","Docs Memory Lead","docs/planning/clickup-owner-console-deployment-plan.md"
"document:clickup-shaped-operating-model-plan:fff07f0326","document","implemented","ClickUp-Shaped Operating Model Plan","docs/planning/clickup-shaped-operating-model-plan.md","Docs Memory Lead","docs/planning/clickup-shaped-operating-model-plan.md"
"document:clickup-webhook-trigger-plan:98cc0d641f","document","implemented","ClickUp Webhook Trigger Plan","docs/planning/clickup-webhook-trigger-plan.md","Docs Memory Lead","docs/planning/clickup-webhook-trigger-plan.md"
"document:company-os-stage-1-task-contracts:d0249625db","document","implemented","Company OS Stage 1 Task Contracts","docs/planning/company-os-stage1-task-contracts.md","Docs Memory Lead","docs/planning/company-os-stage1-task-contracts.md"
"document:companycore-00-04-08-operating-loop-plan:e0c5fa88f8","document","implemented","CompanyCore 00-04-08 Operating Loop Plan","docs/planning/companycore-00-04-08-operating-loop-plan.md","Docs Memory Lead","docs/planning/companycore-00-04-08-operating-loop-plan.md"
"document:task:4f0f57b19c","document","implemented","Task","docs/planning/companycore-autonomous-os-architecture-task-contract.md","Docs Memory Lead","docs/planning/companycore-autonomous-os-architecture-task-contract.md"
"document:companycore-business-module-map-task-contract:c83c741a86","document","implemented","CompanyCore Business Module Map Task Contract","docs/planning/companycore-business-module-map-task-contract.md","Docs Memory Lead","docs/planning/companycore-business-module-map-task-contract.md"
"document:task:558bfa385c","document","implemented","Task","docs/planning/companycore-global-business-flow-task-contract.md","Docs Memory Lead","docs/planning/companycore-global-business-flow-task-contract.md"
"document:companycore-v1-task-contracts:a9e9191dd4","document","implemented","CompanyCore v1 Task Contracts","docs/planning/companycore-v1-task-contracts.md","Docs Memory Lead","docs/planning/companycore-v1-task-contracts.md"
"document:task:1c86a3dc72","document","implemented","Task","docs/planning/dashboard-operations-workforce-foundation-task-contract.md","Docs Memory Lead","docs/planning/dashboard-operations-workforce-foundation-task-contract.md"
"document:task:9054254034","document","implemented","Task","docs/planning/department-management-systems-architecture-task-contract.md","Docs Memory Lead","docs/planning/department-management-systems-architecture-task-contract.md"
"document:task:3d78a5d515","document","implemented","Task","docs/planning/department-management-systems-v1-blueprint-task-contract.md","Docs Memory Lead","docs/planning/department-management-systems-v1-blueprint-task-contract.md"
"document:dms-00-005-global-intake-classify-route-command-contract:019cc5173e","document","implemented","DMS-00-005 Global Intake Classify/Route Command Contract","docs/planning/dms-00-global-intake-classify-route-command-contract.md","Docs Memory Lead","docs/planning/dms-00-global-intake-classify-route-command-contract.md"
"document:dms-00-001-global-intake-and-paperclip-output-review-contract:d909371e26","document","implemented","DMS-00-001 Global Intake And Paperclip Output Review Contract","docs/planning/dms-00-global-intake-paperclip-review-contract.md","Docs Memory Lead","docs/planning/dms-00-global-intake-paperclip-review-contract.md"
"document:task:7681b89bc7","document","implemented","Task","docs/planning/dms-00-global-intake-paperclip-review-task-contract.md","Docs Memory Lead","docs/planning/dms-00-global-intake-paperclip-review-task-contract.md"
"document:dms-00-003-global-intake-read-api-task-contract:e87212350d","document","implemented","DMS-00-003 Global Intake Read API Task Contract","docs/planning/dms-00-global-intake-read-api-task-contract.md","Docs Memory Lead","docs/planning/dms-00-global-intake-read-api-task-contract.md"
"document:dms-00-006-first-safe-global-intake-route-command-task-contract:0fa5016d34","document","implemented","DMS-00-006 First Safe Global Intake Route Command Task Contract","docs/planning/dms-00-global-intake-route-command-task-contract.md","Docs Memory Lead","docs/planning/dms-00-global-intake-route-command-task-contract.md"
"document:dms-00-004-global-intake-web-panel-task-contract:bb88a12f89","document","implemented","DMS-00-004 Global Intake Web Panel Task Contract","docs/planning/dms-00-global-intake-web-panel-task-contract.md","Docs Memory Lead","docs/planning/dms-00-global-intake-web-panel-task-contract.md"
"document:task:eb244c7e0b","document","implemented","Task","docs/planning/dms-00-intake-source-audit-task-contract.md","Docs Memory Lead","docs/planning/dms-00-intake-source-audit-task-contract.md"
"document:dms-00-002-intake-source-audit:4d51a19160","document","implemented","DMS-00-002 Intake Source Audit","docs/planning/dms-00-intake-source-audit.md","Docs Memory Lead","docs/planning/dms-00-intake-source-audit.md"
"document:dms-00-007-paperclip-background-output-review-proof-task-contract:7ca7b0a033","document","implemented","DMS-00-007 Paperclip Background Output Review Proof Task Contract","docs/planning/dms-00-paperclip-background-output-review-proof-task-contract.md","Docs Memory Lead","docs/planning/dms-00-paperclip-background-output-review-proof-task-contract.md"
"document:dms-00-007-paperclip-background-output-review-proof:08ad294adc","document","implemented","DMS-00-007 Paperclip Background Output Review Proof","docs/planning/dms-00-paperclip-background-output-review-proof.md","Docs Memory Lead","docs/planning/dms-00-paperclip-background-output-review-proof.md"
"document:dms-03-005a-commercial-exception-read-api-task-contract:f578c8831d","document","implemented","DMS-03-005A Commercial Exception Read API Task Contract","docs/planning/dms-03-commercial-exception-read-api-task-contract.md","Docs Memory Lead","docs/planning/dms-03-commercial-exception-read-api-task-contract.md"
"document:dms-03-005-commercial-exception-read-model-spec:f0cd3bae65","document","implemented","DMS-03-005 Commercial Exception Read Model Spec","docs/planning/dms-03-commercial-exception-read-model-spec.md","Docs Memory Lead","docs/planning/dms-03-commercial-exception-read-model-spec.md"
"document:dms-03-005-commercial-exception-read-model-task-contract:e7c880d7ae","document","implemented","DMS-03-005 Commercial Exception Read Model Task Contract","docs/planning/dms-03-commercial-exception-read-model-task-contract.md","Docs Memory Lead","docs/planning/dms-03-commercial-exception-read-model-task-contract.md"
"document:dms-03-sales-context-and-board-task-contract:7997600f80","document","implemented","DMS 03 Sales Context And Board Task Contract","docs/planning/dms-03-sales-context-and-board-task-contract.md","Docs Memory Lead","docs/planning/dms-03-sales-context-and-board-task-contract.md"
"document:dms-07-002-finance-context-read-api-task-contract:cc694173ec","document","implemented","DMS-07-002 Finance Context Read API Task Contract","docs/planning/dms-07-finance-context-read-api-task-contract.md","Docs Memory Lead","docs/planning/dms-07-finance-context-read-api-task-contract.md"
"document:dms-07-001-finance-system-spec-task-contract:ffa233585c","document","implemented","DMS-07-001 Finance System Spec Task Contract","docs/planning/dms-07-finance-system-spec-task-contract.md","Docs Memory Lead","docs/planning/dms-07-finance-system-spec-task-contract.md"
"document:dms-07-001-finance-system-spec:2c4dc94c71","document","blocked","DMS-07-001 Finance System Spec","docs/planning/dms-07-finance-system-spec.md","Docs Memory Lead","docs/planning/dms-07-finance-system-spec.md"
"document:dms-07-003-read-only-finance-web-board-task-contract:575faa7aac","document","implemented","DMS-07-003 Read-Only Finance Web Board Task Contract","docs/planning/dms-07-finance-web-board-task-contract.md","Docs Memory Lead","docs/planning/dms-07-finance-web-board-task-contract.md"
"document:dms-13-systems-v1-implementation-audit-task-contract:91c6d85646","document","implemented","DMS 13 Systems V1 Implementation Audit Task Contract","docs/planning/dms-13-systems-v1-implementation-audit-task-contract.md","Docs Memory Lead","docs/planning/dms-13-systems-v1-implementation-audit-task-contract.md"
"document:dms-13-systems-v1-implementation-audit:d5623d6452","document","implemented","DMS 13 Systems V1 Implementation Audit","docs/planning/dms-13-systems-v1-implementation-audit.md","Docs Memory Lead","docs/planning/dms-13-systems-v1-implementation-audit.md"
"document:task:b174456ebe","document","implemented","Task","docs/planning/dms-differentiated-department-systems-analysis-task-contract.md","Docs Memory Lead","docs/planning/dms-differentiated-department-systems-analysis-task-contract.md"
"document:dms-money-001-pricing-and-discount-source-inventory-task-contract:5c41ecb4ab","document","implemented","DMS-MONEY-001 Pricing And Discount Source Inventory Task Contract","docs/planning/dms-money-pricing-discount-source-inventory-task-contract.md","Docs Memory Lead","docs/planning/dms-money-pricing-discount-source-inventory-task-contract.md"
"document:dms-money-001-pricing-and-discount-source-inventory:db748f5eb3","document","implemented","DMS-MONEY-001 Pricing And Discount Source Inventory","docs/planning/dms-money-pricing-discount-source-inventory.md","Docs Memory Lead","docs/planning/dms-money-pricing-discount-source-inventory.md"
"document:task:fa0720289e","document","implemented","Task","docs/planning/dms-next-004-relationships-context-and-board-task-contract.md","Docs Memory Lead","docs/planning/dms-next-004-relationships-context-and-board-task-contract.md"
"document:dms-shell-001-shared-department-management-shell-task-contract:e25cefac04","document","implemented","DMS-SHELL-001 Shared Department Management Shell Task Contract","docs/planning/dms-shell-001-shared-department-management-shell-task-contract.md","Docs Memory Lead","docs/planning/dms-shell-001-shared-department-management-shell-task-contract.md"
"document:dms-shell-002-department-subsystem-registry-task-contract:a4a7f68ac5","document","implemented","DMS-SHELL-002 Department Subsystem Registry Task Contract","docs/planning/dms-shell-002-department-subsystem-registry-task-contract.md","Docs Memory Lead","docs/planning/dms-shell-002-department-subsystem-registry-task-contract.md"
"document:dms-shell-003-department-data-backbone-task-contract:2e00039d00","document","implemented","DMS-SHELL-003 Department Data Backbone Task Contract","docs/planning/dms-shell-003-department-data-backbone-task-contract.md","Docs Memory Lead","docs/planning/dms-shell-003-department-data-backbone-task-contract.md"
"document:foundation-p1-hardening-task-contract:24bdd509bd","document","implemented","Foundation P1 Hardening Task Contract","docs/planning/foundation-p1-hardening-task-contract.md","Docs Memory Lead","docs/planning/foundation-p1-hardening-task-contract.md"
"document:full-function-architecture-audit-task-contract:12a0ad70db","document","implemented","Full Function Architecture Audit Task Contract","docs/planning/full-function-architecture-audit-task-contract.md","Docs Memory Lead","docs/planning/full-function-architecture-audit-task-contract.md"
"document:v2gd-010-google-sheet-parent-folder-creation:0542dbe0fc","document","implemented","V2GD-010 Google Sheet Parent Folder Creation","docs/planning/google-drive-sheet-parent-task.md","Docs Memory Lead","docs/planning/google-drive-sheet-parent-task.md"
"document:google-drive-v2-task-contracts:9974023e7e","document","implemented","Google Drive V2 Task Contracts","docs/planning/google-drive-v2-task-contracts.md","Docs Memory Lead","docs/planning/google-drive-v2-task-contracts.md"
"document:human-agent-web-architecture-map:de4023df03","document","implemented","Human-Agent Web Architecture Map","docs/planning/human-agent-web-architecture-map.md","Docs Memory Lead","docs/planning/human-agent-web-architecture-map.md"
"document:idea-to-function-chain-playbook:21e69643ef","document","implemented","Idea To Function Chain Playbook","docs/planning/idea-to-function-chain-playbook.md","Docs Memory Lead","docs/planning/idea-to-function-chain-playbook.md"
"document:jarvis-gdrive-001-jarvis-companycore-google-drive-e2e:1cbcea0922","document","implemented","JARVIS-GDRIVE-001 Jarvis CompanyCore Google Drive E2E","docs/planning/jarvis-companycore-google-drive-e2e-task-contract.md","Docs Memory Lead","docs/planning/jarvis-companycore-google-drive-e2e-task-contract.md"
"document:task:d6bbe6cef4","document","implemented","Task","docs/planning/luc-101-roost-takeover-readiness-known-state-baseline.md","Docs Memory Lead","docs/planning/luc-101-roost-takeover-readiness-known-state-baseline.md"
"document:luc-1055-known-state-evidence-collection-and-architecture-baseline-md:edfe33628f","document","implemented","luc-1055-known-state-evidence-collection-and-architecture-baseline.md","docs/planning/luc-1055-known-state-evidence-collection-and-architecture-baseline.md","Docs Memory Lead","docs/planning/luc-1055-known-state-evidence-collection-and-architecture-baseline.md"
"document:task:13796d9bd7","document","implemented","Task","docs/planning/luc-1057-source-control-closure-for-luc-1055-dirty-state.md","Docs Memory Lead","docs/planning/luc-1057-source-control-closure-for-luc-1055-dirty-state.md"
"document:luc-1099-source-control-closure-for-luc-261-dirty-state:c349f0ce07","document","implemented","LUC-1099 Source-Control Closure For LUC-261 Dirty State","docs/planning/luc-1099-source-control-closure-for-luc-261-dirty-state.md","Docs Memory Lead","docs/planning/luc-1099-source-control-closure-for-luc-261-dirty-state.md"
"document:task:497a6f538d","document","implemented","Task","docs/planning/luc-1149-known-state-refresh-evidence-delta-and-next-repair-lanes.md","Docs Memory Lead","docs/planning/luc-1149-known-state-refresh-evidence-delta-and-next-repair-lanes.md"
"document:task:2f723bb229","document","implemented","Task","docs/planning/luc-1153-source-control-closure-for-luc-1149-dirty-state.md","Docs Memory Lead","docs/planning/luc-1153-source-control-closure-for-luc-1149-dirty-state.md"
"document:task:daa2da7eb3","document","implemented","Task","docs/planning/luc-1214-child-arch-be-process-core-002-audit.md","Docs Memory Lead","docs/planning/luc-1214-child-arch-be-process-core-002-audit.md"
"document:task:415480cea5","document","implemented","Task","docs/planning/luc-1214-child-docs-memory-sync-lane.md","Docs Memory Lead","docs/planning/luc-1214-child-docs-memory-sync-lane.md"
"document:task:e71aee3030","document","implemented","Task","docs/planning/luc-1214-child-product-ux-owner-workflow-planning.md","Docs Memory Lead","docs/planning/luc-1214-child-product-ux-owner-workflow-planning.md"
"document:task:22b693a73b","document","implemented","Task","docs/planning/luc-1214-child-qa-release-proof-planning.md","Docs Memory Lead","docs/planning/luc-1214-child-qa-release-proof-planning.md"
"document:task:28e0b11fe3","document","implemented","Task","docs/planning/luc-1214-roost-delivery-lanes-coordination-plan.md","Docs Memory Lead","docs/planning/luc-1214-roost-delivery-lanes-coordination-plan.md"
"document:task:fc913692d2","document","implemented","Task","docs/planning/luc-1215-process-core-002-architecture-backend-workflow-gap-audit-plan.md","Docs Memory Lead","docs/planning/luc-1215-process-core-002-architecture-backend-workflow-gap-audit-plan.md"
"document:task:74e95d2a34","document","implemented","Task","docs/planning/luc-1216-qa-release-proof-plan.md","Docs Memory Lead","docs/planning/luc-1216-qa-release-proof-plan.md"
"document:task:496cb8753a","document","implemented","Task","docs/planning/luc-1217-product-and-ux-planning-next-owner-workflow.md","Docs Memory Lead","docs/planning/luc-1217-product-and-ux-planning-next-owner-workflow.md"
"document:task:14e70ad60a","document","implemented","Task","docs/planning/luc-1218-documentation-and-memory-sync-for-delegated-wave.md","Docs Memory Lead","docs/planning/luc-1218-documentation-and-memory-sync-for-delegated-wave.md"
"document:task:27b3b9ab93","document","implemented","Task","docs/planning/luc-1257-known-state-evidence-and-architecture-baseline.md","Docs Memory Lead","docs/planning/luc-1257-known-state-evidence-and-architecture-baseline.md"
"document:luc-1392-source-control-closure-for-luc-261-luc-1214-luc-1215-luc-1216-plus-3:fddab300bd","document","implemented","LUC-1392 Source Control Closure For LUC-261/LUC-1214/LUC-1215/LUC-1216 Plus 3","docs/planning/luc-1392-source-control-closure-luc-261-1214-1218-plus.md","Docs Memory Lead","docs/planning/luc-1392-source-control-closure-luc-261-1214-1218-plus.md"
"document:luc-1680-api-route-confidence-matrix:678ea79f24","document","implemented","LUC-1680 API Route Confidence Matrix","docs/planning/luc-1680-api-route-confidence-matrix.md","Docs Memory Lead","docs/planning/luc-1680-api-route-confidence-matrix.md"
"document:luc-1681-test-surface-reconciliation-from-known-state-baseline:438b57cb70","document","implemented","LUC-1681 Test Surface Reconciliation From Known-State Baseline","docs/planning/luc-1681-test-surface-reconciliation.md","Docs Memory Lead","docs/planning/luc-1681-test-surface-reconciliation.md"
"document:luc-1682-docs-and-architecture-graph-synchronization-hygiene-review:a75227756e","document","implemented","LUC-1682 Docs And Architecture Graph Synchronization Hygiene Review","docs/planning/luc-1682-docs-and-architecture-graph-synchronization-hygiene-review.md","Docs Memory Lead","docs/planning/luc-1682-docs-and-architecture-graph-synchronization-hygiene-review.md"
"document:luc-1719-source-control-closure-for-2026-06-03-dirty-docs-state-context-packet:616515911f","document","implemented","LUC-1719 Source Control Closure For 2026-06-03 Dirty Docs/State/Context Packet","docs/planning/luc-1719-source-control-closure-for-2026-06-03-dirty-docs-state-context-packet.md","Docs Memory Lead","docs/planning/luc-1719-source-control-closure-for-2026-06-03-dirty-docs-state-context-packet.md"
"document:luc-1808-known-state-evidence-and-architecture-baseline:0ca23d812b","document","implemented","LUC-1808 Known-State Evidence And Architecture Baseline","docs/planning/luc-1808-known-state-evidence-and-architecture-baseline.md","Docs Memory Lead","docs/planning/luc-1808-known-state-evidence-and-architecture-baseline.md"
"document:luc-1815-known-state-evidence-and-architecture-baseline:12fde20414","document","implemented","LUC-1815 Known-State Evidence And Architecture Baseline","docs/planning/luc-1815-known-state-evidence-and-architecture-baseline.md","Docs Memory Lead","docs/planning/luc-1815-known-state-evidence-and-architecture-baseline.md"
"document:luc-183-readiness-scan-note-preparation-only-non-mutating:f06e6aa7cb","document","implemented","LUC-183 Readiness Scan Note (Preparation-Only, Non-Mutating)","docs/planning/luc-183-intake-readiness-scan-note.md","Docs Memory Lead","docs/planning/luc-183-intake-readiness-scan-note.md"
"document:luc-186-legacy-docs-deletion-churn-triage-read-only:ecf1c8a2cd","document","implemented","LUC-186 Legacy Docs Deletion Churn Triage (Read-Only)","docs/planning/luc-186-legacy-docs-deletion-churn-triage.md","Docs Memory Lead","docs/planning/luc-186-legacy-docs-deletion-churn-triage.md"
"document:luc-187-canonical-docs-root-pin-and-takeover-handoff-preparation:96aa64c52d","document","implemented","LUC-187 Canonical Docs Root Pin And Takeover Handoff (Preparation)","docs/planning/luc-187-canonical-docs-root-and-takeover-handoff.md","Docs Memory Lead","docs/planning/luc-187-canonical-docs-root-and-takeover-handoff.md"
"document:luc-190-activation-readiness-review-after-scm-cleanup:72fd11995b","document","implemented","LUC-190 Activation Readiness Review After SCM Cleanup","docs/planning/luc-190-activation-readiness-review-after-scm-cleanup.md","Docs Memory Lead","docs/planning/luc-190-activation-readiness-review-after-scm-cleanup.md"
"document:luc-2362-dirty-state-context-docs-classification:45e28d0a3a","document","implemented","LUC-2362 Dirty State/Context/Docs Classification","docs/planning/luc-2362-dirty-state-context-docs-classification.md","Docs Memory Lead","docs/planning/luc-2362-dirty-state-context-docs-classification.md"
"document:luc-2401-source-control-classification-for-luc-261-dirty-docs-state-packet:6d04a28fc2","document","implemented","LUC-2401 Source-Control Classification For LUC-261 Dirty Docs/State Packet","docs/planning/luc-2401-source-control-classification-for-luc-261-dirty-docs-state-packet.md","Docs Memory Lead","docs/planning/luc-2401-source-control-classification-for-luc-261-dirty-docs-state-packet.md"
"document:task:01b0834ccf","document","implemented","Task","docs/planning/luc-2584-companycore-mcp-invalid-api-key-classification.md","Docs Memory Lead","docs/planning/luc-2584-companycore-mcp-invalid-api-key-classification.md"
"document:task:5926942b69","document","implemented","Task","docs/planning/luc-261-full-takeover-audit-and-operating-baseline.md","Docs Memory Lead","docs/planning/luc-261-full-takeover-audit-and-operating-baseline.md"
"document:task:6587ed0848","document","implemented","Task","docs/planning/luc-2708-roost-companycore-readiness-and-milestone-review.md","Docs Memory Lead","docs/planning/luc-2708-roost-companycore-readiness-and-milestone-review.md"
"document:task:343622ec36","document","implemented","Task","docs/planning/luc-2709-process-core-workflow-gap-audit.md","Docs Memory Lead","docs/planning/luc-2709-process-core-workflow-gap-audit.md"
"document:luc-271-deployment-mode-acceptance-criteria-clarification:f101ba18a7","document","implemented","LUC-271: Deployment-Mode Acceptance Criteria Clarification","docs/planning/luc-271-deployment-mode-acceptance-criteria.md","Docs Memory Lead","docs/planning/luc-271-deployment-mode-acceptance-criteria.md"
"document:task:ef48ab5f9c","document","implemented","Task","docs/planning/luc-2710-qa-local-readiness-ladder.md","Docs Memory Lead","docs/planning/luc-2710-qa-local-readiness-ladder.md"
"document:task:0e616fae32","document","implemented","Task","docs/planning/luc-2711-runtime-protected-gate-handoff-packet.md","Docs Memory Lead","docs/planning/luc-2711-runtime-protected-gate-handoff-packet.md"
"document:task:e619c098a1","document","implemented","Task","docs/planning/luc-2713-process-core-read-only-coverage-packet.md","Docs Memory Lead","docs/planning/luc-2713-process-core-read-only-coverage-packet.md"
"document:task:6c664613cc","document","implemented","Task","docs/planning/luc-2814-non-secret-companycore-mcp-key-repair-evidence.md","Docs Memory Lead","docs/planning/luc-2814-non-secret-companycore-mcp-key-repair-evidence.md"
"document:task:7a60af3a51","document","implemented","Task","docs/planning/luc-2815-non-secret-companycore-mcp-target-binding-evidence.md","Docs Memory Lead","docs/planning/luc-2815-non-secret-companycore-mcp-target-binding-evidence.md"
"document:luc-2830-known-state-evidence-and-architecture-baseline:5a89e4d6b7","document","implemented","LUC-2830 Known-State Evidence And Architecture Baseline","docs/planning/luc-2830-known-state-evidence-and-architecture-baseline.md","Docs Memory Lead","docs/planning/luc-2830-known-state-evidence-and-architecture-baseline.md"
"document:luc-2833-source-control-closure-for-luc-2830-known-state-baseline:d20ac0467d","document","implemented","LUC-2833 Source-Control Closure For LUC-2830 Known-State Baseline","docs/planning/luc-2833-source-control-closure-for-luc-2830-known-state-baseline.md","Docs Memory Lead","docs/planning/luc-2833-source-control-closure-for-luc-2830-known-state-baseline.md"
"document:luc-2923-known-state-evidence-and-architecture-baseline:33609075fb","document","implemented","LUC-2923 Known-State Evidence And Architecture Baseline","docs/planning/luc-2923-known-state-evidence-and-architecture-baseline.md","Docs Memory Lead","docs/planning/luc-2923-known-state-evidence-and-architecture-baseline.md"
"document:luc-2927-source-control-closure-for-luc-2923-known-state-baseline:99398b9fe6","document","implemented","LUC-2927 Source-Control Closure For LUC-2923 Known-State Baseline","docs/planning/luc-2927-source-control-closure-for-luc-2923-known-state-baseline.md","Docs Memory Lead","docs/planning/luc-2927-source-control-closure-for-luc-2923-known-state-baseline.md"
"document:task:8b670ddd14","document","implemented","Task","docs/planning/luc-2969-companycore-mcp-target-binding-source-facts.md","Docs Memory Lead","docs/planning/luc-2969-companycore-mcp-target-binding-source-facts.md"
"document:task:b11003838a","document","implemented","Task","docs/planning/luc-2971-key-bearing-mcp-manifest-acceptance-evidence.md","Docs Memory Lead","docs/planning/luc-2971-key-bearing-mcp-manifest-acceptance-evidence.md"
"document:luc-3371-roost-companycore-readiness-and-milestone-review:2665af4576","document","implemented","LUC-3371 Roost CompanyCore Readiness And Milestone Review","docs/planning/luc-3371-roost-companycore-readiness-and-milestone-review.md","Docs Memory Lead","docs/planning/luc-3371-roost-companycore-readiness-and-milestone-review.md"
"document:luc-3453-roost-companycore-readiness-and-milestone-review:2eb71399b5","document","implemented","LUC-3453 Roost CompanyCore Readiness And Milestone Review","docs/planning/luc-3453-roost-companycore-readiness-and-milestone-review.md","Docs Memory Lead","docs/planning/luc-3453-roost-companycore-readiness-and-milestone-review.md"
"document:task:4fc82f27c0","document","implemented","Task","docs/planning/luc-3497-companycore-runtime-binding-facts-for-luc-2971.md","Docs Memory Lead","docs/planning/luc-3497-companycore-runtime-binding-facts-for-luc-2971.md"
"document:task:4a9e43ca8e","document","implemented","Task","docs/planning/luc-3521-key-bearing-mcp-manifest-runtime-evidence-for-luc-2971.md","Docs Memory Lead","docs/planning/luc-3521-key-bearing-mcp-manifest-runtime-evidence-for-luc-2971.md"
"document:luc-3533-known-state-repair-lanes:89e5281b2a","document","implemented","LUC-3533 Known-State Repair Lanes","docs/planning/luc-3533-known-state-repair-lanes.md","Docs Memory Lead","docs/planning/luc-3533-known-state-repair-lanes.md"
"document:luc-3543-scanner-artifact-hygiene-for-known-state-reports:fb93e14461","document","implemented","LUC-3543 Scanner Artifact Hygiene For Known-State Reports","docs/planning/luc-3543-scanner-artifact-hygiene-known-state-reports.md","Docs Memory Lead","docs/planning/luc-3543-scanner-artifact-hygiene-known-state-reports.md"
"document:luc-3544-task-link-classification-for-unlinked-implementation-rows:6a8b26047d","document","implemented","LUC-3544 Task-Link Classification For Unlinked Implementation Rows","docs/planning/luc-3544-task-link-classification-for-unlinked-implementation-rows.md","Docs Memory Lead","docs/planning/luc-3544-task-link-classification-for-unlinked-implementation-rows.md"
"document:luc-3545-first-proof-ladder-from-implementation-without-tests:a06e87395b","document","implemented","LUC-3545 First Proof Ladder From Implementation-Without-Tests","docs/planning/luc-3545-first-proof-ladder-from-implementation-without-tests.md","Docs Memory Lead","docs/planning/luc-3545-first-proof-ladder-from-implementation-without-tests.md"
"document:luc-3678-source-control-dirty-groups-from-control-tick:ed1d79788f","document","implemented","LUC-3678 Source-Control Dirty Groups From Control Tick","docs/planning/luc-3678-source-control-dirty-groups-from-control-tick.md","Docs Memory Lead","docs/planning/luc-3678-source-control-dirty-groups-from-control-tick.md"
"document:luc-3703-known-state-evidence-and-architecture-baseline:2828cd8225","document","implemented","LUC-3703 Known-State Evidence And Architecture Baseline","docs/planning/luc-3703-known-state-evidence-and-architecture-baseline.md","Docs Memory Lead","docs/planning/luc-3703-known-state-evidence-and-architecture-baseline.md"
"document:luc-3713-process-core-integration-rung-with-local-api-test-database:14c655edb5","document","implemented","LUC-3713 Process Core Integration Rung With Local API Test Database","docs/planning/luc-3713-process-core-integration-rung-local-api-test-database.md","Docs Memory Lead","docs/planning/luc-3713-process-core-integration-rung-local-api-test-database.md"
"document:luc-3716-local-api-test-operatingarea-fixture-repair:431f776563","document","implemented","LUC-3716 Local API Test OperatingArea Fixture Repair","docs/planning/luc-3716-local-api-test-operating-area-fixture-repair.md","Docs Memory Lead","docs/planning/luc-3716-local-api-test-operating-area-fixture-repair.md"
"document:luc-3754-roost-companycore-readiness-and-milestone-review:351e85281f","document","implemented","LUC-3754 Roost CompanyCore Readiness And Milestone Review","docs/planning/luc-3754-roost-companycore-readiness-and-milestone-review.md","Docs Memory Lead","docs/planning/luc-3754-roost-companycore-readiness-and-milestone-review.md"
"document:luc-3968-roost-companycore-readiness-and-milestone-review:6a5ddc4148","document","implemented","LUC-3968 Roost CompanyCore Readiness And Milestone Review","docs/planning/luc-3968-roost-companycore-readiness-and-milestone-review.md","Docs Memory Lead","docs/planning/luc-3968-roost-companycore-readiness-and-milestone-review.md"
"document:task:5147ddcc6d","document","implemented","Task","docs/planning/luc-419-known-state-evidence-collection-and-architecture-baseline.md","Docs Memory Lead","docs/planning/luc-419-known-state-evidence-collection-and-architecture-baseline.md"
"document:luc-4239-roost-companycore-readiness-and-milestone-review:5f6665c479","document","implemented","LUC-4239 Roost CompanyCore Readiness And Milestone Review","docs/planning/luc-4239-roost-companycore-readiness-and-milestone-review.md","Docs Memory Lead","docs/planning/luc-4239-roost-companycore-readiness-and-milestone-review.md"
"document:luc-4389-roost-companycore-readiness-and-milestone-review:85dcd2b341","document","implemented","LUC-4389 Roost CompanyCore Readiness And Milestone Review","docs/planning/luc-4389-roost-companycore-readiness-and-milestone-review.md","Docs Memory Lead","docs/planning/luc-4389-roost-companycore-readiness-and-milestone-review.md"
"document:luc-4438-roost-protected-gate-recheck:75e28b5fe0","document","implemented","LUC-4438 Roost Protected Gate Recheck","docs/planning/luc-4438-roost-protected-gate-recheck.md","Docs Memory Lead","docs/planning/luc-4438-roost-protected-gate-recheck.md"
"document:luc-4459-known-state-evidence-and-architecture-baseline:5d6b5f1bc1","document","implemented","LUC-4459 Known-State Evidence And Architecture Baseline","docs/planning/luc-4459-known-state-evidence-and-architecture-baseline.md","Docs Memory Lead","docs/planning/luc-4459-known-state-evidence-and-architecture-baseline.md"
"document:luc-4490-known-state-evidence-and-architecture-baseline:591dee1e55","document","implemented","LUC-4490 Known-State Evidence And Architecture Baseline","docs/planning/luc-4490-known-state-evidence-and-architecture-baseline.md","Docs Memory Lead","docs/planning/luc-4490-known-state-evidence-and-architecture-baseline.md"
"document:luc-4524-known-state-evidence-and-architecture-baseline:251d296b88","document","implemented","LUC-4524 Known-State Evidence And Architecture Baseline","docs/planning/luc-4524-known-state-evidence-and-architecture-baseline.md","Docs Memory Lead","docs/planning/luc-4524-known-state-evidence-and-architecture-baseline.md"
"document:luc-4528-source-control-closure-for-luc-4524-known-state-packet:024665bd8b","document","implemented","LUC-4528 Source-Control Closure For LUC-4524 Known-State Packet","docs/planning/luc-4528-source-control-closure-for-luc-4524-known-state-packet.md","Docs Memory Lead","docs/planning/luc-4528-source-control-closure-for-luc-4524-known-state-packet.md"
"document:luc-4558-known-state-evidence-and-architecture-baseline:878e3521e1","document","implemented","LUC-4558 Known-State Evidence And Architecture Baseline","docs/planning/luc-4558-known-state-evidence-and-architecture-baseline.md","Docs Memory Lead","docs/planning/luc-4558-known-state-evidence-and-architecture-baseline.md"
"document:luc-4562-source-control-closure-for-luc-4558-known-state-packet:99619f89aa","document","implemented","LUC-4562 Source-Control Closure For LUC-4558 Known-State Packet","docs/planning/luc-4562-source-control-closure-for-luc-4558-known-state-packet.md","Docs Memory Lead","docs/planning/luc-4562-source-control-closure-for-luc-4558-known-state-packet.md"
"document:luc-4568-roost-companycore-readiness-and-milestone-review:d22b3ea81d","document","implemented","LUC-4568 Roost CompanyCore Readiness And Milestone Review","docs/planning/luc-4568-roost-companycore-readiness-and-milestone-review.md","Docs Memory Lead","docs/planning/luc-4568-roost-companycore-readiness-and-milestone-review.md"
"document:luc-4601-known-state-evidence-and-architecture-baseline:28a0517f61","document","implemented","LUC-4601 Known-State Evidence And Architecture Baseline","docs/planning/luc-4601-known-state-evidence-and-architecture-baseline.md","Docs Memory Lead","docs/planning/luc-4601-known-state-evidence-and-architecture-baseline.md"
"document:luc-4605-source-control-closure-for-luc-4601-known-state-packet:359cf1b086","document","implemented","LUC-4605 Source-Control Closure For LUC-4601 Known-State Packet","docs/planning/luc-4605-source-control-closure-for-luc-4601-known-state-packet.md","Docs Memory Lead","docs/planning/luc-4605-source-control-closure-for-luc-4601-known-state-packet.md"
"document:luc-4623-known-state-evidence-and-architecture-baseline:1569981831","document","implemented","LUC-4623 Known-State Evidence And Architecture Baseline","docs/planning/luc-4623-known-state-evidence-and-architecture-baseline.md","Docs Memory Lead","docs/planning/luc-4623-known-state-evidence-and-architecture-baseline.md"
"document:luc-4627-source-control-closure-for-luc-4623-known-state-packet:2abd3d94cb","document","implemented","LUC-4627 Source-Control Closure For LUC-4623 Known-State Packet","docs/planning/luc-4627-source-control-closure-for-luc-4623-known-state-packet.md","Docs Memory Lead","docs/planning/luc-4627-source-control-closure-for-luc-4623-known-state-packet.md"
"document:luc-4646-known-state-evidence-and-architecture-baseline:aa9afe0703","document","implemented","LUC-4646 Known-State Evidence And Architecture Baseline","docs/planning/luc-4646-known-state-evidence-and-architecture-baseline.md","Docs Memory Lead","docs/planning/luc-4646-known-state-evidence-and-architecture-baseline.md"
"document:luc-4651-source-control-closure-for-luc-4646-evidence-packet:02c7bca19d","document","implemented","LUC-4651 Source-Control Closure For LUC-4646 Evidence Packet","docs/planning/luc-4651-source-control-closure-for-luc-4646-evidence-packet.md","Docs Memory Lead","docs/planning/luc-4651-source-control-closure-for-luc-4646-evidence-packet.md"
"document:luc-4718-known-state-evidence-and-architecture-baseline:cc18fc7ddd","document","implemented","LUC-4718 Known-State Evidence And Architecture Baseline","docs/planning/luc-4718-known-state-evidence-and-architecture-baseline.md","Docs Memory Lead","docs/planning/luc-4718-known-state-evidence-and-architecture-baseline.md"
"document:luc-4721-source-control-closure-for-luc-4718-evidence-packet:c3388565b6","document","implemented","LUC-4721 Source-Control Closure For LUC-4718 Evidence Packet","docs/planning/luc-4721-source-control-closure-for-luc-4718-evidence-packet.md","Docs Memory Lead","docs/planning/luc-4721-source-control-closure-for-luc-4718-evidence-packet.md"
"document:luc-4731-known-state-evidence-and-architecture-baseline:10ac92db06","document","implemented","LUC-4731 Known-State Evidence And Architecture Baseline","docs/planning/luc-4731-known-state-evidence-and-architecture-baseline.md","Docs Memory Lead","docs/planning/luc-4731-known-state-evidence-and-architecture-baseline.md"
"document:luc-4737-source-control-closure-for-luc-4731-evidence-packet:41356c8a86","document","implemented","LUC-4737 Source-Control Closure For LUC-4731 Evidence Packet","docs/planning/luc-4737-source-control-closure-for-luc-4731-evidence-packet.md","Docs Memory Lead","docs/planning/luc-4737-source-control-closure-for-luc-4731-evidence-packet.md"
"document:luc-4739-known-state-evidence-and-architecture-baseline:5151d770be","document","implemented","LUC-4739 Known-State Evidence And Architecture Baseline","docs/planning/luc-4739-known-state-evidence-and-architecture-baseline.md","Docs Memory Lead","docs/planning/luc-4739-known-state-evidence-and-architecture-baseline.md"
"document:luc-4742-source-control-closure-for-luc-4739-evidence-packet:ec0821deae","document","implemented","LUC-4742 Source-Control Closure For LUC-4739 Evidence Packet","docs/planning/luc-4742-source-control-closure-for-luc-4739-evidence-packet.md","Docs Memory Lead","docs/planning/luc-4742-source-control-closure-for-luc-4739-evidence-packet.md"
"document:luc-4748-known-state-evidence-and-architecture-baseline:e30d6fc7a6","document","implemented","LUC-4748 Known-State Evidence And Architecture Baseline","docs/planning/luc-4748-known-state-evidence-and-architecture-baseline.md","Docs Memory Lead","docs/planning/luc-4748-known-state-evidence-and-architecture-baseline.md"
"document:luc-4751-source-control-closure-for-luc-4748-known-state-packet:eaccad52d2","document","implemented","LUC-4751 Source-Control Closure For LUC-4748 Known-State Packet","docs/planning/luc-4751-source-control-closure-for-luc-4748-evidence-packet.md","Docs Memory Lead","docs/planning/luc-4751-source-control-closure-for-luc-4748-evidence-packet.md"
"document:luc-4754-residual-generated-drift-after-luc-4739:b15bdd8dab","document","implemented","LUC-4754 Residual Generated Drift After LUC-4739","docs/planning/luc-4754-residual-generated-drift-after-luc-4739.md","Docs Memory Lead","docs/planning/luc-4754-residual-generated-drift-after-luc-4739.md"
"document:luc-4757-known-state-evidence-and-architecture-baseline:7f5d77caf7","document","implemented","LUC-4757 Known-State Evidence And Architecture Baseline","docs/planning/luc-4757-known-state-evidence-and-architecture-baseline.md","Docs Memory Lead","docs/planning/luc-4757-known-state-evidence-and-architecture-baseline.md"
"document:luc-4762-source-control-closure-for-luc-4757-known-state-packet:c1691eed7b","document","implemented","LUC-4762 Source-Control Closure For LUC-4757 Known-State Packet","docs/planning/luc-4762-source-control-closure-for-luc-4757-evidence-packet.md","Docs Memory Lead","docs/planning/luc-4762-source-control-closure-for-luc-4757-evidence-packet.md"
"document:luc-4763-first-proof-ladder-target-from-implementation-without-tests:b8667470a3","document","implemented","LUC-4763 First Proof-Ladder Target From Implementation-Without-Tests","docs/planning/luc-4763-first-proof-ladder-target-from-implementation-without-tests.md","Docs Memory Lead","docs/planning/luc-4763-first-proof-ladder-target-from-implementation-without-tests.md"
"document:luc-4774-known-state-evidence-and-architecture-baseline:fce86bc340","document","implemented","LUC-4774 Known-State Evidence And Architecture Baseline","docs/planning/luc-4774-known-state-evidence-and-architecture-baseline.md","Docs Memory Lead","docs/planning/luc-4774-known-state-evidence-and-architecture-baseline.md"
"document:luc-4777-operations-work-items-proof-ladder:fe8b8063d3","document","implemented","LUC-4777 Operations Work-Items Proof Ladder","docs/planning/luc-4777-operations-work-items-proof-ladder.md","Docs Memory Lead","docs/planning/luc-4777-operations-work-items-proof-ladder.md"
"document:luc-4778-source-control-closure-for-luc-4774-known-state-packet:65e2b792d6","document","implemented","LUC-4778 Source-Control Closure For LUC-4774 Known-State Packet","docs/planning/luc-4778-source-control-closure-for-luc-4774-evidence-packet.md","Docs Memory Lead","docs/planning/luc-4778-source-control-closure-for-luc-4774-evidence-packet.md"
"document:luc-4779-restore-local-api-test-database-path:3a6dada2e7","document","implemented","LUC-4779 Restore Local API Test Database Path","docs/planning/luc-4779-restore-local-api-test-database-path.md","Docs Memory Lead","docs/planning/luc-4779-restore-local-api-test-database-path.md"
"document:luc-4784-known-state-evidence-and-architecture-baseline:728369bd52","document","implemented","LUC-4784 Known-State Evidence And Architecture Baseline","docs/planning/luc-4784-known-state-evidence-and-architecture-baseline.md","Docs Memory Lead","docs/planning/luc-4784-known-state-evidence-and-architecture-baseline.md"
"document:luc-4787-source-control-closure-for-luc-4784-evidence-packet:2bc68483ba","document","implemented","LUC-4787 Source-Control Closure For LUC-4784 Evidence Packet","docs/planning/luc-4787-source-control-closure-for-luc-4784-evidence-packet.md","Docs Memory Lead","docs/planning/luc-4787-source-control-closure-for-luc-4784-evidence-packet.md"
"document:luc-4795-known-state-evidence-and-architecture-baseline:4f8327b872","document","implemented","LUC-4795 Known-State Evidence And Architecture Baseline","docs/planning/luc-4795-known-state-evidence-and-architecture-baseline.md","Docs Memory Lead","docs/planning/luc-4795-known-state-evidence-and-architecture-baseline.md"
"document:luc-4798-source-control-closure-for-luc-4795-evidence-packet:031f1129f3","document","implemented","LUC-4798 Source-Control Closure For LUC-4795 Evidence Packet","docs/planning/luc-4798-source-control-closure-for-luc-4795-evidence-packet.md","Docs Memory Lead","docs/planning/luc-4798-source-control-closure-for-luc-4795-evidence-packet.md"
"document:luc-4808-known-state-evidence-and-architecture-baseline:1fa2874211","document","implemented","LUC-4808 Known-State Evidence And Architecture Baseline","docs/planning/luc-4808-known-state-evidence-and-architecture-baseline.md","Docs Memory Lead","docs/planning/luc-4808-known-state-evidence-and-architecture-baseline.md"
"document:luc-4812-source-control-closure-for-luc-4808-evidence-packet:876c60ce05","document","implemented","LUC-4812 Source-Control Closure For LUC-4808 Evidence Packet","docs/planning/luc-4812-source-control-closure-for-luc-4808-evidence-packet.md","Docs Memory Lead","docs/planning/luc-4812-source-control-closure-for-luc-4808-evidence-packet.md"
"document:luc-4813-assets-proof-ladder-target-from-implementation-without-tests:bee7b8946b","document","implemented","LUC-4813 Assets Proof-Ladder Target From Implementation-Without-Tests","docs/planning/luc-4813-assets-proof-ladder-target-from-implementation-without-tests.md","Docs Memory Lead","docs/planning/luc-4813-assets-proof-ladder-target-from-implementation-without-tests.md"
"document:luc-4821-assets-files-folders-proof-ladder:ebad0c5bf4","document","implemented","LUC-4821 Assets Files/Folders Proof Ladder","docs/planning/luc-4821-assets-files-folders-proof-ladder.md","Docs Memory Lead","docs/planning/luc-4821-assets-files-folders-proof-ladder.md"
"document:luc-4824-known-state-evidence-and-architecture-baseline:b81849e6ea","document","implemented","LUC-4824 Known-State Evidence And Architecture Baseline","docs/planning/luc-4824-known-state-evidence-and-architecture-baseline.md","Docs Memory Lead","docs/planning/luc-4824-known-state-evidence-and-architecture-baseline.md"
"document:luc-4831-source-control-closure-for-luc-4824-evidence-packet:174e9c8a7a","document","implemented","LUC-4831 Source-Control Closure For LUC-4824 Evidence Packet","docs/planning/luc-4831-source-control-closure-for-luc-4824-evidence-packet.md","Docs Memory Lead","docs/planning/luc-4831-source-control-closure-for-luc-4824-evidence-packet.md"
"document:luc-4834-source-control-closure-for-combined-evidence-batch:7cd2ed1149","document","implemented","LUC-4834 Source-Control Closure For Combined Evidence Batch","docs/planning/luc-4834-source-control-closure-for-combined-evidence-batch.md","Docs Memory Lead","docs/planning/luc-4834-source-control-closure-for-combined-evidence-batch.md"
"document:luc-4837-known-state-evidence-and-architecture-baseline:6704c4c8c8","document","implemented","LUC-4837 Known-State Evidence And Architecture Baseline","docs/planning/luc-4837-known-state-evidence-and-architecture-baseline.md","Docs Memory Lead","docs/planning/luc-4837-known-state-evidence-and-architecture-baseline.md"
"document:luc-4841-source-control-closure-for-luc-4837-evidence-packet:ef8566fce8","document","implemented","LUC-4841 Source-Control Closure For LUC-4837 Evidence Packet","docs/planning/luc-4841-source-control-closure-for-luc-4837-evidence-packet.md","Docs Memory Lead","docs/planning/luc-4841-source-control-closure-for-luc-4837-evidence-packet.md"
"document:luc-4842-relationships-proof-ladder-target-from-test-evidence-debt:49722e1e69","document","implemented","LUC-4842 Relationships Proof-Ladder Target From Test-Evidence Debt","docs/planning/luc-4842-relationships-proof-ladder-target-from-test-evidence-debt.md","Docs Memory Lead","docs/planning/luc-4842-relationships-proof-ladder-target-from-test-evidence-debt.md"
"document:luc-4844-relationships-context-proof-ladder:ff746b9615","document","implemented","LUC-4844 Relationships Context Proof Ladder","docs/planning/luc-4844-relationships-context-proof-ladder.md","Docs Memory Lead","docs/planning/luc-4844-relationships-context-proof-ladder.md"
"document:luc-4847-relationships-evidence-visibility-repair:1705fd2253","document","implemented","LUC-4847 Relationships Evidence Visibility Repair","docs/planning/luc-4847-relationships-evidence-visibility-repair.md","Docs Memory Lead","docs/planning/luc-4847-relationships-evidence-visibility-repair.md"
"document:luc-4850-known-state-evidence-and-architecture-baseline:c3d23c2749","document","implemented","LUC-4850 Known-State Evidence And Architecture Baseline","docs/planning/luc-4850-known-state-evidence-and-architecture-baseline.md","Docs Memory Lead","docs/planning/luc-4850-known-state-evidence-and-architecture-baseline.md"
"document:luc-4855-source-control-closure-for-luc-4844-luc-4847-luc-4850-evidence-batch:5e2bbc15aa","document","implemented","LUC-4855 Source-Control Closure For LUC-4844/LUC-4847/LUC-4850 Evidence Batch","docs/planning/luc-4855-source-control-closure-for-luc-4844-4847-4850-evidence-batch.md","Docs Memory Lead","docs/planning/luc-4855-source-control-closure-for-luc-4844-4847-4850-evidence-batch.md"
"document:luc-4856-tmp-proof-harness-scanner-hygiene:7d127cfdd7","document","implemented","LUC-4856 Tmp Proof Harness Scanner Hygiene","docs/planning/luc-4856-tmp-proof-harness-scanner-hygiene.md","Docs Memory Lead","docs/planning/luc-4856-tmp-proof-harness-scanner-hygiene.md"
"document:luc-4857-product-delivery-proof-ladder-target-after-relationships:934be35156","document","implemented","LUC-4857 Product & Delivery Proof-Ladder Target After Relationships","docs/planning/luc-4857-product-delivery-proof-ladder-target-after-relationships.md","Docs Memory Lead","docs/planning/luc-4857-product-delivery-proof-ladder-target-after-relationships.md"
"document:luc-4861-product-delivery-proof-ladder:680ee89f97","document","implemented","LUC-4861 Product & Delivery Proof Ladder","docs/planning/luc-4861-product-delivery-proof-ladder.md","Docs Memory Lead","docs/planning/luc-4861-product-delivery-proof-ladder.md"
"document:luc-4863-source-control-closure-for-luc-4861-proof-ladder-evidence-batch:1ae5d9d342","document","implemented","LUC-4863 Source-Control Closure For LUC-4861 Proof-Ladder Evidence Batch","docs/planning/luc-4863-source-control-closure-for-luc-4861-proof-ladder-evidence-batch.md","Docs Memory Lead","docs/planning/luc-4863-source-control-closure-for-luc-4861-proof-ladder-evidence-batch.md"
"document:luc-4864-known-state-evidence-and-architecture-baseline:641a23b3a2","document","implemented","LUC-4864 Known-State Evidence And Architecture Baseline","docs/planning/luc-4864-known-state-evidence-and-architecture-baseline.md","Docs Memory Lead","docs/planning/luc-4864-known-state-evidence-and-architecture-baseline.md"
"document:luc-4868-source-control-closure-for-luc-4864-known-state-evidence-packet:073d37062e","document","implemented","LUC-4868 Source-Control Closure For LUC-4864 Known-State Evidence Packet","docs/planning/luc-4868-source-control-closure-for-luc-4864-known-state-evidence-packet.md","Docs Memory Lead","docs/planning/luc-4868-source-control-closure-for-luc-4864-known-state-evidence-packet.md"
"document:luc-4872-known-state-evidence-and-architecture-baseline:7a0e9fcda5","document","implemented","LUC-4872 Known-State Evidence And Architecture Baseline","docs/planning/luc-4872-known-state-evidence-and-architecture-baseline.md","Docs Memory Lead","docs/planning/luc-4872-known-state-evidence-and-architecture-baseline.md"
"document:luc-4879-source-control-closure-for-luc-4872-known-state-evidence-packet:2f9230dc8c","document","implemented","LUC-4879 Source-Control Closure For LUC-4872 Known-State Evidence Packet","docs/planning/luc-4879-source-control-closure-for-luc-4872-known-state-evidence-packet.md","Docs Memory Lead","docs/planning/luc-4879-source-control-closure-for-luc-4872-known-state-evidence-packet.md"
"document:luc-4880-technology-and-ai-infrastructure-proof-ladder:e65ffc6f8e","document","implemented","LUC-4880 Technology And AI Infrastructure Proof Ladder","docs/planning/luc-4880-technology-ai-proof-ladder.md","Docs Memory Lead","docs/planning/luc-4880-technology-ai-proof-ladder.md"
"document:luc-4881-known-state-evidence-and-architecture-baseline:64e14a2af9","document","implemented","LUC-4881 Known-State Evidence And Architecture Baseline","docs/planning/luc-4881-known-state-evidence-and-architecture-baseline.md","Docs Memory Lead","docs/planning/luc-4881-known-state-evidence-and-architecture-baseline.md"
"document:luc-4882-source-control-closure-for-luc-4881-evidence-packet:167039583d","document","implemented","LUC-4882 Source-Control Closure For LUC-4881 Evidence Packet","docs/planning/luc-4882-source-control-closure-for-luc-4881-evidence-packet.md","Docs Memory Lead","docs/planning/luc-4882-source-control-closure-for-luc-4881-evidence-packet.md"
"document:luc-4883-architecture-awareness-baseline-gap-curation:7e2af4a16d","document","implemented","LUC-4883 Architecture Awareness Baseline Gap Curation","docs/planning/luc-4883-architecture-awareness-baseline-gap-curation.md","Docs Memory Lead","docs/planning/luc-4883-architecture-awareness-baseline-gap-curation.md"
"document:luc-4885-known-state-evidence-and-architecture-baseline:b5af1a18fc","document","implemented","LUC-4885 Known-State Evidence And Architecture Baseline","docs/planning/luc-4885-known-state-evidence-and-architecture-baseline.md","Docs Memory Lead","docs/planning/luc-4885-known-state-evidence-and-architecture-baseline.md"
"document:luc-4888-technology-and-ai-infrastructure-proof-ladder-closure:4a8292a256","document","implemented","LUC-4888 Technology And AI Infrastructure Proof Ladder Closure","docs/planning/luc-4888-technology-ai-proof-ladder-closure.md","Docs Memory Lead","docs/planning/luc-4888-technology-ai-proof-ladder-closure.md"
"document:luc-4889-source-control-closure-for-luc-4880-luc-4881-luc-4883-evidence-batch:9bc74a847f","document","implemented","LUC-4889 Source-Control Closure For LUC-4880/LUC-4881/LUC-4883 Evidence Batch","docs/planning/luc-4889-source-control-closure-for-luc-4880-4881-4883-evidence-batch.md","Docs Memory Lead","docs/planning/luc-4889-source-control-closure-for-luc-4880-4881-4883-evidence-batch.md"
"document:luc-4900-known-state-evidence-and-architecture-baseline:68de691a71","document","implemented","LUC-4900 Known-State Evidence And Architecture Baseline","docs/planning/luc-4900-known-state-evidence-and-architecture-baseline.md","Docs Memory Lead","docs/planning/luc-4900-known-state-evidence-and-architecture-baseline.md"
"document:luc-4905-source-control-closure-for-luc-4900-known-state-evidence-packet:88ff2c9a1c","document","implemented","LUC-4905 Source-Control Closure For LUC-4900 Known-State Evidence Packet","docs/planning/luc-4905-source-control-closure-for-luc-4900-known-state-evidence-packet.md","Docs Memory Lead","docs/planning/luc-4905-source-control-closure-for-luc-4900-known-state-evidence-packet.md"
"document:luc-4906-legal-operating-graph-overview-proof-ladder:a775f4a8cf","document","implemented","LUC-4906 Legal Operating Graph Overview Proof Ladder","docs/planning/luc-4906-legal-proof-ladder.md","Docs Memory Lead","docs/planning/luc-4906-legal-proof-ladder.md"
"document:luc-4916-known-state-evidence-and-architecture-baseline:1c3bd384d9","document","implemented","LUC-4916 Known-State Evidence And Architecture Baseline","docs/planning/luc-4916-known-state-evidence-and-architecture-baseline.md","Docs Memory Lead","docs/planning/luc-4916-known-state-evidence-and-architecture-baseline.md"
"document:luc-4919-source-control-closure-for-luc-4916-known-state-evidence-packet:d447d1be6d","document","implemented","LUC-4919 Source-Control Closure For LUC-4916 Known-State Evidence Packet","docs/planning/luc-4919-source-control-closure-for-luc-4916-known-state-evidence-packet.md","Docs Memory Lead","docs/planning/luc-4919-source-control-closure-for-luc-4916-known-state-evidence-packet.md"
"document:luc-4920-innovation-operating-graph-overview-proof-ladder:c9342f2078","document","implemented","LUC-4920 Innovation Operating Graph Overview Proof Ladder","docs/planning/luc-4920-innovation-proof-ladder.md","Docs Memory Lead","docs/planning/luc-4920-innovation-proof-ladder.md"
"document:luc-4921-roost-companycore-readiness-and-milestone-review:03f14d51de","document","implemented","LUC-4921 - Roost CompanyCore Readiness And Milestone Review","docs/planning/luc-4921-roost-companycore-readiness-and-milestone-review.md","Docs Memory Lead","docs/planning/luc-4921-roost-companycore-readiness-and-milestone-review.md"
"document:luc-4926-source-control-closure-for-luc-4920-innovation-proof-packet:e88b81be92","document","implemented","LUC-4926 Source-Control Closure For LUC-4920 Innovation Proof Packet","docs/planning/luc-4926-source-control-closure-for-luc-4920-innovation-proof-packet.md","Docs Memory Lead","docs/planning/luc-4926-source-control-closure-for-luc-4920-innovation-proof-packet.md"
"document:luc-4927-12-management-proof-selection:8eb8567370","document","implemented","LUC-4927 - 12 Management Proof Selection","docs/planning/luc-4927-management-proof-selection.md","Docs Memory Lead","docs/planning/luc-4927-management-proof-selection.md"
"document:luc-4935-source-control-closure-for-luc-4931-architecture-awareness-refresh-artifacts:967de21d31","document","implemented","LUC-4935 Source Control Closure For LUC-4931 Architecture Awareness Refresh Artifacts","docs/planning/luc-4935-source-control-closure-for-luc-4931-architecture-awareness-refresh-artifacts.md","Docs Memory Lead","docs/planning/luc-4935-source-control-closure-for-luc-4931-architecture-awareness-refresh-artifacts.md"
"document:luc-4936-management-departments-api-regression-coverage:20e658142c","document","implemented","LUC-4936 - Management Departments API Regression Coverage","docs/planning/luc-4936-management-departments-api-regression-coverage.md","Docs Memory Lead","docs/planning/luc-4936-management-departments-api-regression-coverage.md"
"document:luc-4937-roost-product-capability-map:63773d3d1f","document","implemented","LUC-4937 Roost Product Capability Map","docs/planning/luc-4937-roost-product-capability-map.md","Docs Memory Lead","docs/planning/luc-4937-roost-product-capability-map.md"
"document:luc-4941-known-state-evidence-and-architecture-baseline:eda2b6a8c2","document","implemented","LUC-4941 Known-State Evidence And Architecture Baseline","docs/planning/luc-4941-known-state-evidence-and-architecture-baseline.md","Docs Memory Lead","docs/planning/luc-4941-known-state-evidence-and-architecture-baseline.md"
"document:luc-4952-known-state-evidence-and-architecture-baseline:5ad6754744","document","implemented","LUC-4952 Known-State Evidence And Architecture Baseline","docs/planning/luc-4952-known-state-evidence-and-architecture-baseline.md","Docs Memory Lead","docs/planning/luc-4952-known-state-evidence-and-architecture-baseline.md"
"document:luc-4956-source-control-closure-for-luc-4952-known-state-evidence-packet:e5181b5764","document","implemented","LUC-4956 Source-Control Closure For LUC-4952 Known-State Evidence Packet","docs/planning/luc-4956-source-control-closure-for-luc-4952-known-state-evidence-packet.md","Docs Memory Lead","docs/planning/luc-4956-source-control-closure-for-luc-4952-known-state-evidence-packet.md"
"document:luc-4957-implementation-without-tests-architecture-health-signal-curation:2440a0035b","document","implemented","LUC-4957 Implementation-Without-Tests Architecture Health Signal Curation","docs/planning/luc-4957-implementation-without-tests-architecture-health-signal-curation.md","Docs Memory Lead","docs/planning/luc-4957-implementation-without-tests-architecture-health-signal-curation.md"
"document:luc-4962-known-state-evidence-and-architecture-baseline:571679d4c7","document","implemented","LUC-4962 Known-State Evidence And Architecture Baseline","docs/planning/luc-4962-known-state-evidence-and-architecture-baseline.md","Docs Memory Lead","docs/planning/luc-4962-known-state-evidence-and-architecture-baseline.md"
"document:luc-4965-source-control-closure-for-luc-4962-known-state-evidence-packet:c89b703bfa","document","implemented","LUC-4965 Source-Control Closure For LUC-4962 Known-State Evidence Packet","docs/planning/luc-4965-source-control-closure-for-luc-4962-known-state-evidence-packet.md","Docs Memory Lead","docs/planning/luc-4965-source-control-closure-for-luc-4962-known-state-evidence-packet.md"
"document:luc-4968-known-state-evidence-and-architecture-baseline:b0ce55d5e4","document","implemented","LUC-4968 Known-State Evidence And Architecture Baseline","docs/planning/luc-4968-known-state-evidence-and-architecture-baseline.md","Docs Memory Lead","docs/planning/luc-4968-known-state-evidence-and-architecture-baseline.md"
"document:luc-4975-source-control-closure-for-luc-4968-known-state-evidence-packet:94e148a9f7","document","implemented","LUC-4975 Source-Control Closure For LUC-4968 Known-State Evidence Packet","docs/planning/luc-4975-source-control-closure-for-luc-4968-known-state-evidence-packet.md","Docs Memory Lead","docs/planning/luc-4975-source-control-closure-for-luc-4968-known-state-evidence-packet.md"
"document:luc-4978-known-state-evidence-and-architecture-baseline:d285d06c59","document","implemented","LUC-4978 Known-State Evidence And Architecture Baseline","docs/planning/luc-4978-known-state-evidence-and-architecture-baseline.md","Docs Memory Lead","docs/planning/luc-4978-known-state-evidence-and-architecture-baseline.md"
"document:luc-4982-source-control-closure-for-luc-4978-known-state-evidence-packet:4b5170aa3a","document","implemented","LUC-4982 Source-Control Closure For LUC-4978 Known-State Evidence Packet","docs/planning/luc-4982-source-control-closure-for-luc-4978-known-state-evidence-packet.md","Docs Memory Lead","docs/planning/luc-4982-source-control-closure-for-luc-4978-known-state-evidence-packet.md"
"document:luc-4988-known-state-evidence-and-architecture-baseline:ee87dc0242","document","implemented","LUC-4988 Known-State Evidence And Architecture Baseline","docs/planning/luc-4988-known-state-evidence-and-architecture-baseline.md","Docs Memory Lead","docs/planning/luc-4988-known-state-evidence-and-architecture-baseline.md"
"document:luc-4992-source-control-closure-for-luc-4988-known-state-evidence-packet:22eacd1c65","document","implemented","LUC-4992 Source-Control Closure For LUC-4988 Known-State Evidence Packet","docs/planning/luc-4992-source-control-closure-for-luc-4988-known-state-evidence-packet.md","Docs Memory Lead","docs/planning/luc-4992-source-control-closure-for-luc-4988-known-state-evidence-packet.md"
"document:luc-4994-known-state-evidence-and-architecture-baseline:3608e0af32","document","implemented","LUC-4994 Known-State Evidence And Architecture Baseline","docs/planning/luc-4994-known-state-evidence-and-architecture-baseline.md","Docs Memory Lead","docs/planning/luc-4994-known-state-evidence-and-architecture-baseline.md"
"document:luc-4998-source-control-closure-for-luc-4994-known-state-evidence-packet:60c92cf6b9","document","implemented","LUC-4998 Source-Control Closure For LUC-4994 Known-State Evidence Packet","docs/planning/luc-4998-source-control-closure-for-luc-4994-known-state-evidence-packet.md","Docs Memory Lead","docs/planning/luc-4998-source-control-closure-for-luc-4994-known-state-evidence-packet.md"
"document:luc-5003-known-state-evidence-and-architecture-baseline:21bccc7be8","document","implemented","LUC-5003 Known-State Evidence And Architecture Baseline","docs/planning/luc-5003-known-state-evidence-and-architecture-baseline.md","Docs Memory Lead","docs/planning/luc-5003-known-state-evidence-and-architecture-baseline.md"
"document:luc-5010-source-control-closure-for-luc-5003-known-state-evidence-packet:14599a663c","document","implemented","LUC-5010 Source-Control Closure For LUC-5003 Known-State Evidence Packet","docs/planning/luc-5010-source-control-closure-for-luc-5003-known-state-evidence-packet.md","Docs Memory Lead","docs/planning/luc-5010-source-control-closure-for-luc-5003-known-state-evidence-packet.md"
"document:luc-5015-known-state-evidence-and-architecture-baseline:45a81a083b","document","implemented","LUC-5015 Known-State Evidence And Architecture Baseline","docs/planning/luc-5015-known-state-evidence-and-architecture-baseline.md","Docs Memory Lead","docs/planning/luc-5015-known-state-evidence-and-architecture-baseline.md"
"document:luc-5020-source-control-closure-for-luc-5015-known-state-evidence-packet:653a60688f","document","implemented","LUC-5020 Source-Control Closure For LUC-5015 Known-State Evidence Packet","docs/planning/luc-5020-source-control-closure-for-luc-5015-known-state-evidence-packet.md","Docs Memory Lead","docs/planning/luc-5020-source-control-closure-for-luc-5015-known-state-evidence-packet.md"
"document:luc-5039-known-state-evidence-and-architecture-baseline:452327cf48","document","implemented","LUC-5039 Known-State Evidence And Architecture Baseline","docs/planning/luc-5039-known-state-evidence-and-architecture-baseline.md","Docs Memory Lead","docs/planning/luc-5039-known-state-evidence-and-architecture-baseline.md"
"document:luc-5046-source-control-closure-for-luc-5039-known-state-evidence-packet:5a1c8e8434","document","implemented","LUC-5046 Source-Control Closure For LUC-5039 Known-State Evidence Packet","docs/planning/luc-5046-source-control-closure-for-luc-5039-known-state-evidence-packet.md","Docs Memory Lead","docs/planning/luc-5046-source-control-closure-for-luc-5039-known-state-evidence-packet.md"
"document:luc-5050-roost-protected-recheck:48640a3f1c","document","implemented","LUC-5050 Roost Protected Recheck","docs/planning/luc-5050-roost-protected-recheck.md","Docs Memory Lead","docs/planning/luc-5050-roost-protected-recheck.md"
"document:luc-5052-known-state-evidence-and-architecture-baseline:677d241dde","document","implemented","LUC-5052 Known-State Evidence And Architecture Baseline","docs/planning/luc-5052-known-state-evidence-and-architecture-baseline.md","Docs Memory Lead","docs/planning/luc-5052-known-state-evidence-and-architecture-baseline.md"
"document:luc-5055-source-control-closure-for-luc-5052-known-state-evidence-packet:4415829966","document","implemented","LUC-5055 Source-Control Closure For LUC-5052 Known-State Evidence Packet","docs/planning/luc-5055-source-control-closure-for-luc-5052-known-state-evidence-packet.md","Docs Memory Lead","docs/planning/luc-5055-source-control-closure-for-luc-5052-known-state-evidence-packet.md"
"document:luc-5060-known-state-evidence-and-architecture-baseline:ebc54c925c","document","implemented","LUC-5060 Known-State Evidence And Architecture Baseline","docs/planning/luc-5060-known-state-evidence-and-architecture-baseline.md","Docs Memory Lead","docs/planning/luc-5060-known-state-evidence-and-architecture-baseline.md"
"document:luc-5065-release-critical-journey-proof-ladder:33f71c283e","document","implemented","LUC-5065 Release-Critical Journey Proof Ladder","docs/planning/luc-5065-release-critical-journey-proof-ladder.md","Docs Memory Lead","docs/planning/luc-5065-release-critical-journey-proof-ladder.md"
"document:luc-5068-known-state-evidence-and-architecture-baseline:173172471b","document","implemented","LUC-5068 Known-State Evidence And Architecture Baseline","docs/planning/luc-5068-known-state-evidence-and-architecture-baseline.md","Docs Memory Lead","docs/planning/luc-5068-known-state-evidence-and-architecture-baseline.md"
"document:luc-5072-source-control-closure-for-luc-5068-known-state-evidence-packet:55db98f382","document","implemented","LUC-5072 Source-Control Closure For LUC-5068 Known-State Evidence Packet","docs/planning/luc-5072-source-control-closure-for-luc-5068-known-state-evidence-packet.md","Docs Memory Lead","docs/planning/luc-5072-source-control-closure-for-luc-5068-known-state-evidence-packet.md"
"document:luc-5078-known-state-evidence-and-architecture-baseline:de560009eb","document","implemented","LUC-5078 Known-State Evidence And Architecture Baseline","docs/planning/luc-5078-known-state-evidence-and-architecture-baseline.md","Docs Memory Lead","docs/planning/luc-5078-known-state-evidence-and-architecture-baseline.md"
"document:luc-5083-source-control-closure-for-luc-5078-known-state-evidence-packet:538bb46e5e","document","implemented","LUC-5083 Source-Control Closure For LUC-5078 Known-State Evidence Packet","docs/planning/luc-5083-source-control-closure-for-luc-5078-known-state-evidence-packet.md","Docs Memory Lead","docs/planning/luc-5083-source-control-closure-for-luc-5078-known-state-evidence-packet.md"
"document:luc-5084-authenticated-browser-route-proof:229bf9170f","document","implemented","LUC-5084 Authenticated Browser Route Proof","docs/planning/luc-5084-authenticated-browser-route-proof.md","Docs Memory Lead","docs/planning/luc-5084-authenticated-browser-route-proof.md"
"document:luc-5090-known-state-evidence-and-architecture-baseline:250bba9d59","document","implemented","LUC-5090 Known-State Evidence And Architecture Baseline","docs/planning/luc-5090-known-state-evidence-and-architecture-baseline.md","Docs Memory Lead","docs/planning/luc-5090-known-state-evidence-and-architecture-baseline.md"
"document:luc-5095-source-control-closure-for-luc-5090-evidence-packet:169a48f375","document","implemented","LUC-5095 Source-Control Closure For LUC-5090 Evidence Packet","docs/planning/luc-5095-source-control-closure-for-luc-5090-evidence-packet.md","Docs Memory Lead","docs/planning/luc-5095-source-control-closure-for-luc-5090-evidence-packet.md"
"document:luc-5096-tmp-proof-harness-scanner-hygiene:54810f2b8a","document","implemented","LUC-5096 Tmp Proof Harness Scanner Hygiene","docs/planning/luc-5096-tmp-proof-harness-scanner-hygiene.md","Docs Memory Lead","docs/planning/luc-5096-tmp-proof-harness-scanner-hygiene.md"
"document:luc-5104-known-state-evidence-and-architecture-baseline:0a5c82f9de","document","implemented","LUC-5104 Known-State Evidence And Architecture Baseline","docs/planning/luc-5104-known-state-evidence-and-architecture-baseline.md","Docs Memory Lead","docs/planning/luc-5104-known-state-evidence-and-architecture-baseline.md"
"document:luc-5107-known-state-evidence-and-architecture-baseline:0c58e100da","document","implemented","LUC-5107 Known-State Evidence And Architecture Baseline","docs/planning/luc-5107-known-state-evidence-and-architecture-baseline.md","Docs Memory Lead","docs/planning/luc-5107-known-state-evidence-and-architecture-baseline.md"
"document:luc-5111-source-control-closure-for-luc-5104-evidence-packet:237380c8bb","document","implemented","LUC-5111 Source-Control Closure For LUC-5104 Evidence Packet","docs/planning/luc-5111-source-control-closure-for-luc-5104-evidence-packet.md","Docs Memory Lead","docs/planning/luc-5111-source-control-closure-for-luc-5104-evidence-packet.md"
"document:luc-5112-source-control-closure-for-luc-5107-evidence-packet:b302ccbef4","document","implemented","LUC-5112 Source-Control Closure For LUC-5107 Evidence Packet","docs/planning/luc-5112-source-control-closure-for-luc-5107-evidence-packet.md","Docs Memory Lead","docs/planning/luc-5112-source-control-closure-for-luc-5107-evidence-packet.md"
"document:luc-5116-known-state-evidence-and-architecture-baseline:b7d5660a25","document","implemented","LUC-5116 Known-State Evidence And Architecture Baseline","docs/planning/luc-5116-known-state-evidence-and-architecture-baseline.md","Docs Memory Lead","docs/planning/luc-5116-known-state-evidence-and-architecture-baseline.md"
"document:luc-5121-source-control-closure-for-luc-5116-evidence-packet:f42fc91fd2","document","implemented","LUC-5121 Source-Control Closure For LUC-5116 Evidence Packet","docs/planning/luc-5121-source-control-closure-for-luc-5116-evidence-packet.md","Docs Memory Lead","docs/planning/luc-5121-source-control-closure-for-luc-5116-evidence-packet.md"
"document:luc-5129-qa-proof-triage-for-implemented-entities-without-tests:c600b89c77","document","implemented","LUC-5129 QA Proof Triage For Implemented Entities Without Tests","docs/planning/luc-5129-qa-proof-triage-for-implemented-entities-without-tests.md","Docs Memory Lead","docs/planning/luc-5129-qa-proof-triage-for-implemented-entities-without-tests.md"
"document:luc-5130-architecture-scope-reconciliation:852ffa7019","document","implemented","LUC-5130 Architecture Scope Reconciliation","docs/planning/luc-5130-architecture-scope-reconciliation.md","Docs Memory Lead","docs/planning/luc-5130-architecture-scope-reconciliation.md"
"document:luc-5131-protected-target-proof-checklist:935701e5f5","document","implemented","LUC-5131 Protected Target Proof Checklist","docs/planning/luc-5131-protected-target-proof-checklist.md","Docs Memory Lead","docs/planning/luc-5131-protected-target-proof-checklist.md"
"document:luc-5132-security-and-ai-authority-evidence-recheck:1317ba6163","document","implemented","LUC-5132 Security And AI Authority Evidence Recheck","docs/planning/luc-5132-security-ai-authority-evidence-recheck.md","Docs Memory Lead","docs/planning/luc-5132-security-ai-authority-evidence-recheck.md"
"document:luc-5135-known-state-evidence-and-architecture-baseline:8b0a832ad2","document","implemented","LUC-5135 Known-State Evidence And Architecture Baseline","docs/planning/luc-5135-known-state-evidence-and-architecture-baseline.md","Docs Memory Lead","docs/planning/luc-5135-known-state-evidence-and-architecture-baseline.md"
"document:luc-5144-source-control-closure-for-luc-5135-evidence-packet:7ed17f42e0","document","implemented","LUC-5144 Source-Control Closure For LUC-5135 Evidence Packet","docs/planning/luc-5144-source-control-closure-for-luc-5135-evidence-packet.md","Docs Memory Lead","docs/planning/luc-5144-source-control-closure-for-luc-5135-evidence-packet.md"
"document:luc-5150-known-state-evidence-and-architecture-baseline:756cbf6000","document","implemented","LUC-5150 Known-State Evidence And Architecture Baseline","docs/planning/luc-5150-known-state-evidence-and-architecture-baseline.md","Docs Memory Lead","docs/planning/luc-5150-known-state-evidence-and-architecture-baseline.md"
"document:luc-5155-source-control-closure-for-luc-5150-evidence-packet:ec805bb109","document","implemented","LUC-5155 Source-Control Closure For LUC-5150 Evidence Packet","docs/planning/luc-5155-source-control-closure-for-luc-5150-evidence-packet.md","Docs Memory Lead","docs/planning/luc-5155-source-control-closure-for-luc-5150-evidence-packet.md"
"document:luc-5156-strategy-api-journey-proof:d7be2278f7","document","implemented","LUC-5156 Strategy API Journey Proof","docs/planning/luc-5156-strategy-api-journey-proof.md","Docs Memory Lead","docs/planning/luc-5156-strategy-api-journey-proof.md"
"document:luc-5158-known-state-evidence-and-architecture-baseline:3a8d016baf","document","implemented","LUC-5158 Known-State Evidence And Architecture Baseline","docs/planning/luc-5158-known-state-evidence-and-architecture-baseline.md","Docs Memory Lead","docs/planning/luc-5158-known-state-evidence-and-architecture-baseline.md"
"document:luc-5161-source-control-closure-for-luc-5158-evidence-packet:b84b344666","document","implemented","LUC-5161 Source-Control Closure For LUC-5158 Evidence Packet","docs/planning/luc-5161-source-control-closure-for-luc-5158-evidence-packet.md","Docs Memory Lead","docs/planning/luc-5161-source-control-closure-for-luc-5158-evidence-packet.md"
"document:luc-5165-known-state-evidence-and-architecture-baseline:4c645160dc","document","implemented","LUC-5165 Known-State Evidence And Architecture Baseline","docs/planning/luc-5165-known-state-evidence-and-architecture-baseline.md","Docs Memory Lead","docs/planning/luc-5165-known-state-evidence-and-architecture-baseline.md"
"document:luc-5168-source-control-closure-for-luc-5165-evidence-packet:75bf6a274b","document","implemented","LUC-5168 Source-Control Closure For LUC-5165 Evidence Packet","docs/planning/luc-5168-source-control-closure-for-luc-5165-evidence-packet.md","Docs Memory Lead","docs/planning/luc-5168-source-control-closure-for-luc-5165-evidence-packet.md"
"document:luc-5172-known-state-evidence-and-architecture-baseline:e78849f78a","document","implemented","LUC-5172 Known-State Evidence And Architecture Baseline","docs/planning/luc-5172-known-state-evidence-and-architecture-baseline.md","Docs Memory Lead","docs/planning/luc-5172-known-state-evidence-and-architecture-baseline.md"
"document:luc-5176-source-control-closure-for-luc-5172-evidence-packet:1f23364388","document","implemented","LUC-5176 Source-Control Closure For LUC-5172 Evidence Packet","docs/planning/luc-5176-source-control-closure-for-luc-5172-evidence-packet.md","Docs Memory Lead","docs/planning/luc-5176-source-control-closure-for-luc-5172-evidence-packet.md"
"document:luc-5183-source-control-closure-for-luc-5178-evidence-packet:b9a43147a1","document","implemented","LUC-5183 Source-Control Closure For LUC-5178 Evidence Packet","docs/planning/luc-5183-source-control-closure-for-luc-5178-evidence-packet.md","Docs Memory Lead","docs/planning/luc-5183-source-control-closure-for-luc-5178-evidence-packet.md"
"document:luc-5184-finance-api-journey-proof:05a5c7eedc","document","implemented","LUC-5184 Finance API Journey Proof","docs/planning/luc-5184-finance-api-journey-proof.md","Docs Memory Lead","docs/planning/luc-5184-finance-api-journey-proof.md"
"document:luc-5201-assets-preview-api-journey-proof:ea1d43e282","document","implemented","LUC-5201 Assets Preview API Journey Proof","docs/planning/luc-5201-assets-preview-api-journey-proof.md","Docs Memory Lead","docs/planning/luc-5201-assets-preview-api-journey-proof.md"
"document:luc-5202-architecture-awareness-heartbeat-safety:2a6480060f","document","implemented","LUC-5202 Architecture-Awareness Heartbeat Safety","docs/planning/luc-5202-architecture-awareness-heartbeat-safety.md","Docs Memory Lead","docs/planning/luc-5202-architecture-awareness-heartbeat-safety.md"
"document:luc-5208-relationships-api-journey-proof:002b1cab4c","document","implemented","LUC-5208 Relationships API Journey Proof","docs/planning/luc-5208-relationships-api-journey-proof.md","Docs Memory Lead","docs/planning/luc-5208-relationships-api-journey-proof.md"
"document:task:fce5eeefad","document","implemented","Task","docs/planning/luc-521-known-state-evidence-collection-and-architecture-baseline.md","Docs Memory Lead","docs/planning/luc-521-known-state-evidence-collection-and-architecture-baseline.md"
"document:luc-5211-known-state-evidence-and-architecture-baseline:6951a2e643","document","implemented","LUC-5211 Known-State Evidence And Architecture Baseline","docs/planning/luc-5211-known-state-evidence-and-architecture-baseline.md","Docs Memory Lead","docs/planning/luc-5211-known-state-evidence-and-architecture-baseline.md"
"document:luc-5212-source-control-closure-for-luc-5211-evidence-packet:2a37e9f8d7","document","implemented","LUC-5212 Source-Control Closure For LUC-5211 Evidence Packet","docs/planning/luc-5212-source-control-closure-for-luc-5211-evidence-packet.md","Docs Memory Lead","docs/planning/luc-5212-source-control-closure-for-luc-5211-evidence-packet.md"
"document:luc-5215-known-state-evidence-and-architecture-baseline:8385363348","document","implemented","LUC-5215 Known-State Evidence And Architecture Baseline","docs/planning/luc-5215-known-state-evidence-and-architecture-baseline.md","Docs Memory Lead","docs/planning/luc-5215-known-state-evidence-and-architecture-baseline.md"
"document:luc-5217-source-control-closure-for-luc-5215-evidence-packet:b025c32481","document","implemented","LUC-5217 Source-Control Closure For LUC-5215 Evidence Packet","docs/planning/luc-5217-source-control-closure-for-luc-5215-evidence-packet.md","Docs Memory Lead","docs/planning/luc-5217-source-control-closure-for-luc-5215-evidence-packet.md"
"document:luc-5219-source-control-closure-for-luc-5218-evidence-packet:2cd5972171","document","implemented","LUC-5219 Source-Control Closure For LUC-5218 Evidence Packet","docs/planning/luc-5219-source-control-closure-for-luc-5218-evidence-packet.md","Docs Memory Lead","docs/planning/luc-5219-source-control-closure-for-luc-5218-evidence-packet.md"
"document:luc-5220-process-core-api-journey-proof:fbb338f2c1","document","implemented","LUC-5220 Process Core API Journey Proof","docs/planning/luc-5220-process-core-api-journey-proof.md","Docs Memory Lead","docs/planning/luc-5220-process-core-api-journey-proof.md"
"document:luc-5225-source-control-closure-for-luc-5224-evidence-packet:1beeb967fe","document","implemented","LUC-5225 Source-Control Closure For LUC-5224 Evidence Packet","docs/planning/luc-5225-source-control-closure-for-luc-5224-evidence-packet.md","Docs Memory Lead","docs/planning/luc-5225-source-control-closure-for-luc-5224-evidence-packet.md"
"document:luc-5226-operating-model-api-journey-proof:3b4478a713","document","implemented","LUC-5226 Operating Model API Journey Proof","docs/planning/luc-5226-operating-model-api-journey-proof.md","Docs Memory Lead","docs/planning/luc-5226-operating-model-api-journey-proof.md"
"document:luc-5230-known-state-evidence-and-architecture-baseline:98faf29644","document","implemented","LUC-5230 Known-State Evidence And Architecture Baseline","docs/planning/luc-5230-known-state-evidence-and-architecture-baseline.md","Docs Memory Lead","docs/planning/luc-5230-known-state-evidence-and-architecture-baseline.md"
"document:luc-5233-known-state-evidence-and-architecture-baseline:275ab35d8a","document","implemented","LUC-5233 Known-State Evidence And Architecture Baseline","docs/planning/luc-5233-known-state-evidence-and-architecture-baseline.md","Docs Memory Lead","docs/planning/luc-5233-known-state-evidence-and-architecture-baseline.md"
"document:luc-5234-source-control-closure-for-luc-5230-evidence-packet:31d7d01b98","document","implemented","LUC-5234 Source-Control Closure For LUC-5230 Evidence Packet","docs/planning/luc-5234-source-control-closure-for-luc-5230-evidence-packet.md","Docs Memory Lead","docs/planning/luc-5234-source-control-closure-for-luc-5230-evidence-packet.md"
"document:luc-5235-dashboard-command-api-journey-proof:f9db9f5716","document","implemented","LUC-5235 Dashboard Command API Journey Proof","docs/planning/luc-5235-dashboard-command-api-journey-proof.md","Docs Memory Lead","docs/planning/luc-5235-dashboard-command-api-journey-proof.md"
"document:luc-5238-known-state-evidence-and-architecture-baseline:312fc26547","document","implemented","LUC-5238 Known-State Evidence And Architecture Baseline","docs/planning/luc-5238-known-state-evidence-and-architecture-baseline.md","Docs Memory Lead","docs/planning/luc-5238-known-state-evidence-and-architecture-baseline.md"
"document:luc-5239-source-control-closure-for-luc-5233-evidence-packet:093c63cb06","document","implemented","LUC-5239 Source-Control Closure For LUC-5233 Evidence Packet","docs/planning/luc-5239-source-control-closure-for-luc-5233-evidence-packet.md","Docs Memory Lead","docs/planning/luc-5239-source-control-closure-for-luc-5233-evidence-packet.md"
"document:luc-5240-company-os-api-journey-proof:ea3a0dde11","document","implemented","LUC-5240 Company OS API Journey Proof","docs/planning/luc-5240-company-os-api-journey-proof.md","Docs Memory Lead","docs/planning/luc-5240-company-os-api-journey-proof.md"
"document:luc-5243-known-state-evidence-and-architecture-baseline:5b8b666924","document","implemented","LUC-5243 Known-State Evidence And Architecture Baseline","docs/planning/luc-5243-known-state-evidence-and-architecture-baseline.md","Docs Memory Lead","docs/planning/luc-5243-known-state-evidence-and-architecture-baseline.md"
"document:luc-5244-known-state-evidence-and-architecture-baseline:254effbae0","document","implemented","LUC-5244 Known-State Evidence And Architecture Baseline","docs/planning/luc-5244-known-state-evidence-and-architecture-baseline.md","Docs Memory Lead","docs/planning/luc-5244-known-state-evidence-and-architecture-baseline.md"
"document:luc-5245-source-control-closure-for-luc-5238-evidence-packet:5ff536a57a","document","implemented","LUC-5245 Source-Control Closure For LUC-5238 Evidence Packet","docs/planning/luc-5245-source-control-closure-for-luc-5238-evidence-packet.md","Docs Memory Lead","docs/planning/luc-5245-source-control-closure-for-luc-5238-evidence-packet.md"
"document:luc-5246-commercial-exceptions-api-journey-proof:dd92f5fd30","document","implemented","LUC-5246 Commercial Exceptions API Journey Proof","docs/planning/luc-5246-commercial-exceptions-api-journey-proof.md","Docs Memory Lead","docs/planning/luc-5246-commercial-exceptions-api-journey-proof.md"
"document:luc-5247-architecture-scanner-budget-and-refresh-policy-repair:940b3d967b","document","implemented","LUC-5247 Architecture Scanner Budget And Refresh Policy Repair","docs/planning/luc-5247-architecture-scanner-budget-refresh-policy-repair.md","Docs Memory Lead","docs/planning/luc-5247-architecture-scanner-budget-refresh-policy-repair.md"
"document:luc-5248-source-control-closure-for-luc-5243-evidence-packet:aa5ffefd28","document","implemented","LUC-5248 Source-Control Closure For LUC-5243 Evidence Packet","docs/planning/luc-5248-source-control-closure-for-luc-5243-evidence-packet.md","Docs Memory Lead","docs/planning/luc-5248-source-control-closure-for-luc-5243-evidence-packet.md"
"document:task:06b91c2810","document","implemented","Task","docs/planning/luc-525-source-control-closure-for-luc-261-dirty-state.md","Docs Memory Lead","docs/planning/luc-525-source-control-closure-for-luc-261-dirty-state.md"
"document:luc-5251-source-control-closure-for-luc-5244-evidence-packet:3df23752ad","document","implemented","LUC-5251 Source-Control Closure For LUC-5244 Evidence Packet","docs/planning/luc-5251-source-control-closure-for-luc-5244-evidence-packet.md","Docs Memory Lead","docs/planning/luc-5251-source-control-closure-for-luc-5244-evidence-packet.md"
"document:task:e55ed9846f","document","implemented","Task","docs/planning/luc-585-known-state-evidence-collection-and-architecture-baseline.md","Docs Memory Lead","docs/planning/luc-585-known-state-evidence-collection-and-architecture-baseline.md"
"document:task:c927deb1f8","document","implemented","Task","docs/planning/luc-699-known-state-evidence-collection-and-architecture-baseline.md","Docs Memory Lead","docs/planning/luc-699-known-state-evidence-collection-and-architecture-baseline.md"
"document:task:213071cfd5","document","implemented","Task","docs/planning/luc-703-source-control-closure-for-luc-261-dirty-state.md","Docs Memory Lead","docs/planning/luc-703-source-control-closure-for-luc-261-dirty-state.md"
"document:task:e645664160","document","implemented","Task","docs/planning/luc-790-known-state-refresh-evidence-delta-and-next-repair-lanes.md","Docs Memory Lead","docs/planning/luc-790-known-state-refresh-evidence-delta-and-next-repair-lanes.md"
"document:task:d38f86af4a","document","implemented","Task","docs/planning/luc-794-known-state-evidence-collection-and-architecture-baseline.md","Docs Memory Lead","docs/planning/luc-794-known-state-evidence-collection-and-architecture-baseline.md"
"document:task:52431dd308","document","implemented","Task","docs/planning/luc-794-source-control-closure.md","Docs Memory Lead","docs/planning/luc-794-source-control-closure.md"
"document:task:ad4acd1bcf","document","implemented","Task","docs/planning/luc-860-source-control-closure-for-luc-261-dirty-state.md","Docs Memory Lead","docs/planning/luc-860-source-control-closure-for-luc-261-dirty-state.md"
"document:task:bf4bc94fdc","document","implemented","Task","docs/planning/luc-922-known-state-evidence-collection-and-architecture-baseline.md","Docs Memory Lead","docs/planning/luc-922-known-state-evidence-collection-and-architecture-baseline.md"
"document:task:8b85dafb41","document","implemented","Task","docs/planning/luc-924-source-control-closure-for-luc-261-dirty-state.md","Docs Memory Lead","docs/planning/luc-924-source-control-closure-for-luc-261-dirty-state.md"
"document:task:9a8a230494","document","implemented","Task","docs/planning/luc-984-full-takeover-audit-and-operating-baseline.md","Docs Memory Lead","docs/planning/luc-984-full-takeover-audit-and-operating-baseline.md"
"document:task:0dfa670707","document","implemented","Task","docs/planning/luc-989-source-control-closure-for-luc-261-dirty-state.md","Docs Memory Lead","docs/planning/luc-989-source-control-closure-for-luc-261-dirty-state.md"
"document:mgmt-dept-001-management-department-catalog:4af410d0ef","document","implemented","MGMT-DEPT-001 - Management Department Catalog","docs/planning/management-department-catalog-task-contract.md","Docs Memory Lead","docs/planning/management-department-catalog-task-contract.md"
"document:task:27752229c3","document","implemented","Task","docs/planning/mcp-tool-discovery-refresh-task-contract.md","Docs Memory Lead","docs/planning/mcp-tool-discovery-refresh-task-contract.md"
"document:mvp-execution-plan:68161a54de","document","implemented","MVP Execution Plan","docs/planning/mvp-execution-plan.md","Docs Memory Lead","docs/planning/mvp-execution-plan.md"
"document:mvp-next-commits:ccc83152eb","document","implemented","MVP Next Commits","docs/planning/mvp-next-commits.md","Docs Memory Lead","docs/planning/mvp-next-commits.md"
"document:ontology-001-business-ontology-import-foundation:4be03736f4","document","implemented","ONTOLOGY-001 Business Ontology Import Foundation","docs/planning/ontology-001-business-ontology-import-foundation-task-contract.md","Docs Memory Lead","docs/planning/ontology-001-business-ontology-import-foundation-task-contract.md"
"document:open-decisions:e7df56e741","document","implemented","Open Decisions","docs/planning/open-decisions.md","Docs Memory Lead","docs/planning/open-decisions.md"
"document:operations-canonical-department-filtering-task-contract:4b546d449a","document","implemented","Operations Canonical Department Filtering Task Contract","docs/planning/operations-canonical-department-filtering-task-contract.md","Docs Memory Lead","docs/planning/operations-canonical-department-filtering-task-contract.md"
"document:ops-dnd-001-operations-drag-and-drop-drop-target-feedback-task-contract:75aa99b4b5","document","implemented","OPS-DND-001 Operations Drag-And-Drop Drop Target Feedback Task Contract","docs/planning/operations-dnd-drop-target-feedback-task-contract.md","Docs Memory Lead","docs/planning/operations-dnd-drop-target-feedback-task-contract.md"
"document:ops-list-filter-001-operations-list-select-all-sticky-task-contract:d43019bff6","document","implemented","OPS-LIST-FILTER-001 Operations List Select-All Sticky Task Contract","docs/planning/operations-list-select-all-sticky-task-contract.md","Docs Memory Lead","docs/planning/operations-list-select-all-sticky-task-contract.md"
"document:task:6b6bfa7ed5","document","implemented","Task","docs/planning/operations-management-board-implementation-task-contract.md","Docs Memory Lead","docs/planning/operations-management-board-implementation-task-contract.md"
"document:operations-management-board-ux-polish-task-contract:44843bb033","document","implemented","Operations Management Board UX Polish Task Contract","docs/planning/operations-management-board-ux-polish-task-contract.md","Docs Memory Lead","docs/planning/operations-management-board-ux-polish-task-contract.md"
"document:operations-management-center-deepening-task-contract:e3efe3e73b","document","implemented","Operations Management Center Deepening Task Contract","docs/planning/operations-management-center-deepening-task-contract.md","Docs Memory Lead","docs/planning/operations-management-center-deepening-task-contract.md"
"document:task:6bb99a5aee","document","implemented","Task","docs/planning/operations-management-system-v1-task-contract.md","Docs Memory Lead","docs/planning/operations-management-system-v1-task-contract.md"
"document:ops-task-create-001-operations-new-task-creation-task-contract:cacb486aed","document","implemented","OPS-TASK-CREATE-001 Operations New Task Creation Task Contract","docs/planning/operations-new-task-creation-task-contract.md","Docs Memory Lead","docs/planning/operations-new-task-creation-task-contract.md"
"document:operations-shared-selector-and-form-refactor-task-contract:f2a91facfe","document","implemented","Operations Shared Selector And Form Refactor Task Contract","docs/planning/operations-shared-selector-and-form-refactor-task-contract.md","Docs Memory Lead","docs/planning/operations-shared-selector-and-form-refactor-task-contract.md"
"document:task:5ddd0aee2b","document","implemented","Task","docs/planning/ops-assets-dense-data-controls-task-contract.md","Docs Memory Lead","docs/planning/ops-assets-dense-data-controls-task-contract.md"
"document:task:f1566162b0","document","implemented","Task","docs/planning/ops-assets-filter-recovery-task-contract.md","Docs Memory Lead","docs/planning/ops-assets-filter-recovery-task-contract.md"
"document:task:f935037736","document","implemented","Task","docs/planning/ops-assets-smart-filters-task-contract.md","Docs Memory Lead","docs/planning/ops-assets-smart-filters-task-contract.md"
"document:task:c9b9583862","document","implemented","Task","docs/planning/ops-assets-workbench-polish-task-contract.md","Docs Memory Lead","docs/planning/ops-assets-workbench-polish-task-contract.md"
"document:task:abd60b70ca","document","implemented","Task","docs/planning/ops-assets-workbench-refinement-task-contract.md","Docs Memory Lead","docs/planning/ops-assets-workbench-refinement-task-contract.md"
"document:task:0787d6d537","document","implemented","Task","docs/planning/org-arch-001-organizational-architecture-bridge-task-contract.md","Docs Memory Lead","docs/planning/org-arch-001-organizational-architecture-bridge-task-contract.md"
"document:paperclip-company-building-architecture-direction:6da45b3166","document","implemented","Paperclip Company-Building Architecture Direction","docs/planning/paperclip-company-building-architecture-task-contract.md","Docs Memory Lead","docs/planning/paperclip-company-building-architecture-task-contract.md"
"document:task:5b226b4a6e","document","implemented","Task","docs/planning/people-agents-directory-management-ux-task-contract.md","Docs Memory Lead","docs/planning/people-agents-directory-management-ux-task-contract.md"
"document:task:c1ac3b4bd6","document","implemented","Task","docs/planning/people-agents-directory-modal-preview-task-contract.md","Docs Memory Lead","docs/planning/people-agents-directory-modal-preview-task-contract.md"
"document:people-agents-directory-no-paperclip-tooling-task-contract:938da1ff61","document","implemented","People/Agents Directory No-Paperclip Tooling Task Contract","docs/planning/people-agents-directory-no-paperclip-tooling-task-contract.md","Docs Memory Lead","docs/planning/people-agents-directory-no-paperclip-tooling-task-contract.md"
"document:task:33a67ede2f","document","implemented","Task","docs/planning/people-agents-directory-premium-ux-task-contract.md","Docs Memory Lead","docs/planning/people-agents-directory-premium-ux-task-contract.md"
"document:people-agents-directory-table-refinement-task-contract:dbab62c7aa","document","implemented","People/Agents Directory Table Refinement Task Contract","docs/planning/people-agents-directory-table-refinement-task-contract.md","Docs Memory Lead","docs/planning/people-agents-directory-table-refinement-task-contract.md"
"document:task:819a32e1f7","document","implemented","Task","docs/planning/people-agents-paperclip-directors-task-contract.md","Docs Memory Lead","docs/planning/people-agents-paperclip-directors-task-contract.md"
"document:people-agents-workforce-v1-task-contract:842838a1d1","document","implemented","People/Agents Workforce V1 Task Contract","docs/planning/people-agents-workforce-v1-task-contract.md","Docs Memory Lead","docs/planning/people-agents-workforce-v1-task-contract.md"
"document:planning-catalog-index:60f22905c5","document","implemented","Planning Catalog Index","docs/planning/planning-catalog-index.md","Docs Memory Lead","docs/planning/planning-catalog-index.md"
"document:task:2e6549fff7","document","implemented","Task","docs/planning/process-core-workflow-core-architecture-task-contract.md","Docs Memory Lead","docs/planning/process-core-workflow-core-architecture-task-contract.md"
"document:production-google-drive-changes-baseline-task-contract:0986db6a59","document","implemented","Production Google Drive Changes Baseline Task Contract","docs/planning/prod-google-drive-changes-baseline-task-contract.md","Docs Memory Lead","docs/planning/prod-google-drive-changes-baseline-task-contract.md"
"document:task:7b9d2efbc4","document","implemented","Task","docs/planning/prod-hotfix-001-task-contract.md","Docs Memory Lead","docs/planning/prod-hotfix-001-task-contract.md"
"document:production-google-drive-index-and-paperclip-access-audit-task-contract:c0b3c6e3c0","document","implemented","Production Google Drive Index And Paperclip Access Audit Task Contract","docs/planning/production-google-drive-index-paperclip-access-audit-task-contract.md","Docs Memory Lead","docs/planning/production-google-drive-index-paperclip-access-audit-task-contract.md"
"document:public-home-roost-001-public-home-roost-brand-polish-task-contract:2c321d17cd","document","implemented","PUBLIC-HOME-ROOST-001 Public Home Roost Brand Polish Task Contract","docs/planning/public-home-roost-brand-polish-task-contract.md","Docs Memory Lead","docs/planning/public-home-roost-brand-polish-task-contract.md"
"document:react-web-001-react-web-layer-consolidation:56cab9c107","document","implemented","REACT-WEB-001 React Web Layer Consolidation","docs/planning/react-web-consolidation-task-contract.md","Docs Memory Lead","docs/planning/react-web-consolidation-task-contract.md"
"document:react-web-layout-001-authenticated-layout-foundation:977dd39002","document","implemented","REACT-WEB-LAYOUT-001 Authenticated Layout Foundation","docs/planning/react-web-layout-foundation-task-contract.md","Docs Memory Lead","docs/planning/react-web-layout-foundation-task-contract.md"
"document:regression-prevention-plan:dd381bc8f2","document","implemented","Regression Prevention Plan","docs/planning/regression-prevention-plan.md","Docs Memory Lead","docs/planning/regression-prevention-plan.md"
"document:repository-rename-and-coolify-source-task-contract:4fbc1d0cda","document","implemented","Repository Rename And Coolify Source Task Contract","docs/planning/repository-rename-coolify-source-task-contract.md","Docs Memory Lead","docs/planning/repository-rename-coolify-source-task-contract.md"
"document:roost-brand-theme-foundation-task-contract:527c443bf1","document","implemented","Roost Brand Theme Foundation Task Contract","docs/planning/roost-brand-theme-foundation-task-contract.md","Docs Memory Lead","docs/planning/roost-brand-theme-foundation-task-contract.md"
"document:roost-domain-routing-diagnostic-task-contract:9cb1b9aee1","document","implemented","Roost Domain Routing Diagnostic Task Contract","docs/planning/roost-domain-routing-diagnostic-task-contract.md","Docs Memory Lead","docs/planning/roost-domain-routing-diagnostic-task-contract.md"
"document:shared-managed-table-component-task-contract:9d1bfd03ac","document","implemented","Shared Managed Table Component Task Contract","docs/planning/shared-managed-table-component-task-contract.md","Docs Memory Lead","docs/planning/shared-managed-table-component-task-contract.md"
"document:unified-organizational-os-backend-implementation-program:6b8c00de45","document","implemented","Unified Organizational OS Backend Implementation Program","docs/planning/unified-org-backend-implementation-program.md","Docs Memory Lead","docs/planning/unified-org-backend-implementation-program.md"
"document:unified-organizational-operating-system-architecture-task-contract:059d840d3e","document","implemented","Unified Organizational Operating System Architecture Task Contract","docs/planning/unified-organizational-operating-system-architecture-task-contract.md","Docs Memory Lead","docs/planning/unified-organizational-operating-system-architecture-task-contract.md"
"document:user-identity-integration-mapping-audit:339a52fc60","document","implemented","User Identity Integration Mapping Audit","docs/planning/user-identity-integration-mapping-audit-2026-05-18.md","Docs Memory Lead","docs/planning/user-identity-integration-mapping-audit-2026-05-18.md"
"document:ux-direction-task-contracts:7ae6ee9510","document","implemented","UX Direction Task Contracts","docs/planning/ux-direction-task-contracts.md","Docs Memory Lead","docs/planning/ux-direction-task-contracts.md"
"document:task:0b53bdd0e7","document","implemented","Task","docs/planning/ux100-001-web-app-audit-atlas-task-contract.md","Docs Memory Lead","docs/planning/ux100-001-web-app-audit-atlas-task-contract.md"
"document:task:f0594c3ffb","document","implemented","Task","docs/planning/ux100-w01-dashboard-command-brief-task-contract.md","Docs Memory Lead","docs/planning/ux100-w01-dashboard-command-brief-task-contract.md"
"document:task:b3e627aa6b","document","implemented","Task","docs/planning/ux100-w02-shell-decision-brief-task-contract.md","Docs Memory Lead","docs/planning/ux100-w02-shell-decision-brief-task-contract.md"
"document:ux100-w03-relationship-data-provenance-and-ai-safety-labels:bda8aebd3b","document","implemented","UX100-W03 Relationship/Data Provenance And AI Safety Labels","docs/planning/ux100-w03-relationship-data-provenance-task-contract.md","Docs Memory Lead","docs/planning/ux100-w03-relationship-data-provenance-task-contract.md"
"document:ux100-w04-tasks-pipeline-operating-pressure-summaries:d4ec7fbfd0","document","implemented","UX100-W04 Tasks/Pipeline Operating Pressure Summaries","docs/planning/ux100-w04-tasks-pipeline-pressure-task-contract.md","Docs Memory Lead","docs/planning/ux100-w04-tasks-pipeline-pressure-task-contract.md"
"document:ux100-w05-company-os-and-mcp-tools-alignment:9c63482f81","document","implemented","UX100-W05 Company OS And MCP Tools Alignment","docs/planning/ux100-w05-company-os-mcp-alignment-task-contract.md","Docs Memory Lead","docs/planning/ux100-w05-company-os-mcp-alignment-task-contract.md"
"document:v1-architecture-control-map:9bf94b0e9a","document","implemented","V1 Architecture Control Map","docs/planning/v1-architecture-control-map.md","Docs Memory Lead","docs/planning/v1-architecture-control-map.md"
"document:v1area-002-area-detail-canonical-view:cf8bf0b8c3","document","implemented","V1AREA-002 Area Detail Canonical View","docs/planning/v1-area-detail-canonical-task-contract.md","Docs Memory Lead","docs/planning/v1-area-detail-canonical-task-contract.md"
"document:v1area-003-area-detail-capability-tabs:be119d0bc4","document","implemented","V1AREA-003 Area Detail Capability Tabs","docs/planning/v1-area-detail-capability-tabs-task-contract.md","Docs Memory Lead","docs/planning/v1-area-detail-capability-tabs-task-contract.md"
"document:v1area-004-area-detail-ux-polish:c267f7f473","document","implemented","V1AREA-004 Area Detail UX Polish","docs/planning/v1-area-detail-ux-polish-task-contract.md","Docs Memory Lead","docs/planning/v1-area-detail-ux-polish-task-contract.md"
"document:v1-area-first-dashboard-implementation-paths:2d22de7417","document","implemented","V1 Area-First Dashboard Implementation Paths","docs/planning/v1-area-first-dashboard-implementation-paths.md","Docs Memory Lead","docs/planning/v1-area-first-dashboard-implementation-paths.md"
"document:v1-area-first-pixel-perfect-implementation-plan:a1814f6968","document","implemented","V1 Area-First Pixel-Perfect Implementation Plan","docs/planning/v1-area-first-pixel-perfect-implementation-plan.md","Docs Memory Lead","docs/planning/v1-area-first-pixel-perfect-implementation-plan.md"
"document:task:b3fd010ad5","document","implemented","Task","docs/planning/v1-area-first-pixel-perfect-task-contract.md","Docs Memory Lead","docs/planning/v1-area-first-pixel-perfect-task-contract.md"
"document:v1-area-operating-graph-backend-gap-plan:d4c1ee0039","document","implemented","V1 Area Operating Graph Backend Gap Plan","docs/planning/v1-area-operating-graph-backend-gap-plan.md","Docs Memory Lead","docs/planning/v1-area-operating-graph-backend-gap-plan.md"
"document:v1-area-operating-room-layer-depth-task-contract:73da73a85b","document","implemented","V1 Area Operating Room Layer Depth Task Contract","docs/planning/v1-area-operating-room-layer-depth-task-contract.md","Docs Memory Lead","docs/planning/v1-area-operating-room-layer-depth-task-contract.md"
"document:v1-closure-task-contracts:cf9035ddb3","document","implemented","V1 Closure Task Contracts","docs/planning/v1-closure-task-contracts.md","Docs Memory Lead","docs/planning/v1-closure-task-contracts.md"
"document:v1-company-os-area-foundation-task-contract:42995c4460","document","implemented","V1 Company OS Area Foundation Task Contract","docs/planning/v1-company-os-area-foundation-task-contract.md","Docs Memory Lead","docs/planning/v1-company-os-area-foundation-task-contract.md"
"document:task:5d8c81d1f6","document","implemented","Task","docs/planning/v1-data-evidence-browser-task-contract.md","Docs Memory Lead","docs/planning/v1-data-evidence-browser-task-contract.md"
"document:task:2bf18fc49f","document","implemented","Task","docs/planning/v1-department-systems-global-implementation-plan-task-contract.md","Docs Memory Lead","docs/planning/v1-department-systems-global-implementation-plan-task-contract.md"
"document:v1-department-systems-global-implementation-plan:d5824c59d2","document","implemented","V1 Department Systems Global Implementation Plan","docs/planning/v1-department-systems-global-implementation-plan.md","Docs Memory Lead","docs/planning/v1-department-systems-global-implementation-plan.md"
"document:v1ops-001-operations-cockpit-react-view-task-contract:03e1254b35","document","implemented","V1OPS-001 Operations Cockpit React View Task Contract","docs/planning/v1-operations-cockpit-task-contract.md","Docs Memory Lead","docs/planning/v1-operations-cockpit-task-contract.md"
"document:v1-operations-compatibility-alias-cleanup-task-contract:aedf3a9ad4","document","implemented","V1 Operations Compatibility Alias Cleanup Task Contract","docs/planning/v1-operations-compatibility-alias-cleanup-task-contract.md","Docs Memory Lead","docs/planning/v1-operations-compatibility-alias-cleanup-task-contract.md"
"document:v1-operations-context-read-api-task-contract:3be7d0376e","document","implemented","V1 Operations Context Read API Task Contract","docs/planning/v1-operations-context-read-api-task-contract.md","Docs Memory Lead","docs/planning/v1-operations-context-read-api-task-contract.md"
"document:v1-production-authenticated-parity-task-contract:cec7b4747d","document","implemented","V1 Production Authenticated Parity Task Contract","docs/planning/v1-production-authenticated-parity-task-contract.md","Docs Memory Lead","docs/planning/v1-production-authenticated-parity-task-contract.md"
"document:v1-production-canonical-deploy-task-contract:06730ccd37","document","implemented","V1 Production Canonical Deploy Task Contract","docs/planning/v1-production-canonical-deploy-task-contract.md","Docs Memory Lead","docs/planning/v1-production-canonical-deploy-task-contract.md"
"document:v1-production-canonical-parity-audit-task-contract:bf06ebf09a","document","implemented","V1 Production Canonical Parity Audit Task Contract","docs/planning/v1-production-canonical-parity-audit-task-contract.md","Docs Memory Lead","docs/planning/v1-production-canonical-parity-audit-task-contract.md"
"document:v1-production-smoke-and-rollout-task-contract:c8292005ac","document","implemented","V1 Production Smoke And Rollout Task Contract","docs/planning/v1-production-smoke-rollout-task-contract.md","Docs Memory Lead","docs/planning/v1-production-smoke-rollout-task-contract.md"
"document:task:64bacf66c1","document","implemented","Task","docs/planning/v1-relationship-provenance-review-task-contract.md","Docs Memory Lead","docs/planning/v1-relationship-provenance-review-task-contract.md"
"document:task:ff8d60c6a4","document","implemented","Task","docs/planning/v1-selected-area-knowledge-depth-task-contract.md","Docs Memory Lead","docs/planning/v1-selected-area-knowledge-depth-task-contract.md"
"document:task:f10dcd27ad","document","implemented","Task","docs/planning/v1-selected-area-tasks-depth-task-contract.md","Docs Memory Lead","docs/planning/v1-selected-area-tasks-depth-task-contract.md"
"document:task:954ccff998","document","implemented","Task","docs/planning/v1-settings-canonical-design-task-contract.md","Docs Memory Lead","docs/planning/v1-settings-canonical-design-task-contract.md"
"document:v1settings-002-unified-settings-react-implementation:1dcf11bbee","document","implemented","V1SETTINGS-002 Unified Settings React Implementation","docs/planning/v1-settings-react-implementation-task-contract.md","Docs Memory Lead","docs/planning/v1-settings-react-implementation-task-contract.md"
"document:task:d2553beadb","document","implemented","Task","docs/planning/v1-simple-dashboard-canonical-design-task-contract.md","Docs Memory Lead","docs/planning/v1-simple-dashboard-canonical-design-task-contract.md"
"document:task:7538b2e9df","document","implemented","Task","docs/planning/v1-strategy-context-read-api-task-contract.md","Docs Memory Lead","docs/planning/v1-strategy-context-read-api-task-contract.md"
"document:task:383b95427d","document","implemented","Task","docs/planning/v1-strategy-production-smoke-task-contract.md","Docs Memory Lead","docs/planning/v1-strategy-production-smoke-task-contract.md"
"document:v1tasks-001-tasks-and-delivery-workbench-task-contract:ddeb37c6a4","document","implemented","V1TASKS-001 Tasks And Delivery Workbench Task Contract","docs/planning/v1-tasks-delivery-workbench-task-contract.md","Docs Memory Lead","docs/planning/v1-tasks-delivery-workbench-task-contract.md"
"document:v1web-002-five-canonical-web-surfaces:8bfdcfca23","document","implemented","V1WEB-002 Five Canonical Web Surfaces","docs/planning/v1-web-five-canonical-surfaces-task-contract.md","Docs Memory Lead","docs/planning/v1-web-five-canonical-surfaces-task-contract.md"
"document:v1web-index-001-web-view-ux-maturity-index:b863f51900","document","implemented","V1WEB-INDEX-001 Web View UX Maturity Index","docs/planning/v1-web-view-index-task-contract.md","Docs Memory Lead","docs/planning/v1-web-view-index-task-contract.md"
"document:v1auth-001-owner-auth-redirect-flow:adea314a23","document","implemented","V1AUTH-001 Owner Auth Redirect Flow","docs/planning/v1auth-001-owner-auth-redirect-task-contract.md","Docs Memory Lead","docs/planning/v1auth-001-owner-auth-redirect-task-contract.md"
"document:v1ops-production-operations-context-smoke-task-contract:79f4cfa016","document","implemented","V1OPS Production Operations Context Smoke Task Contract","docs/planning/v1ops-production-operations-context-smoke-task-contract.md","Docs Memory Lead","docs/planning/v1ops-production-operations-context-smoke-task-contract.md"
"document:v1x-paperclip-assistant-001-paperclip-corner-assistant-concept:fbc1a18cc9","document","implemented","V1X-PAPERCLIP-ASSISTANT-001 Paperclip Corner Assistant Concept","docs/planning/v1x-paperclip-corner-assistant-task-contract.md","Docs Memory Lead","docs/planning/v1x-paperclip-corner-assistant-task-contract.md"
"document:task:eb87e4ec9c","document","implemented","Task","docs/planning/v2vis-001-task-contract.md","Docs Memory Lead","docs/planning/v2vis-001-task-contract.md"
"document:task:c893b8fef5","document","implemented","Task","docs/planning/v2vis-002-route-frame-convergence-task-contract.md","Docs Memory Lead","docs/planning/v2vis-002-route-frame-convergence-task-contract.md"
"document:task:4663abbb5d","document","implemented","Task","docs/planning/v2vis-003-areas-route-body-polish-task-contract.md","Docs Memory Lead","docs/planning/v2vis-003-areas-route-body-polish-task-contract.md"
"document:task:0c135dbfc1","document","implemented","Task","docs/planning/v2vis-004-settings-api-route-body-polish-task-contract.md","Docs Memory Lead","docs/planning/v2vis-004-settings-api-route-body-polish-task-contract.md"
"document:task:965bf3ed1d","document","implemented","Task","docs/planning/v2vis-005-settings-drive-route-body-polish-task-contract.md","Docs Memory Lead","docs/planning/v2vis-005-settings-drive-route-body-polish-task-contract.md"
"document:web-and-mcp-foundation-task-plan:4528f3b675","document","implemented","Web And MCP Foundation Task Plan","docs/planning/web-and-mcp-foundation-task-plan.md","Docs Memory Lead","docs/planning/web-and-mcp-foundation-task-plan.md"
"document:web-theme-001-brand-theme-foundation-task-contract:4c1352ab40","document","implemented","WEB-THEME-001 Brand Theme Foundation Task Contract","docs/planning/web-brand-theme-foundation-task-contract.md","Docs Memory Lead","docs/planning/web-brand-theme-foundation-task-contract.md"
"document:web-console-v2-task-contracts:502b5a3d4f","document","implemented","Web Console V2 Task Contracts","docs/planning/web-console-v2-task-contracts.md","Docs Memory Lead","docs/planning/web-console-v2-task-contracts.md"
"document:web-core-001-web-core-surface-cleanup-task-contract:1ec5146f4a","document","implemented","WEB-CORE-001 Web Core Surface Cleanup Task Contract","docs/planning/web-core-surface-cleanup-task-contract.md","Docs Memory Lead","docs/planning/web-core-surface-cleanup-task-contract.md"
"document:web-foundation-quality-audit:f5da37cf3f","document","implemented","Web Foundation Quality Audit","docs/planning/web-foundation-quality-audit-2026-05-16.md","Docs Memory Lead","docs/planning/web-foundation-quality-audit-2026-05-16.md"
"document:web-qa-audit-001-web-foundation-quality-audit-task-contract:ab20fcbcd9","document","implemented","WEB-QA-AUDIT-001 Web Foundation Quality Audit Task Contract","docs/planning/web-foundation-quality-audit-task-contract.md","Docs Memory Lead","docs/planning/web-foundation-quality-audit-task-contract.md"
"document:web-qa-001-implementation-plan:6921e6a6d6","document","implemented","WEB-QA-001 Implementation Plan","docs/planning/web-qa-001-implementation-plan.md","Docs Memory Lead","docs/planning/web-qa-001-implementation-plan.md"
"document:web-qa-001-post-implementation-audit-2026-05-16:03596601f2","document","implemented","WEB-QA-001 Post-Implementation Audit - 2026-05-16","docs/planning/web-qa-001-post-implementation-audit-2026-05-16.md","Docs Memory Lead","docs/planning/web-qa-001-post-implementation-audit-2026-05-16.md"
"document:web-qa-001-web-language-message-and-form-foundation:37e9c1f523","document","implemented","WEB-QA-001 Web Language, Message, And Form Foundation","docs/planning/web-qa-001-task-contract.md","Docs Memory Lead","docs/planning/web-qa-001-task-contract.md"
"document:web-responsive-shell-and-people-link-task-contract:97f2e019bc","document","implemented","Web Responsive Shell And People Link Task Contract","docs/planning/web-responsive-shell-people-link-task-contract.md","Docs Memory Lead","docs/planning/web-responsive-shell-people-link-task-contract.md"
"document:web-route-loading-theme-continuity-task-contract:833cea4cfc","document","implemented","Web Route Loading Theme Continuity Task Contract","docs/planning/web-route-loading-theme-continuity-task-contract.md","Docs Memory Lead","docs/planning/web-route-loading-theme-continuity-task-contract.md"
"document:web-shell-density-001-sidebar-mobile-header-drawer-and-footer-polish-task-contract:1b441e2834","document","implemented","WEB-SHELL-DENSITY-001 Sidebar, Mobile Header, Drawer, And Footer Polish Task Contract","docs/planning/web-shell-sidebar-footer-polish-task-contract.md","Docs Memory Lead","docs/planning/web-shell-sidebar-footer-polish-task-contract.md"
"document:task:15b6a29ea3","document","implemented","Task","docs/planning/web-shell-user-settings-operations-tasks-task-contract.md","Docs Memory Lead","docs/planning/web-shell-user-settings-operations-tasks-task-contract.md"
"document:web-sidebar-foundation-audit-2026-05-16:d3ec5896fa","document","implemented","Web Sidebar Foundation Audit - 2026-05-16","docs/planning/web-sidebar-foundation-audit-2026-05-16.md","Docs Memory Lead","docs/planning/web-sidebar-foundation-audit-2026-05-16.md"
"document:web-view-rules-and-people-directory-cleanup-task-contract:35bd55891b","document","implemented","Web View Rules And People Directory Cleanup Task Contract","docs/planning/web-view-rules-and-people-directory-cleanup-task-contract.md","Docs Memory Lead","docs/planning/web-view-rules-and-people-directory-cleanup-task-contract.md"
"document:webfound-002-004-workspace-and-sidebar-foundation-task-contract:d4d8afa04c","document","implemented","WEBFOUND-002-004 Workspace And Sidebar Foundation Task Contract","docs/planning/webfound-002-004-task-contract.md","Docs Memory Lead","docs/planning/webfound-002-004-task-contract.md"
"document:webfound-005-sidebar-area-tree-hardening:67880e2c70","document","implemented","WEBFOUND-005 Sidebar Area Tree Hardening","docs/planning/webfound-005-task-contract.md","Docs Memory Lead","docs/planning/webfound-005-task-contract.md"
"document:webfound-007-relationship-graph-audit:10413114af","document","implemented","WEBFOUND-007 Relationship Graph Audit","docs/planning/webfound-007-task-contract.md","Docs Memory Lead","docs/planning/webfound-007-task-contract.md"
"document:webfound-008a-relationship-graph-read-api:eff7d330e1","document","implemented","WEBFOUND-008A Relationship Graph Read API","docs/planning/webfound-008a-task-contract.md","Docs Memory Lead","docs/planning/webfound-008a-task-contract.md"
"document:webfound-008b-relationship-workbench-upgrade:8268f202c6","document","implemented","WEBFOUND-008B Relationship Workbench Upgrade","docs/planning/webfound-008b-task-contract.md","Docs Memory Lead","docs/planning/webfound-008b-task-contract.md"
"document:task:96ef3a314c","document","implemented","Task","docs/planning/webfound-009-task-contract.md","Docs Memory Lead","docs/planning/webfound-009-task-contract.md"
"document:task:ac996f9433","document","implemented","Task","docs/planning/webfound-010-task-contract.md","Docs Memory Lead","docs/planning/webfound-010-task-contract.md"
"document:task:9641b17306","document","implemented","Task","docs/planning/webfound-011-task-contract.md","Docs Memory Lead","docs/planning/webfound-011-task-contract.md"
"document:webfound-012-ai-ready-smoke-pack:d7473729a7","document","implemented","WEBFOUND-012 - AI-Ready Smoke Pack","docs/planning/webfound-012-task-contract.md","Docs Memory Lead","docs/planning/webfound-012-task-contract.md"
"document:webfound-013-v2-ux-readiness-review:eaf6f738c4","document","implemented","WEBFOUND-013 - V2 UX Readiness Review","docs/planning/webfound-013-task-contract.md","Docs Memory Lead","docs/planning/webfound-013-task-contract.md"
"document:webfound-014-v2-visual-implementation-plan:2de99ede6b","document","implemented","WEBFOUND-014 - V2 Visual Implementation Plan","docs/planning/webfound-014-task-contract.md","Docs Memory Lead","docs/planning/webfound-014-task-contract.md"
"document:work-package-template:b8123b1831","document","implemented","Work Package Template","docs/planning/work-package-template.md","Docs Memory Lead","docs/planning/work-package-template.md"
"document:capability-map:9042ff3c9c","document","implemented","Capability Map","docs/product/capability-map.md","Docs Memory Lead","docs/product/capability-map.md"
"document:mvp-scope:341e63028f","document","implemented","MVP Scope","docs/product/mvp_scope.md","Docs Memory Lead","docs/product/mvp_scope.md"
"document:non-goals:bb596193e7","document","implemented","Non-Goals","docs/product/non-goals.md","Docs Memory Lead","docs/product/non-goals.md"
"document:product-overview:7aa6455942","document","implemented","Product Overview","docs/product/overview.md","Docs Memory Lead","docs/product/overview.md"
"document:problem-statement:cf26f163de","document","implemented","Problem Statement","docs/product/problem-statement.md","Docs Memory Lead","docs/product/problem-statement.md"
"document:product-definition:d21d8473bb","document","implemented","Product Definition","docs/product/product.md","Docs Memory Lead","docs/product/product.md"
"document:success-metrics:64ab209995","document","deprecated","Success Metrics","docs/product/success-metrics.md","Docs Memory Lead","docs/product/success-metrics.md"
"document:user-model:9525b0c493","document","implemented","User Model","docs/product/user-model.md","Docs Memory Lead","docs/product/user-model.md"
"document:quality-attribute-scenarios:eb7cc6c787","document","implemented","Quality Attribute Scenarios","docs/quality/quality-attribute-scenarios.md","Docs Memory Lead","docs/quality/quality-attribute-scenarios.md"
"document:company-core:8b9b9cf11b","document","implemented","Company Core","docs/README.md","Docs Memory Lead","docs/README.md"
"document:release-template:c7e3b74bad","document","implemented","Release Template","docs/releases/release-template.md","Docs Memory Lead","docs/releases/release-template.md"
"document:release-train:49027ee9be","document","implemented","Release Train","docs/releases/release-train.md","Docs Memory Lead","docs/releases/release-train.md"
"document:secure-development-lifecycle:2414479969","document","implemented","Secure Development Lifecycle","docs/security/secure-development-lifecycle.md","Docs Memory Lead","docs/security/secure-development-lifecycle.md"
"document:security-baseline-md:46abb6ff56","document","implemented","security-baseline.md","docs/security/security-baseline.md","Docs Memory Lead","docs/security/security-baseline.md"
"document:advanced-template-propagation-index-2026-05-25-md:973c7b19ac","document","implemented","advanced-template-propagation-index-2026-05-25.md","docs/status/advanced-template-propagation-index-2026-05-25.md","Docs Memory Lead","docs/status/advanced-template-propagation-index-2026-05-25.md"
"document:architecture-drift-report:2048752ce8","document","implemented","Architecture Drift Report","docs/status/architecture-drift-report.md","Docs Memory Lead","docs/status/architecture-drift-report.md"
"document:architecture-evidence-summary:2a1dc38c25","document","implemented","Architecture Evidence Summary","docs/status/architecture-evidence-summary.md","Docs Memory Lead","docs/status/architecture-evidence-summary.md"
"document:architecture-health-dashboard:3341f66d62","document","implemented","Architecture Health Dashboard","docs/status/architecture-health-dashboard.md","Docs Memory Lead","docs/status/architecture-health-dashboard.md"
"document:architecture-map-status:40009e1221","document","implemented","Architecture Map Status","docs/status/architecture-map-status.md","Docs Memory Lead","docs/status/architecture-map-status.md"
"document:architecture-proof-bundle:8c4c597891","document","implemented","Architecture Proof Bundle","docs/status/architecture-proof-bundle.md","Docs Memory Lead","docs/status/architecture-proof-bundle.md"
"document:architecture-registry-catalog:437d3d1152","document","implemented","Architecture Registry Catalog","docs/status/architecture-registry-catalog.md","Docs Memory Lead","docs/status/architecture-registry-catalog.md"
"document:architecture-roadmap:bd5296dea5","document","implemented","Architecture Roadmap","docs/status/architecture-roadmap.md","Docs Memory Lead","docs/status/architecture-roadmap.md"
"document:template-propagation-index-2026-05-25-md:e488a01eb0","document","implemented","template-propagation-index-2026-05-25.md","docs/status/template-propagation-index-2026-05-25.md","Docs Memory Lead","docs/status/template-propagation-index-2026-05-25.md"
"document:ux-anti-patterns:156ca0bc3b","document","implemented","UX Anti-Patterns","docs/ux/anti-patterns.md","Docs Memory Lead","docs/ux/anti-patterns.md"
"document:areas-route-body-usability-audit:aaabf779c4","document","implemented","Areas Route Body Usability Audit","docs/ux/areas-route-body-usability-audit-2026-05-15.md","Docs Memory Lead","docs/ux/areas-route-body-usability-audit-2026-05-15.md"
"document:authenticated-shell-layout-audit:7f0c0d0e83","document","implemented","Authenticated Shell Layout Audit","docs/ux/authenticated-shell-layout-audit-2026-05-14.md","Docs Memory Lead","docs/ux/authenticated-shell-layout-audit-2026-05-14.md"
"document:background-and-decorative-asset-strategy:b4d245d374","document","implemented","Background And Decorative Asset Strategy","docs/ux/background-and-decorative-asset-strategy.md","Docs Memory Lead","docs/ux/background-and-decorative-asset-strategy.md"
"document:brand-personality-tokens:5473524fe5","document","implemented","Brand Personality Tokens","docs/ux/brand-personality-tokens.md","Docs Memory Lead","docs/ux/brand-personality-tokens.md"
"document:canonical-visual-implementation-workflow:4cbd389999","document","implemented","Canonical Visual Implementation Workflow","docs/ux/canonical-visual-implementation-workflow.md","Docs Memory Lead","docs/ux/canonical-visual-implementation-workflow.md"
"document:company-city-dashboard-v3-spec:b284180660","document","implemented","Company City Dashboard V3 Spec","docs/ux/company-city-dashboard-v3-spec.md","Docs Memory Lead","docs/ux/company-city-dashboard-v3-spec.md"
"document:companycore-v1-ux-ui-audit:f5a71c6294","document","implemented","CompanyCore V1 UX/UI Audit","docs/ux/companycore-v1-ux-ui-audit.md","Docs Memory Lead","docs/ux/companycore-v1-ux-ui-audit.md"
"document:design-memory:b968bead4f","document","implemented","Design Memory","docs/ux/design-memory.md","Docs Memory Lead","docs/ux/design-memory.md"
"document:design-system-contract:c7bc13f14b","document","implemented","Design System Contract","docs/ux/design-system-contract.md","Docs Memory Lead","docs/ux/design-system-contract.md"
"document:evidence-driven-ux-review:01d5b34628","document","implemented","Evidence-Driven UX Review","docs/ux/evidence-driven-ux-review.md","Docs Memory Lead","docs/ux/evidence-driven-ux-review.md"
"document:experience-quality-bar:221317f3af","document","implemented","Experience Quality Bar","docs/ux/experience-quality-bar.md","Docs Memory Lead","docs/ux/experience-quality-bar.md"
"document:pattern-gallery:4c275d1641","document","implemented","Pattern Gallery","docs/ux/pattern-gallery.md","Docs Memory Lead","docs/ux/pattern-gallery.md"
"document:people-agents-directory-final-ux-audit:575253df7b","document","implemented","People/Agents Directory Final UX Audit","docs/ux/people-agents-directory-final-ux-audit-2026-05-19.md","Docs Memory Lead","docs/ux/people-agents-directory-final-ux-audit-2026-05-19.md"
"document:people-agents-directory-usability-audit:746a2eb7e0","document","implemented","People/Agents Directory Usability Audit","docs/ux/people-agents-directory-usability-audit-2026-05-18.md","Docs Memory Lead","docs/ux/people-agents-directory-usability-audit-2026-05-18.md"
"document:people-agents-directory-ux-and-backend-data-audit:a46a6ee0da","document","implemented","People/Agents Directory UX And Backend Data Audit","docs/ux/people-agents-directory-ux-backend-audit-2026-05-18.md","Docs Memory Lead","docs/ux/people-agents-directory-ux-backend-audit-2026-05-18.md"
"document:roost-brand-book-v1:086c0f9e9e","document","implemented","Roost Brand Book v1","docs/ux/roost-brand-book.md","Docs Memory Lead","docs/ux/roost-brand-book.md"
"document:route-frame-usability-audit:949e010b32","document","implemented","Route Frame Usability Audit","docs/ux/route-frame-usability-audit-2026-05-15.md","Docs Memory Lead","docs/ux/route-frame-usability-audit-2026-05-15.md"
"document:screen-quality-checklist:b71a2745a8","document","implemented","Screen Quality Checklist","docs/ux/screen-quality-checklist.md","Docs Memory Lead","docs/ux/screen-quality-checklist.md"
"document:settings-api-route-body-usability-audit:3e1ddcb0c2","document","implemented","Settings API Route Body Usability Audit","docs/ux/settings-api-route-body-usability-audit-2026-05-15.md","Docs Memory Lead","docs/ux/settings-api-route-body-usability-audit-2026-05-15.md"
"document:settings-drive-route-body-usability-audit-2026-05-15:de1f98a8a2","document","implemented","Settings Drive Route Body Usability Audit - 2026-05-15","docs/ux/settings-drive-route-body-usability-audit-2026-05-15.md","Docs Memory Lead","docs/ux/settings-drive-route-body-usability-audit-2026-05-15.md"
"document:stitch-mcp-playbook:06a8de3fe8","document","implemented","Stitch MCP Playbook","docs/ux/stitch-mcp-playbook.md","Docs Memory Lead","docs/ux/stitch-mcp-playbook.md"
"document:ui-scorecard:81e9e424a8","document","implemented","UI Scorecard","docs/ux/ui-scorecard.md","Docs Memory Lead","docs/ux/ui-scorecard.md"
"document:ux-ui-mcp-collaboration:a7a813d833","document","implemented","UX/UI MCP Collaboration","docs/ux/ux-ui-mcp-collaboration.md","Docs Memory Lead","docs/ux/ux-ui-mcp-collaboration.md"
"document:v1-area-detail-canonical-spec:0a4b9b4b3b","document","implemented","V1 Area Detail Canonical Spec","docs/ux/v1-area-detail-canonical-spec-2026-05-15.md","Docs Memory Lead","docs/ux/v1-area-detail-canonical-spec-2026-05-15.md"
"document:v1-area-first-web-readiness-review:4caf648e4b","document","implemented","V1 Area-First Web Readiness Review","docs/ux/v1-area-first-web-readiness-review-2026-05-15.md","Docs Memory Lead","docs/ux/v1-area-first-web-readiness-review-2026-05-15.md"
"document:v1-department-management-systems-view-map:3ea435cc29","document","implemented","V1 Department Management Systems View Map","docs/ux/v1-department-management-systems-view-map.md","Docs Memory Lead","docs/ux/v1-department-management-systems-view-map.md"
"document:v1-department-system-prompt-pack:028c4251b1","document","implemented","V1 Department System Prompt Pack","docs/ux/v1-department-system-prompt-pack.md","Docs Memory Lead","docs/ux/v1-department-system-prompt-pack.md"
"document:v1-production-canonical-discrepancy-audit:f0280825d5","document","implemented","V1 Production Canonical Discrepancy Audit","docs/ux/v1-production-canonical-discrepancy-audit-2026-05-15.md","Docs Memory Lead","docs/ux/v1-production-canonical-discrepancy-audit-2026-05-15.md"
"document:v1-settings-canonical-spec:b15d14f578","document","implemented","V1 Settings Canonical Spec","docs/ux/v1-settings-canonical-spec-2026-05-15.md","Docs Memory Lead","docs/ux/v1-settings-canonical-spec-2026-05-15.md"
"document:companycore-v1-simple-dashboard-canonical-audit:9b3a28fcca","document","implemented","CompanyCore V1 Simple Dashboard Canonical Audit","docs/ux/v1-simple-dashboard-canonical-audit-2026-05-15.md","Docs Memory Lead","docs/ux/v1-simple-dashboard-canonical-audit-2026-05-15.md"
"document:companycore-v1-simple-dashboard-canonical-spec:9caeb68764","document","implemented","CompanyCore V1 Simple Dashboard Canonical Spec","docs/ux/v1-simple-dashboard-canonical-spec-2026-05-15.md","Docs Memory Lead","docs/ux/v1-simple-dashboard-canonical-spec-2026-05-15.md"
"document:v1-web-view-index:152bbde49e","document","implemented","V1 Web View Index","docs/ux/v1-web-view-index-2026-05-15.md","Docs Memory Lead","docs/ux/v1-web-view-index-2026-05-15.md"
"document:v2-ux-readiness-review:70703961bd","document","implemented","V2 UX Readiness Review","docs/ux/v2-ux-readiness-review-2026-05-14.md","Docs Memory Lead","docs/ux/v2-ux-readiness-review-2026-05-14.md"
"document:v2-visual-implementation-plan:9a545195e3","document","implemented","V2 Visual Implementation Plan","docs/ux/v2-visual-implementation-plan-2026-05-14.md","Docs Memory Lead","docs/ux/v2-visual-implementation-plan-2026-05-14.md"
"document:visual-direction-brief:6e6349be8f","document","implemented","Visual Direction Brief","docs/ux/visual-direction-brief.md","Docs Memory Lead","docs/ux/visual-direction-brief.md"
"document:web-app-ux100-audit-and-execution-plan-2026-05-15:978f6b9932","document","implemented","Web App UX100 Audit And Execution Plan - 2026-05-15","docs/ux/web-app-ux100-audit-and-execution-plan-2026-05-15.md","Docs Memory Lead","docs/ux/web-app-ux100-audit-and-execution-plan-2026-05-15.md"
"document:web-view-creation-rules:3538c3e094","document","implemented","Web View Creation Rules","docs/ux/web-view-creation-rules.md","Docs Memory Lead","docs/ux/web-view-creation-rules.md"
"document:history-overview:a2f6cccbc0","document","implemented","History Overview","history/history-overview.md","Engineering Delivery Lead","history/history-overview.md"
"document:integration-checklist:721c1de001","document","implemented","Integration Checklist","INTEGRATION_CHECKLIST.md","Engineering Delivery Lead","INTEGRATION_CHECKLIST.md"
"document:new-project-bootstrap:2066835c1f","document","implemented","New Project Bootstrap","NEW_PROJECT_BOOTSTRAP.md","Engineering Delivery Lead","NEW_PROJECT_BOOTSTRAP.md"
"document:no-temporary-solutions:f4aac3d420","document","blocked","No Temporary Solutions","NO_TEMPORARY_SOLUTIONS.md","Engineering Delivery Lead","NO_TEMPORARY_SOLUTIONS.md"
"document:luckysparrow-company-core-v1:a99bcdd8c4","document","implemented","LuckySparrow Company Core v1","README.md","Engineering Delivery Lead","README.md"
"document:integrations:ec6d120857","document","implemented","Integrations","src/integrations/README.md","Engineering Delivery Lead","src/integrations/README.md"
"document:agent-logs-module:09e2b8691e","document","implemented","Agent Logs Module","src/modules/agent-logs/README.md","Engineering Delivery Lead","src/modules/agent-logs/README.md"
"document:decisions-module:0eff59d7cc","document","implemented","Decisions Module","src/modules/decisions/README.md","Engineering Delivery Lead","src/modules/decisions/README.md"
"document:interactions-module:74b2248b77","document","implemented","Interactions Module","src/modules/interactions/README.md","Engineering Delivery Lead","src/modules/interactions/README.md"
"document:pipeline-stages-module:f43b558577","document","implemented","Pipeline Stages Module","src/modules/pipeline-stages/README.md","Engineering Delivery Lead","src/modules/pipeline-stages/README.md"
"document:task-lists-module:2ff8cfe4c6","document","implemented","Task Lists Module","src/modules/task-lists/README.md","Engineering Delivery Lead","src/modules/task-lists/README.md"
"feature:seed-ts:8119101cd7","feature","implemented","seed.ts","prisma/seed.ts","Engineering Delivery Lead","prisma/seed.ts"
"feature:adapter-smoke-mjs:a70330596e","feature","implemented","adapter-smoke.mjs","scripts/adapter-smoke.mjs","Engineering Delivery Lead","scripts/adapter-smoke.mjs"
"feature:agent-training-smoke-mjs:454c2b0a08","feature","implemented","agent-training-smoke.mjs","scripts/agent-training-smoke.mjs","Engineering Delivery Lead","scripts/agent-training-smoke.mjs"
"feature:aog-deploy-smoke-mjs:4950b48d18","feature","implemented","aog-deploy-smoke.mjs","scripts/aog-deploy-smoke.mjs","Engineering Delivery Lead","scripts/aog-deploy-smoke.mjs"
"feature:backfill-architecture-nodes-mjs:e5fc8db033","feature","implemented","backfill-architecture-nodes.mjs","scripts/backfill-architecture-nodes.mjs","Engineering Delivery Lead","scripts/backfill-architecture-nodes.mjs"
"feature:build-architecture-chain-hardening-worklist-mjs:76048d5afb","feature","implemented","build-architecture-chain-hardening-worklist.mjs","scripts/build-architecture-chain-hardening-worklist.mjs","Engineering Delivery Lead","scripts/build-architecture-chain-hardening-worklist.mjs"
"feature:build-architecture-dead-nodes-report-mjs:bb8975559f","feature","implemented","build-architecture-dead-nodes-report.mjs","scripts/build-architecture-dead-nodes-report.mjs","Engineering Delivery Lead","scripts/build-architecture-dead-nodes-report.mjs"
"feature:build-architecture-delta-report-mjs:01dbd621ee","feature","implemented","build-architecture-delta-report.mjs","scripts/build-architecture-delta-report.mjs","Engineering Delivery Lead","scripts/build-architecture-delta-report.mjs"
"feature:build-architecture-evidence-worklist-mjs:de807410aa","feature","implemented","build-architecture-evidence-worklist.mjs","scripts/build-architecture-evidence-worklist.mjs","Engineering Delivery Lead","scripts/build-architecture-evidence-worklist.mjs"
"feature:build-architecture-health-dashboard-mjs:f597bc0ac8","feature","implemented","build-architecture-health-dashboard.mjs","scripts/build-architecture-health-dashboard.mjs","Engineering Delivery Lead","scripts/build-architecture-health-dashboard.mjs"
"feature:build-architecture-impact-delta-report-mjs:2ce37590c4","feature","implemented","build-architecture-impact-delta-report.mjs","scripts/build-architecture-impact-delta-report.mjs","Engineering Delivery Lead","scripts/build-architecture-impact-delta-report.mjs"
"feature:build-architecture-impact-index-mjs:3371d8a6ef","feature","implemented","build-architecture-impact-index.mjs","scripts/build-architecture-impact-index.mjs","Engineering Delivery Lead","scripts/build-architecture-impact-index.mjs"
"feature:build-architecture-proof-bundle-mjs:28e35ef266","feature","implemented","build-architecture-proof-bundle.mjs","scripts/build-architecture-proof-bundle.mjs","Engineering Delivery Lead","scripts/build-architecture-proof-bundle.mjs"
"feature:build-architecture-registry-catalog-mjs:a492a3dc59","feature","implemented","build-architecture-registry-catalog.mjs","scripts/build-architecture-registry-catalog.mjs","Engineering Delivery Lead","scripts/build-architecture-registry-catalog.mjs"
"feature:build-architecture-risk-hotspots-report-mjs:9e2ca6c9a1","feature","deprecated","build-architecture-risk-hotspots-report.mjs","scripts/build-architecture-risk-hotspots-report.mjs","Engineering Delivery Lead","scripts/build-architecture-risk-hotspots-report.mjs"
"feature:build-architecture-roadmap-mjs:0310317884","feature","implemented","build-architecture-roadmap.mjs","scripts/build-architecture-roadmap.mjs","Engineering Delivery Lead","scripts/build-architecture-roadmap.mjs"
"feature:check-architecture-chain-coverage-mjs:4152b061a3","feature","implemented","check-architecture-chain-coverage.mjs","scripts/check-architecture-chain-coverage.mjs","Engineering Delivery Lead","scripts/check-architecture-chain-coverage.mjs"
"feature:check-architecture-chain-integrity-mjs:6b9a42b230","feature","implemented","check-architecture-chain-integrity.mjs","scripts/check-architecture-chain-integrity.mjs","Engineering Delivery Lead","scripts/check-architecture-chain-integrity.mjs"
"feature:check-architecture-command-contract-mjs:0c35fdb41d","feature","implemented","check-architecture-command-contract.mjs","scripts/check-architecture-command-contract.mjs","Engineering Delivery Lead","scripts/check-architecture-command-contract.mjs"
"feature:check-architecture-connectivity-mjs:228dc3e4e3","feature","implemented","check-architecture-connectivity.mjs","scripts/check-architecture-connectivity.mjs","Engineering Delivery Lead","scripts/check-architecture-connectivity.mjs"
"feature:check-architecture-csv-contract-mjs:e91c71cfa5","feature","implemented","check-architecture-csv-contract.mjs","scripts/check-architecture-csv-contract.mjs","Engineering Delivery Lead","scripts/check-architecture-csv-contract.mjs"
"feature:check-architecture-delta-zero-mjs:74049bc5b7","feature","implemented","check-architecture-delta-zero.mjs","scripts/check-architecture-delta-zero.mjs","Engineering Delivery Lead","scripts/check-architecture-delta-zero.mjs"
"feature:check-architecture-doc-baseline-mjs:a5ad3b00de","feature","implemented","check-architecture-doc-baseline.mjs","scripts/check-architecture-doc-baseline.mjs","Engineering Delivery Lead","scripts/check-architecture-doc-baseline.mjs"
"feature:check-architecture-evidence-cardinality-mjs:381575c72b","feature","implemented","check-architecture-evidence-cardinality.mjs","scripts/check-architecture-evidence-cardinality.mjs","Engineering Delivery Lead","scripts/check-architecture-evidence-cardinality.mjs"
"feature:check-architecture-evidence-gate-mjs:781bf73563","feature","implemented","check-architecture-evidence-gate.mjs","scripts/check-architecture-evidence-gate.mjs","Engineering Delivery Lead","scripts/check-architecture-evidence-gate.mjs"
"feature:check-architecture-generated-node-frontmatter-mjs:ddbbafa011","feature","implemented","check-architecture-generated-node-frontmatter.mjs","scripts/check-architecture-generated-node-frontmatter.mjs","Engineering Delivery Lead","scripts/check-architecture-generated-node-frontmatter.mjs"
"feature:check-architecture-graph-artifact-consistency-mjs:64c3a44f24","feature","implemented","check-architecture-graph-artifact-consistency.mjs","scripts/check-architecture-graph-artifact-consistency.mjs","Engineering Delivery Lead","scripts/check-architecture-graph-artifact-consistency.mjs"
"feature:check-architecture-health-dashboard-gate-mjs:d6a4964ca2","feature","implemented","check-architecture-health-dashboard-gate.mjs","scripts/check-architecture-health-dashboard-gate.mjs","Engineering Delivery Lead","scripts/check-architecture-health-dashboard-gate.mjs"
"feature:check-architecture-impact-delta-gate-mjs:9814b543c4","feature","implemented","check-architecture-impact-delta-gate.mjs","scripts/check-architecture-impact-delta-gate.mjs","Engineering Delivery Lead","scripts/check-architecture-impact-delta-gate.mjs"
"feature:check-architecture-node-artifacts-mjs:fa88014c2c","feature","implemented","check-architecture-node-artifacts.mjs","scripts/check-architecture-node-artifacts.mjs","Engineering Delivery Lead","scripts/check-architecture-node-artifacts.mjs"
"feature:check-architecture-node-catalog-consistency-mjs:3036946037","feature","implemented","check-architecture-node-catalog-consistency.mjs","scripts/check-architecture-node-catalog-consistency.mjs","Engineering Delivery Lead","scripts/check-architecture-node-catalog-consistency.mjs"
"feature:check-architecture-node-integrity-mjs:0e4d4d0b7d","feature","implemented","check-architecture-node-integrity.mjs","scripts/check-architecture-node-integrity.mjs","Engineering Delivery Lead","scripts/check-architecture-node-integrity.mjs"
"feature:check-architecture-node-links-mjs:7902816cff","feature","implemented","check-architecture-node-links.mjs","scripts/check-architecture-node-links.mjs","Engineering Delivery Lead","scripts/check-architecture-node-links.mjs"
"feature:check-architecture-pipeline-nodes-mjs:489110dee7","feature","implemented","check-architecture-pipeline-nodes.mjs","scripts/check-architecture-pipeline-nodes.mjs","Engineering Delivery Lead","scripts/check-architecture-pipeline-nodes.mjs"
"feature:check-architecture-proof-bundle-gate-mjs:b677160750","feature","implemented","check-architecture-proof-bundle-gate.mjs","scripts/check-architecture-proof-bundle-gate.mjs","Engineering Delivery Lead","scripts/check-architecture-proof-bundle-gate.mjs"
"feature:check-architecture-relation-integrity-mjs:bb30ffe683","feature","implemented","check-architecture-relation-integrity.mjs","scripts/check-architecture-relation-integrity.mjs","Engineering Delivery Lead","scripts/check-architecture-relation-integrity.mjs"
"feature:check-architecture-report-presence-mjs:b598887394","feature","implemented","check-architecture-report-presence.mjs","scripts/check-architecture-report-presence.mjs","Engineering Delivery Lead","scripts/check-architecture-report-presence.mjs"
"feature:check-architecture-risk-hotspots-gate-mjs:495ecb4d7c","feature","implemented","check-architecture-risk-hotspots-gate.mjs","scripts/check-architecture-risk-hotspots-gate.mjs","Engineering Delivery Lead","scripts/check-architecture-risk-hotspots-gate.mjs"
"feature:check-architecture-roadmap-gate-mjs:8ca270d844","feature","implemented","check-architecture-roadmap-gate.mjs","scripts/check-architecture-roadmap-gate.mjs","Engineering Delivery Lead","scripts/check-architecture-roadmap-gate.mjs"
"feature:check-route-capabilities-mjs:d574fd7464","feature","implemented","check-route-capabilities.mjs","scripts/check-route-capabilities.mjs","Engineering Delivery Lead","scripts/check-route-capabilities.mjs"
"feature:clean-react-build-mjs:e14fb2290f","feature","implemented","clean-react-build.mjs","scripts/clean-react-build.mjs","Engineering Delivery Lead","scripts/clean-react-build.mjs"
"feature:clickup-production-bootstrap-mjs:b9e95dee4f","feature","implemented","clickup-production-bootstrap.mjs","scripts/clickup-production-bootstrap.mjs","Engineering Delivery Lead","scripts/clickup-production-bootstrap.mjs"
"feature:company-os-lifecycle-trace-smoke-mjs:e5d0515cf5","feature","implemented","company-os-lifecycle-trace-smoke.mjs","scripts/company-os-lifecycle-trace-smoke.mjs","Engineering Delivery Lead","scripts/company-os-lifecycle-trace-smoke.mjs"
"feature:companycore-ai-ready-smoke-mjs:8c9373a5d3","feature","implemented","companycore-ai-ready-smoke.mjs","scripts/companycore-ai-ready-smoke.mjs","Engineering Delivery Lead","scripts/companycore-ai-ready-smoke.mjs"
"feature:companycore-mcp-server-mjs:0c499f7f8f","feature","implemented","companycore-mcp-server.mjs","scripts/companycore-mcp-server.mjs","Engineering Delivery Lead","scripts/companycore-mcp-server.mjs"
"feature:companycore-mcp-smoke-mjs:5c2b80710f","feature","implemented","companycore-mcp-smoke.mjs","scripts/companycore-mcp-smoke.mjs","Engineering Delivery Lead","scripts/companycore-mcp-smoke.mjs"
"feature:enrich-architecture-evidence-mjs:d139955132","feature","implemented","enrich-architecture-evidence.mjs","scripts/enrich-architecture-evidence.mjs","Engineering Delivery Lead","scripts/enrich-architecture-evidence.mjs"
"feature:enrich-architecture-relations-mjs:dad0c90c38","feature","implemented","enrich-architecture-relations.mjs","scripts/enrich-architecture-relations.mjs","Engineering Delivery Lead","scripts/enrich-architecture-relations.mjs"
"feature:ensure-architecture-docs-root-mjs:59f620ca7e","feature","implemented","ensure-architecture-docs-root.mjs","scripts/ensure-architecture-docs-root.mjs","Engineering Delivery Lead","scripts/ensure-architecture-docs-root.mjs"
"feature:generate-architecture-graph-mjs:6a94a319b6","feature","implemented","generate-architecture-graph.mjs","scripts/generate-architecture-graph.mjs","Engineering Delivery Lead","scripts/generate-architecture-graph.mjs"
"feature:google-drive-production-smoke-mjs:14cc73731b","feature","implemented","google-drive-production-smoke.mjs","scripts/google-drive-production-smoke.mjs","Engineering Delivery Lead","scripts/google-drive-production-smoke.mjs"
"feature:normalize-architecture-chains-mjs:4c5fc38145","feature","implemented","normalize-architecture-chains.mjs","scripts/normalize-architecture-chains.mjs","Engineering Delivery Lead","scripts/normalize-architecture-chains.mjs"
"feature:operating-model-registry-lifecycle-smoke-mjs:ec398b8193","feature","implemented","operating-model-registry-lifecycle-smoke.mjs","scripts/operating-model-registry-lifecycle-smoke.mjs","Engineering Delivery Lead","scripts/operating-model-registry-lifecycle-smoke.mjs"
"feature:owner-console-ux-smoke-mjs:2bf3cdabf0","feature","implemented","owner-console-ux-smoke.mjs","scripts/owner-console-ux-smoke.mjs","Engineering Delivery Lead","scripts/owner-console-ux-smoke.mjs"
"feature:print-architecture-status-mjs:8d03732be7","feature","implemented","print-architecture-status.mjs","scripts/print-architecture-status.mjs","Engineering Delivery Lead","scripts/print-architecture-status.mjs"
"feature:sync-architecture-chains-mjs:68a6bb7b0f","feature","implemented","sync-architecture-chains.mjs","scripts/sync-architecture-chains.mjs","Engineering Delivery Lead","scripts/sync-architecture-chains.mjs"
"feature:sync-architecture-doc-baseline-mjs:d39517d291","feature","implemented","sync-architecture-doc-baseline.mjs","scripts/sync-architecture-doc-baseline.mjs","Engineering Delivery Lead","scripts/sync-architecture-doc-baseline.mjs"
"feature:sync-architecture-evidence-status-mjs:0c9d8601cb","feature","implemented","sync-architecture-evidence-status.mjs","scripts/sync-architecture-evidence-status.mjs","Engineering Delivery Lead","scripts/sync-architecture-evidence-status.mjs"
"feature:sync-architecture-extended-registry-mjs:eae70ecc44","feature","implemented","sync-architecture-extended-registry.mjs","scripts/sync-architecture-extended-registry.mjs","Engineering Delivery Lead","scripts/sync-architecture-extended-registry.mjs"
"feature:sync-architecture-feature-coverage-mjs:765c646613","feature","implemented","sync-architecture-feature-coverage.mjs","scripts/sync-architecture-feature-coverage.mjs","Engineering Delivery Lead","scripts/sync-architecture-feature-coverage.mjs"
"feature:sync-architecture-node-verification-mjs:46cb9752d1","feature","implemented","sync-architecture-node-verification.mjs","scripts/sync-architecture-node-verification.mjs","Engineering Delivery Lead","scripts/sync-architecture-node-verification.mjs"
"feature:sync-architecture-registry-mjs:6b16b02cdf","feature","implemented","sync-architecture-registry.mjs","scripts/sync-architecture-registry.mjs","Engineering Delivery Lead","scripts/sync-architecture-registry.mjs"
"feature:test-api-local-mjs:fef8423ba8","feature","implemented","test-api-local.mjs","scripts/test-api-local.mjs","Engineering Delivery Lead","scripts/test-api-local.mjs"
"feature:app-ts:e798655a78","feature","implemented","app.ts","src/app.ts","Engineering Delivery Lead","src/app.ts"
"feature:agent-key-profiles-ts:5c15d0332b","feature","implemented","agent-key-profiles.ts","src/auth/agent-key-profiles.ts","Engineering Delivery Lead","src/auth/agent-key-profiles.ts"
"feature:api-key-middleware-ts:b3416cccca","feature","implemented","api-key.middleware.ts","src/auth/api-key.middleware.ts","Engineering Delivery Lead","src/auth/api-key.middleware.ts"
"feature:api-key-ts:ad12ed7339","feature","implemented","api-key.ts","src/auth/api-key.ts","Engineering Delivery Lead","src/auth/api-key.ts"
"feature:capabilities-ts:8aa6c04dd1","feature","implemented","capabilities.ts","src/auth/capabilities.ts","Engineering Delivery Lead","src/auth/capabilities.ts"
"feature:password-ts:e497710000","feature","implemented","password.ts","src/auth/password.ts","Engineering Delivery Lead","src/auth/password.ts"
"feature:token-ts:50c86e6225","feature","implemented","token.ts","src/auth/token.ts","Engineering Delivery Lead","src/auth/token.ts"
"feature:env-ts:5b349453d9","feature","implemented","env.ts","src/config/env.ts","Engineering Delivery Lead","src/config/env.ts"
"feature:prisma-ts:dafac5460d","feature","implemented","prisma.ts","src/db/prisma.ts","Engineering Delivery Lead","src/db/prisma.ts"
"feature:health-routes-ts:bbcf23ef19","feature","implemented","health.routes.ts","src/health/health.routes.ts","Engineering Delivery Lead","src/health/health.routes.ts"
"feature:clickup-client-ts:9d4c2f90ac","feature","implemented","clickup.client.ts","src/integrations/clickup/clickup.client.ts","Engineering Delivery Lead","src/integrations/clickup/clickup.client.ts"
"feature:clickup-maintenance-scheduler-ts:b786011e97","feature","implemented","clickup.maintenance-scheduler.ts","src/integrations/clickup/clickup.maintenance-scheduler.ts","Engineering Delivery Lead","src/integrations/clickup/clickup.maintenance-scheduler.ts"
"feature:clickup-mapper-ts:12006caf8a","feature","implemented","clickup.mapper.ts","src/integrations/clickup/clickup.mapper.ts","Engineering Delivery Lead","src/integrations/clickup/clickup.mapper.ts"
"feature:clickup-sync-ts:4016035158","feature","implemented","clickup.sync.ts","src/integrations/clickup/clickup.sync.ts","Engineering Delivery Lead","src/integrations/clickup/clickup.sync.ts"
"feature:clickup-webhooks-ts:d7a007967a","feature","implemented","clickup.webhooks.ts","src/integrations/clickup/clickup.webhooks.ts","Engineering Delivery Lead","src/integrations/clickup/clickup.webhooks.ts"
"feature:webhook-signature-ts:6831ccdf43","feature","implemented","webhook-signature.ts","src/integrations/clickup/webhook-signature.ts","Engineering Delivery Lead","src/integrations/clickup/webhook-signature.ts"
"feature:errors-ts:6cad1638b0","feature","implemented","errors.ts","src/integrations/errors.ts","Engineering Delivery Lead","src/integrations/errors.ts"
"feature:google-drive-auth-ts:3aca51d9d5","feature","implemented","google-drive.auth.ts","src/integrations/google-drive/google-drive.auth.ts","Engineering Delivery Lead","src/integrations/google-drive/google-drive.auth.ts"
"feature:google-drive-client-ts:e2fe799173","feature","implemented","google-drive.client.ts","src/integrations/google-drive/google-drive.client.ts","Engineering Delivery Lead","src/integrations/google-drive/google-drive.client.ts"
"feature:google-drive-content-ts:dfd2b35d30","feature","implemented","google-drive.content.ts","src/integrations/google-drive/google-drive.content.ts","Engineering Delivery Lead","src/integrations/google-drive/google-drive.content.ts"
"feature:google-drive-sync-ts:a520eba9b8","feature","implemented","google-drive.sync.ts","src/integrations/google-drive/google-drive.sync.ts","Engineering Delivery Lead","src/integrations/google-drive/google-drive.sync.ts"
"feature:integration-settings-service-ts:33ba35e79f","feature","implemented","integration-settings.service.ts","src/integrations/integration-settings.service.ts","Engineering Delivery Lead","src/integrations/integration-settings.service.ts"
"feature:secrets-ts:9896d14c7b","feature","implemented","secrets.ts","src/integrations/secrets.ts","Engineering Delivery Lead","src/integrations/secrets.ts"
"feature:manifest-ts:2707975c5f","feature","implemented","manifest.ts","src/mcp/manifest.ts","Engineering Delivery Lead","src/mcp/manifest.ts"
"feature:api-error-ts:d388409f24","feature","implemented","api-error.ts","src/middleware/api-error.ts","Engineering Delivery Lead","src/middleware/api-error.ts"
"feature:async-handler-ts:d4ef00961e","feature","implemented","async-handler.ts","src/middleware/async-handler.ts","Engineering Delivery Lead","src/middleware/async-handler.ts"
"feature:error-handler-ts:f4e312ac90","feature","implemented","error-handler.ts","src/middleware/error-handler.ts","Engineering Delivery Lead","src/middleware/error-handler.ts"
"feature:security-ts:cf15e1a8d7","feature","implemented","security.ts","src/middleware/security.ts","Engineering Delivery Lead","src/middleware/security.ts"
"feature:agent-events-routes-ts:d7cd99ecf1","feature","implemented","agent-events.routes.ts","src/modules/agent-events/agent-events.routes.ts","Engineering Delivery Lead","src/modules/agent-events/agent-events.routes.ts"
"feature:agent-logs-routes-ts:81332abd40","feature","implemented","agent-logs.routes.ts","src/modules/agent-logs/agent-logs.routes.ts","Engineering Delivery Lead","src/modules/agent-logs/agent-logs.routes.ts"
"feature:agents-routes-ts:4741433416","feature","implemented","agents.routes.ts","src/modules/agents/agents.routes.ts","Engineering Delivery Lead","src/modules/agents/agents.routes.ts"
"feature:api-keys-routes-ts:3f908ca65c","feature","implemented","api-keys.routes.ts","src/modules/api-keys/api-keys.routes.ts","Engineering Delivery Lead","src/modules/api-keys/api-keys.routes.ts"
"feature:assets-routes-ts:98ce76e11e","feature","implemented","assets.routes.ts","src/modules/assets/assets.routes.ts","Engineering Delivery Lead","src/modules/assets/assets.routes.ts"
"feature:auth-routes-ts:ee1c62d0bd","feature","implemented","auth.routes.ts","src/modules/auth/auth.routes.ts","Engineering Delivery Lead","src/modules/auth/auth.routes.ts"
"feature:clients-routes-ts:d8c621f2e6","feature","implemented","clients.routes.ts","src/modules/clients/clients.routes.ts","Engineering Delivery Lead","src/modules/clients/clients.routes.ts"
"feature:commercial-exceptions-routes-ts:321a46ce03","feature","implemented","commercial-exceptions.routes.ts","src/modules/commercial-exceptions/commercial-exceptions.routes.ts","Engineering Delivery Lead","src/modules/commercial-exceptions/commercial-exceptions.routes.ts"
"feature:company-os-routes-ts:e81f3be58a","feature","implemented","company-os.routes.ts","src/modules/company-os/company-os.routes.ts","Engineering Delivery Lead","src/modules/company-os/company-os.routes.ts"
"feature:workflow-definition-drafts-routes-ts:88debdc871","feature","deprecated","workflow-definition-drafts.routes.ts","src/modules/company-os/workflow-definition-drafts.routes.ts","Engineering Delivery Lead","src/modules/company-os/workflow-definition-drafts.routes.ts"
"feature:connection-routes-ts:889d2c0f84","feature","implemented","connection.routes.ts","src/modules/connection/connection.routes.ts","Engineering Delivery Lead","src/modules/connection/connection.routes.ts"
"feature:dashboard-routes-ts:cb24115ec5","feature","implemented","dashboard.routes.ts","src/modules/dashboard/dashboard.routes.ts","Engineering Delivery Lead","src/modules/dashboard/dashboard.routes.ts"
"feature:deals-routes-ts:b4d6b1f392","feature","implemented","deals.routes.ts","src/modules/deals/deals.routes.ts","Engineering Delivery Lead","src/modules/deals/deals.routes.ts"
"feature:decisions-routes-ts:bdcded1491","feature","implemented","decisions.routes.ts","src/modules/decisions/decisions.routes.ts","Engineering Delivery Lead","src/modules/decisions/decisions.routes.ts"
"feature:departments-routes-ts:1655b724d7","feature","implemented","departments.routes.ts","src/modules/departments/departments.routes.ts","Engineering Delivery Lead","src/modules/departments/departments.routes.ts"
"feature:event-service-ts:99dfd5c248","feature","implemented","event.service.ts","src/modules/events/event.service.ts","Engineering Delivery Lead","src/modules/events/event.service.ts"
"feature:events-routes-ts:2a36233b4e","feature","implemented","events.routes.ts","src/modules/events/events.routes.ts","Engineering Delivery Lead","src/modules/events/events.routes.ts"
"feature:finance-routes-ts:63aa31648e","feature","implemented","finance.routes.ts","src/modules/finance/finance.routes.ts","Engineering Delivery Lead","src/modules/finance/finance.routes.ts"
"feature:goals-routes-ts:feebefb863","feature","implemented","goals.routes.ts","src/modules/goals/goals.routes.ts","Engineering Delivery Lead","src/modules/goals/goals.routes.ts"
"feature:google-drive-routes-ts:a2179e9c5d","feature","implemented","google-drive.routes.ts","src/modules/google-drive/google-drive.routes.ts","Engineering Delivery Lead","src/modules/google-drive/google-drive.routes.ts"
"feature:intake-routes-ts:b8449a4adf","feature","implemented","intake.routes.ts","src/modules/intake/intake.routes.ts","Engineering Delivery Lead","src/modules/intake/intake.routes.ts"
"feature:integration-settings-routes-ts:2fd014528b","feature","implemented","integration-settings.routes.ts","src/modules/integration-settings/integration-settings.routes.ts","Engineering Delivery Lead","src/modules/integration-settings/integration-settings.routes.ts"
"feature:interactions-routes-ts:df0bf83a21","feature","implemented","interactions.routes.ts","src/modules/interactions/interactions.routes.ts","Engineering Delivery Lead","src/modules/interactions/interactions.routes.ts"
"feature:mcp-routes-ts:d3202014f8","feature","implemented","mcp.routes.ts","src/modules/mcp/mcp.routes.ts","Engineering Delivery Lead","src/modules/mcp/mcp.routes.ts"
"feature:notes-routes-ts:d317fddc29","feature","implemented","notes.routes.ts","src/modules/notes/notes.routes.ts","Engineering Delivery Lead","src/modules/notes/notes.routes.ts"
"feature:operating-graph-routes-ts:0c40f2b744","feature","implemented","operating-graph.routes.ts","src/modules/operating-graph/operating-graph.routes.ts","Engineering Delivery Lead","src/modules/operating-graph/operating-graph.routes.ts"
"feature:operating-model-routes-ts:cb1c349ebe","feature","implemented","operating-model.routes.ts","src/modules/operating-model/operating-model.routes.ts","Engineering Delivery Lead","src/modules/operating-model/operating-model.routes.ts"
"feature:operations-routes-ts:3ba5fa4f22","feature","implemented","operations.routes.ts","src/modules/operations/operations.routes.ts","Engineering Delivery Lead","src/modules/operations/operations.routes.ts"
"feature:pipeline-stages-routes-ts:2a902c81dc","feature","implemented","pipeline-stages.routes.ts","src/modules/pipeline-stages/pipeline-stages.routes.ts","Engineering Delivery Lead","src/modules/pipeline-stages/pipeline-stages.routes.ts"
"feature:process-core-routes-ts:a57a0d656e","feature","implemented","process-core.routes.ts","src/modules/process-core/process-core.routes.ts","Engineering Delivery Lead","src/modules/process-core/process-core.routes.ts"
"feature:projects-routes-ts:6d68ffd0f1","feature","implemented","projects.routes.ts","src/modules/projects/projects.routes.ts","Engineering Delivery Lead","src/modules/projects/projects.routes.ts"
"feature:relationships-routes-ts:0f69f97708","feature","implemented","relationships.routes.ts","src/modules/relationships/relationships.routes.ts","Engineering Delivery Lead","src/modules/relationships/relationships.routes.ts"
"feature:sales-routes-ts:e1a6b445c0","feature","implemented","sales.routes.ts","src/modules/sales/sales.routes.ts","Engineering Delivery Lead","src/modules/sales/sales.routes.ts"
"feature:strategy-routes-ts:cedc4e61d8","feature","implemented","strategy.routes.ts","src/modules/strategy/strategy.routes.ts","Engineering Delivery Lead","src/modules/strategy/strategy.routes.ts"
"feature:targets-routes-ts:e468da77d1","feature","implemented","targets.routes.ts","src/modules/targets/targets.routes.ts","Engineering Delivery Lead","src/modules/targets/targets.routes.ts"
"feature:task-lists-routes-ts:6e0ce032fb","feature","implemented","task-lists.routes.ts","src/modules/task-lists/task-lists.routes.ts","Engineering Delivery Lead","src/modules/task-lists/task-lists.routes.ts"
"feature:tasks-routes-ts:bfa33d2404","feature","implemented","tasks.routes.ts","src/modules/tasks/tasks.routes.ts","Engineering Delivery Lead","src/modules/tasks/tasks.routes.ts"
"feature:clickup-webhooks-routes-ts:2eeb50aaff","feature","implemented","clickup-webhooks.routes.ts","src/modules/webhooks/clickup-webhooks.routes.ts","Engineering Delivery Lead","src/modules/webhooks/clickup-webhooks.routes.ts"
"feature:workforce-routes-ts:72a30b3432","feature","implemented","workforce.routes.ts","src/modules/workforce/workforce.routes.ts","Engineering Delivery Lead","src/modules/workforce/workforce.routes.ts"
"feature:workforce-service-ts:51867d486c","feature","implemented","workforce.service.ts","src/modules/workforce/workforce.service.ts","Engineering Delivery Lead","src/modules/workforce/workforce.service.ts"
"feature:workspaces-routes-ts:b322d354c6","feature","implemented","workspaces.routes.ts","src/modules/workspaces/workspaces.routes.ts","Engineering Delivery Lead","src/modules/workspaces/workspaces.routes.ts"
"feature:catalog-ts:c47392f0aa","feature","implemented","catalog.ts","src/operating-model/catalog.ts","Engineering Delivery Lead","src/operating-model/catalog.ts"
"feature:clickup-structure-ts:6e1fb65c0f","feature","implemented","clickup-structure.ts","src/operating-model/clickup-structure.ts","Engineering Delivery Lead","src/operating-model/clickup-structure.ts"
"feature:department-registry-ts:3caf31c345","feature","implemented","department-registry.ts","src/operating-model/department-registry.ts","Engineering Delivery Lead","src/operating-model/department-registry.ts"
"feature:server-ts:aeaa096b16","feature","implemented","server.ts","src/server.ts","Engineering Delivery Lead","src/server.ts"
"feature:tailwind-config-mjs:0ec64530f0","feature","implemented","tailwind.config.mjs","tailwind.config.mjs","Engineering Delivery Lead","tailwind.config.mjs"
"feature:vite-config-mjs:14c4de6c9a","feature","implemented","vite.config.mjs","vite.config.mjs","Engineering Delivery Lead","vite.config.mjs"
"feature:app-route-registry-ts:ef4852fcf0","feature","implemented","app-route-registry.ts","web/src/app-route-registry.ts","Engineering Delivery Lead","web/src/app-route-registry.ts"
"feature:auth-pages-tsx:a25a1ef0c5","feature","implemented","auth-pages.tsx","web/src/features/auth/auth-pages.tsx","Engineering Delivery Lead","web/src/features/auth/auth-pages.tsx"
"feature:auth-validation-ts:b6a8f40196","feature","implemented","auth-validation.ts","web/src/features/auth/auth-validation.ts","Engineering Delivery Lead","web/src/features/auth/auth-validation.ts"
"feature:assets-route-tsx:25eecf8a85","feature","implemented","assets-route.tsx","web/src/features/departments/assets-route.tsx","Engineering Delivery Lead","web/src/features/departments/assets-route.tsx"
"feature:core-area-data-ts:6641a7b845","feature","implemented","core-area-data.ts","web/src/features/departments/core-area-data.ts","Engineering Delivery Lead","web/src/features/departments/core-area-data.ts"
"feature:department-labels-ts:a3930bf5aa","feature","implemented","department-labels.ts","web/src/features/departments/department-labels.ts","Engineering Delivery Lead","web/src/features/departments/department-labels.ts"
"feature:finance-route-tsx:abdcdff463","feature","implemented","finance-route.tsx","web/src/features/departments/finance-route.tsx","Engineering Delivery Lead","web/src/features/departments/finance-route.tsx"
"feature:general-dashboard-tsx:1e44e7a581","feature","implemented","general-dashboard.tsx","web/src/features/departments/general-dashboard.tsx","Engineering Delivery Lead","web/src/features/departments/general-dashboard.tsx"
"feature:innovation-route-tsx:5038923502","feature","implemented","innovation-route.tsx","web/src/features/departments/innovation-route.tsx","Engineering Delivery Lead","web/src/features/departments/innovation-route.tsx"
"feature:legal-route-tsx:0c74ab50cd","feature","implemented","legal-route.tsx","web/src/features/departments/legal-route.tsx","Engineering Delivery Lead","web/src/features/departments/legal-route.tsx"
"feature:management-route-tsx:465001c13c","feature","implemented","management-route.tsx","web/src/features/departments/management-route.tsx","Engineering Delivery Lead","web/src/features/departments/management-route.tsx"
"feature:operations-route-tsx:046117caa5","feature","implemented","operations-route.tsx","web/src/features/departments/operations-route.tsx","Engineering Delivery Lead","web/src/features/departments/operations-route.tsx"
"feature:people-agents-route-tsx:b254839db2","feature","implemented","people-agents-route.tsx","web/src/features/departments/people-agents-route.tsx","Engineering Delivery Lead","web/src/features/departments/people-agents-route.tsx"
"feature:product-delivery-route-tsx:7a46360823","feature","implemented","product-delivery-route.tsx","web/src/features/departments/product-delivery-route.tsx","Engineering Delivery Lead","web/src/features/departments/product-delivery-route.tsx"
"feature:relationships-route-tsx:28cd4ddddd","feature","implemented","relationships-route.tsx","web/src/features/departments/relationships-route.tsx","Engineering Delivery Lead","web/src/features/departments/relationships-route.tsx"
"feature:sales-route-tsx:935c44c44d","feature","implemented","sales-route.tsx","web/src/features/departments/sales-route.tsx","Engineering Delivery Lead","web/src/features/departments/sales-route.tsx"
"feature:shared-tsx:fa310986ee","feature","implemented","shared.tsx","web/src/features/departments/shared.tsx","Engineering Delivery Lead","web/src/features/departments/shared.tsx"
"feature:strategy-route-tsx:3c24c6d62c","feature","implemented","strategy-route.tsx","web/src/features/departments/strategy-route.tsx","Engineering Delivery Lead","web/src/features/departments/strategy-route.tsx"
"feature:technology-route-tsx:34eed1e92c","feature","implemented","technology-route.tsx","web/src/features/departments/technology-route.tsx","Engineering Delivery Lead","web/src/features/departments/technology-route.tsx"
"feature:public-home-tsx:649fe0a227","feature","implemented","public-home.tsx","web/src/features/public/public-home.tsx","Engineering Delivery Lead","web/src/features/public/public-home.tsx"
"feature:settings-routes-tsx:8e262225e5","feature","implemented","settings-routes.tsx","web/src/features/settings/settings-routes.tsx","Engineering Delivery Lead","web/src/features/settings/settings-routes.tsx"
"feature:use-owner-packet-ts:c11e3fd58c","feature","implemented","use-owner-packet.ts","web/src/hooks/use-owner-packet.ts","Engineering Delivery Lead","web/src/hooks/use-owner-packet.ts"
"feature:i18n-tsx:5f76f3f99d","feature","implemented","i18n.tsx","web/src/i18n/i18n.tsx","Engineering Delivery Lead","web/src/i18n/i18n.tsx"
"feature:language-selector-tsx:c6c7d66278","feature","implemented","language-selector.tsx","web/src/i18n/language-selector.tsx","Engineering Delivery Lead","web/src/i18n/language-selector.tsx"
"feature:locales-ts:74bdca638a","feature","implemented","locales.ts","web/src/i18n/locales.ts","Engineering Delivery Lead","web/src/i18n/locales.ts"
"feature:messages-ts:2ff8f72a93","feature","implemented","messages.ts","web/src/i18n/messages.ts","Engineering Delivery Lead","web/src/i18n/messages.ts"
"feature:public-layout-tsx:348c47081e","feature","implemented","public-layout.tsx","web/src/layout/public-layout.tsx","Engineering Delivery Lead","web/src/layout/public-layout.tsx"
"feature:shell-tsx:93958929ba","feature","implemented","shell.tsx","web/src/layout/shell.tsx","Engineering Delivery Lead","web/src/layout/shell.tsx"
"feature:main-tsx:674b8fd24b","feature","implemented","main.tsx","web/src/main.tsx","Engineering Delivery Lead","web/src/main.tsx"
"function:apikeyprefix:c988a5a737","function","implemented","apiKeyPrefix","prisma/seed.ts#apiKeyPrefix","Engineering Delivery Lead","prisma/seed.ts"
"function:ensurecompanyosfoundation:06f8811217","function","implemented","ensureCompanyOsFoundation","prisma/seed.ts#ensureCompanyOsFoundation","Engineering Delivery Lead","prisma/seed.ts"
"function:ensureseedoperatingmodel:4c85aad25c","function","implemented","ensureSeedOperatingModel","prisma/seed.ts#ensureSeedOperatingModel","Engineering Delivery Lead","prisma/seed.ts"
"function:ensureworkforcefoundation:c5ac12e4f4","function","implemented","ensureWorkforceFoundation","prisma/seed.ts#ensureWorkforceFoundation","Engineering Delivery Lead","prisma/seed.ts"
"function:for:8c3b4ea9f9","function","implemented","for","prisma/seed.ts#for","Engineering Delivery Lead","prisma/seed.ts"
"function:generatedworkforcefiles:300bc791e3","function","implemented","generatedWorkforceFiles","prisma/seed.ts#generatedWorkforceFiles","Engineering Delivery Lead","prisma/seed.ts"
"function:hashapikey:dff7391970","function","implemented","hashApiKey","prisma/seed.ts#hashApiKey","Engineering Delivery Lead","prisma/seed.ts"
"function:hashpassword:45cf43a746","function","implemented","hashPassword","prisma/seed.ts#hashPassword","Engineering Delivery Lead","prisma/seed.ts"
"function:list:d1edf1271e","function","implemented","list","prisma/seed.ts#list","Engineering Delivery Lead","prisma/seed.ts"
"function:main:fb78968c68","function","implemented","main","prisma/seed.ts#main","Engineering Delivery Lead","prisma/seed.ts"
"function:assertcapability:97f7061f8f","function","implemented","assertCapability","scripts/adapter-smoke.mjs#assertCapability","Engineering Delivery Lead","scripts/adapter-smoke.mjs"
"function:request:01521f5501","function","implemented","request","scripts/adapter-smoke.mjs#request","Engineering Delivery Lead","scripts/adapter-smoke.mjs"
"function:assertcapability:b115cabbae","function","implemented","assertCapability","scripts/agent-training-smoke.mjs#assertCapability","Engineering Delivery Lead","scripts/agent-training-smoke.mjs"
"function:request:e238c3bbd8","function","implemented","request","scripts/agent-training-smoke.mjs#request","Engineering Delivery Lead","scripts/agent-training-smoke.mjs"
"function:fail:ea5c145594","function","implemented","fail","scripts/aog-deploy-smoke.mjs#fail","Engineering Delivery Lead","scripts/aog-deploy-smoke.mjs"
"function:run:adf18fc633","function","implemented","run","scripts/aog-deploy-smoke.mjs#run","Engineering Delivery Lead","scripts/aog-deploy-smoke.mjs"
"function:csvescape:409a3fe163","function","implemented","csvEscape","scripts/backfill-architecture-nodes.mjs#csvEscape","Engineering Delivery Lead","scripts/backfill-architecture-nodes.mjs"
"function:dbmodule:208f67fef9","function","implemented","dbModule","scripts/backfill-architecture-nodes.mjs#dbModule","Engineering Delivery Lead","scripts/backfill-architecture-nodes.mjs"
"function:loadcsv:bea656418a","function","implemented","loadCsv","scripts/backfill-architecture-nodes.mjs#loadCsv","Engineering Delivery Lead","scripts/backfill-architecture-nodes.mjs"
"function:main:64fdb3c98c","function","implemented","main","scripts/backfill-architecture-nodes.mjs#main","Engineering Delivery Lead","scripts/backfill-architecture-nodes.mjs"
"function:pagemodule:923b199ff4","function","implemented","pageModule","scripts/backfill-architecture-nodes.mjs#pageModule","Engineering Delivery Lead","scripts/backfill-architecture-nodes.mjs"
"function:parsecsv:01a781a6c7","function","implemented","parseCsv","scripts/backfill-architecture-nodes.mjs#parseCsv","Engineering Delivery Lead","scripts/backfill-architecture-nodes.mjs"
"function:readtext:d7f8c3ca5f","function","implemented","readText","scripts/backfill-architecture-nodes.mjs#readText","Engineering Delivery Lead","scripts/backfill-architecture-nodes.mjs"
"function:routefilepath:35cd6446ad","function","implemented","routeFilePath","scripts/backfill-architecture-nodes.mjs#routeFilePath","Engineering Delivery Lead","scripts/backfill-architecture-nodes.mjs"
"function:routemodule:a757884098","function","implemented","routeModule","scripts/backfill-architecture-nodes.mjs#routeModule","Engineering Delivery Lead","scripts/backfill-architecture-nodes.mjs"
"function:tocsv:e0c736e8fc","function","implemented","toCsv","scripts/backfill-architecture-nodes.mjs#toCsv","Engineering Delivery Lead","scripts/backfill-architecture-nodes.mjs"
"function:writetext:471782848f","function","implemented","writeText","scripts/backfill-architecture-nodes.mjs#writeText","Engineering Delivery Lead","scripts/backfill-architecture-nodes.mjs"
"function:csvescape:d275e3e098","function","implemented","csvEscape","scripts/build-architecture-chain-hardening-worklist.mjs#csvEscape","Engineering Delivery Lead","scripts/build-architecture-chain-hardening-worklist.mjs"
"function:loadcsv:3b3f081242","function","implemented","loadCsv","scripts/build-architecture-chain-hardening-worklist.mjs#loadCsv","Engineering Delivery Lead","scripts/build-architecture-chain-hardening-worklist.mjs"
"function:main:64705d1bee","function","implemented","main","scripts/build-architecture-chain-hardening-worklist.mjs#main","Engineering Delivery Lead","scripts/build-architecture-chain-hardening-worklist.mjs"
"function:parsecsv:3a148fffe4","function","implemented","parseCsv","scripts/build-architecture-chain-hardening-worklist.mjs#parseCsv","Engineering Delivery Lead","scripts/build-architecture-chain-hardening-worklist.mjs"
"function:readtext:653a15725b","function","implemented","readText","scripts/build-architecture-chain-hardening-worklist.mjs#readText","Engineering Delivery Lead","scripts/build-architecture-chain-hardening-worklist.mjs"
"function:score:290c59e7f5","function","implemented","score","scripts/build-architecture-chain-hardening-worklist.mjs#score","Engineering Delivery Lead","scripts/build-architecture-chain-hardening-worklist.mjs"
"function:splitids:369fc2af6d","function","implemented","splitIds","scripts/build-architecture-chain-hardening-worklist.mjs#splitIds","Engineering Delivery Lead","scripts/build-architecture-chain-hardening-worklist.mjs"
"function:writetext:d0cf25a781","function","implemented","writeText","scripts/build-architecture-chain-hardening-worklist.mjs#writeText","Engineering Delivery Lead","scripts/build-architecture-chain-hardening-worklist.mjs"
"function:csvescape:6121ccef3e","function","implemented","csvEscape","scripts/build-architecture-dead-nodes-report.mjs#csvEscape","Engineering Delivery Lead","scripts/build-architecture-dead-nodes-report.mjs"
"function:main:2e8a5f9b2e","function","implemented","main","scripts/build-architecture-dead-nodes-report.mjs#main","Engineering Delivery Lead","scripts/build-architecture-dead-nodes-report.mjs"
"function:readtext:e115795ba7","function","implemented","readText","scripts/build-architecture-dead-nodes-report.mjs#readText","Engineering Delivery Lead","scripts/build-architecture-dead-nodes-report.mjs"
"function:tocsv:dd022fa4e3","function","implemented","toCsv","scripts/build-architecture-dead-nodes-report.mjs#toCsv","Engineering Delivery Lead","scripts/build-architecture-dead-nodes-report.mjs"
"function:writetext:23f7e47b33","function","implemented","writeText","scripts/build-architecture-dead-nodes-report.mjs#writeText","Engineering Delivery Lead","scripts/build-architecture-dead-nodes-report.mjs"
"function:main:d0c970ef92","function","implemented","main","scripts/build-architecture-delta-report.mjs#main","Engineering Delivery Lead","scripts/build-architecture-delta-report.mjs"
"function:readjson:ee1906b035","function","implemented","readJson","scripts/build-architecture-delta-report.mjs#readJson","Engineering Delivery Lead","scripts/build-architecture-delta-report.mjs"
"function:csvescape:acc95f233f","function","implemented","csvEscape","scripts/build-architecture-evidence-worklist.mjs#csvEscape","Engineering Delivery Lead","scripts/build-architecture-evidence-worklist.mjs"
"function:main:d5724f96de","function","implemented","main","scripts/build-architecture-evidence-worklist.mjs#main","Engineering Delivery Lead","scripts/build-architecture-evidence-worklist.mjs"
"function:parsecsv:f97544c31a","function","implemented","parseCsv","scripts/build-architecture-evidence-worklist.mjs#parseCsv","Engineering Delivery Lead","scripts/build-architecture-evidence-worklist.mjs"
"function:readjson:7cb6e6b232","function","implemented","readJson","scripts/build-architecture-evidence-worklist.mjs#readJson","Engineering Delivery Lead","scripts/build-architecture-evidence-worklist.mjs"
"function:main:eb73960da2","function","implemented","main","scripts/build-architecture-health-dashboard.mjs#main","Engineering Delivery Lead","scripts/build-architecture-health-dashboard.mjs"
"function:readjson:f3fdb64025","function","implemented","readJson","scripts/build-architecture-health-dashboard.mjs#readJson","Engineering Delivery Lead","scripts/build-architecture-health-dashboard.mjs"
"function:toboolicon:e618744061","function","implemented","toBoolIcon","scripts/build-architecture-health-dashboard.mjs#toBoolIcon","Engineering Delivery Lead","scripts/build-architecture-health-dashboard.mjs"
"function:asnumber:02701b6e67","function","implemented","asNumber","scripts/build-architecture-impact-delta-report.mjs#asNumber","Engineering Delivery Lead","scripts/build-architecture-impact-delta-report.mjs"
"function:loadrowmap:a8480a8386","function","implemented","loadRowMap","scripts/build-architecture-impact-delta-report.mjs#loadRowMap","Engineering Delivery Lead","scripts/build-architecture-impact-delta-report.mjs"
"function:main:1b6eae7fcb","function","implemented","main","scripts/build-architecture-impact-delta-report.mjs#main","Engineering Delivery Lead","scripts/build-architecture-impact-delta-report.mjs"
"function:readjson:56dc1e837c","function","implemented","readJson","scripts/build-architecture-impact-delta-report.mjs#readJson","Engineering Delivery Lead","scripts/build-architecture-impact-delta-report.mjs"
"function:topids:9e0ec5347b","function","implemented","topIds","scripts/build-architecture-impact-delta-report.mjs#topIds","Engineering Delivery Lead","scripts/build-architecture-impact-delta-report.mjs"
"function:add:5d37103da5","function","implemented","add","scripts/build-architecture-impact-index.mjs#add","Engineering Delivery Lead","scripts/build-architecture-impact-index.mjs"
"function:bfsreach:b9ffbb64b0","function","implemented","bfsReach","scripts/build-architecture-impact-index.mjs#bfsReach","Engineering Delivery Lead","scripts/build-architecture-impact-index.mjs"
"function:csvescape:684ca4aaba","function","implemented","csvEscape","scripts/build-architecture-impact-index.mjs#csvEscape","Engineering Delivery Lead","scripts/build-architecture-impact-index.mjs"
"function:ensureedge:2215ba6366","function","implemented","ensureEdge","scripts/build-architecture-impact-index.mjs#ensureEdge","Engineering Delivery Lead","scripts/build-architecture-impact-index.mjs"
"function:loadcsv:9b7d8f2b4e","function","implemented","loadCsv","scripts/build-architecture-impact-index.mjs#loadCsv","Engineering Delivery Lead","scripts/build-architecture-impact-index.mjs"
"function:main:31710323c9","function","implemented","main","scripts/build-architecture-impact-index.mjs#main","Engineering Delivery Lead","scripts/build-architecture-impact-index.mjs"
"function:parsecsv:9c0de88876","function","implemented","parseCsv","scripts/build-architecture-impact-index.mjs#parseCsv","Engineering Delivery Lead","scripts/build-architecture-impact-index.mjs"
"function:readtext:245498b8f9","function","implemented","readText","scripts/build-architecture-impact-index.mjs#readText","Engineering Delivery Lead","scripts/build-architecture-impact-index.mjs"
"function:splitids:6490edcb96","function","implemented","splitIds","scripts/build-architecture-impact-index.mjs#splitIds","Engineering Delivery Lead","scripts/build-architecture-impact-index.mjs"
"function:tocsv:0955a80b63","function","implemented","toCsv","scripts/build-architecture-impact-index.mjs#toCsv","Engineering Delivery Lead","scripts/build-architecture-impact-index.mjs"
"function:writetext:e97ce8f326","function","implemented","writeText","scripts/build-architecture-impact-index.mjs#writeText","Engineering Delivery Lead","scripts/build-architecture-impact-index.mjs"
"function:derivestatus:57a6963857","function","implemented","deriveStatus","scripts/build-architecture-proof-bundle.mjs#deriveStatus","Engineering Delivery Lead","scripts/build-architecture-proof-bundle.mjs"
"function:readjson:69fff65692","function","implemented","readJson","scripts/build-architecture-proof-bundle.mjs#readJson","Engineering Delivery Lead","scripts/build-architecture-proof-bundle.mjs"
"function:parsecsv:ab17963d08","function","implemented","parseCsv","scripts/build-architecture-registry-catalog.mjs#parseCsv","Engineering Delivery Lead","scripts/build-architecture-registry-catalog.mjs"
"function:asnumber:b52adcd9d5","function","implemented","asNumber","scripts/build-architecture-risk-hotspots-report.mjs#asNumber","Engineering Delivery Lead","scripts/build-architecture-risk-hotspots-report.mjs"
"function:csvescape:da3a0b0635","function","implemented","csvEscape","scripts/build-architecture-risk-hotspots-report.mjs#csvEscape","Engineering Delivery Lead","scripts/build-architecture-risk-hotspots-report.mjs"
"function:main:af0cc3e4ca","function","implemented","main","scripts/build-architecture-risk-hotspots-report.mjs#main","Engineering Delivery Lead","scripts/build-architecture-risk-hotspots-report.mjs"
"function:readjson:d6b126206f","function","implemented","readJson","scripts/build-architecture-risk-hotspots-report.mjs#readJson","Engineering Delivery Lead","scripts/build-architecture-risk-hotspots-report.mjs"
"function:statuspenalty:546ba820b0","function","implemented","statusPenalty","scripts/build-architecture-risk-hotspots-report.mjs#statusPenalty","Engineering Delivery Lead","scripts/build-architecture-risk-hotspots-report.mjs"
"function:tocsv:6addc6983e","function","implemented","toCsv","scripts/build-architecture-risk-hotspots-report.mjs#toCsv","Engineering Delivery Lead","scripts/build-architecture-risk-hotspots-report.mjs"
"function:build:4604fcb8ff","function","implemented","build","scripts/build-architecture-roadmap.mjs#build","Engineering Delivery Lead","scripts/build-architecture-roadmap.mjs"
"function:fmtdate:32bbcdfcb5","function","implemented","fmtDate","scripts/build-architecture-roadmap.mjs#fmtDate","Engineering Delivery Lead","scripts/build-architecture-roadmap.mjs"
"function:readjson:f9e591ac5f","function","implemented","readJson","scripts/build-architecture-roadmap.mjs#readJson","Engineering Delivery Lead","scripts/build-architecture-roadmap.mjs"
"function:top:394fc8c40e","function","implemented","top","scripts/build-architecture-roadmap.mjs#top","Engineering Delivery Lead","scripts/build-architecture-roadmap.mjs"
"function:writetext:2f7bf85953","function","implemented","writeText","scripts/build-architecture-roadmap.mjs#writeText","Engineering Delivery Lead","scripts/build-architecture-roadmap.mjs"
"function:loadcsv:54ee58c669","function","implemented","loadCsv","scripts/check-architecture-chain-coverage.mjs#loadCsv","Engineering Delivery Lead","scripts/check-architecture-chain-coverage.mjs"
"function:main:4922aab04f","function","implemented","main","scripts/check-architecture-chain-coverage.mjs#main","Engineering Delivery Lead","scripts/check-architecture-chain-coverage.mjs"
"function:parsecsv:baffcf53c5","function","implemented","parseCsv","scripts/check-architecture-chain-coverage.mjs#parseCsv","Engineering Delivery Lead","scripts/check-architecture-chain-coverage.mjs"
"function:readtext:be520563a3","function","implemented","readText","scripts/check-architecture-chain-coverage.mjs#readText","Engineering Delivery Lead","scripts/check-architecture-chain-coverage.mjs"
"function:writetext:8279419401","function","implemented","writeText","scripts/check-architecture-chain-coverage.mjs#writeText","Engineering Delivery Lead","scripts/check-architecture-chain-coverage.mjs"
"function:loadcsv:ee61f04aba","function","implemented","loadCsv","scripts/check-architecture-chain-integrity.mjs#loadCsv","Engineering Delivery Lead","scripts/check-architecture-chain-integrity.mjs"
"function:main:cdb5502d48","function","implemented","main","scripts/check-architecture-chain-integrity.mjs#main","Engineering Delivery Lead","scripts/check-architecture-chain-integrity.mjs"
"function:parsecsv:b25e401c01","function","implemented","parseCsv","scripts/check-architecture-chain-integrity.mjs#parseCsv","Engineering Delivery Lead","scripts/check-architecture-chain-integrity.mjs"
"function:readtext:dbd59e708f","function","implemented","readText","scripts/check-architecture-chain-integrity.mjs#readText","Engineering Delivery Lead","scripts/check-architecture-chain-integrity.mjs"
"function:splitids:7533974e11","function","implemented","splitIds","scripts/check-architecture-chain-integrity.mjs#splitIds","Engineering Delivery Lead","scripts/check-architecture-chain-integrity.mjs"
"function:writetext:2c3fb19596","function","implemented","writeText","scripts/check-architecture-chain-integrity.mjs#writeText","Engineering Delivery Lead","scripts/check-architecture-chain-integrity.mjs"
"function:loadcsv:2831547584","function","implemented","loadCsv","scripts/check-architecture-connectivity.mjs#loadCsv","Engineering Delivery Lead","scripts/check-architecture-connectivity.mjs"
"function:main:ba2b21788c","function","implemented","main","scripts/check-architecture-connectivity.mjs#main","Engineering Delivery Lead","scripts/check-architecture-connectivity.mjs"
"function:parsecsv:a84a53af30","function","implemented","parseCsv","scripts/check-architecture-connectivity.mjs#parseCsv","Engineering Delivery Lead","scripts/check-architecture-connectivity.mjs"
"function:readtext:05671e7ea3","function","implemented","readText","scripts/check-architecture-connectivity.mjs#readText","Engineering Delivery Lead","scripts/check-architecture-connectivity.mjs"
"function:splitids:769b159d1a","function","implemented","splitIds","scripts/check-architecture-connectivity.mjs#splitIds","Engineering Delivery Lead","scripts/check-architecture-connectivity.mjs"
"function:writetext:f238579a20","function","implemented","writeText","scripts/check-architecture-connectivity.mjs#writeText","Engineering Delivery Lead","scripts/check-architecture-connectivity.mjs"
"function:checkheaders:64048c4be6","function","implemented","checkHeaders","scripts/check-architecture-csv-contract.mjs#checkHeaders","Engineering Delivery Lead","scripts/check-architecture-csv-contract.mjs"
"function:loadcsv:bfc78b933d","function","implemented","loadCsv","scripts/check-architecture-csv-contract.mjs#loadCsv","Engineering Delivery Lead","scripts/check-architecture-csv-contract.mjs"
"function:main:2aa8c2e138","function","implemented","main","scripts/check-architecture-csv-contract.mjs#main","Engineering Delivery Lead","scripts/check-architecture-csv-contract.mjs"
"function:normalize:945889c244","function","implemented","normalize","scripts/check-architecture-csv-contract.mjs#normalize","Engineering Delivery Lead","scripts/check-architecture-csv-contract.mjs"
"function:parsecsv:40d772e569","function","implemented","parseCsv","scripts/check-architecture-csv-contract.mjs#parseCsv","Engineering Delivery Lead","scripts/check-architecture-csv-contract.mjs"
"function:readtext:9605464f7a","function","implemented","readText","scripts/check-architecture-csv-contract.mjs#readText","Engineering Delivery Lead","scripts/check-architecture-csv-contract.mjs"
"function:writetext:9950d406b4","function","implemented","writeText","scripts/check-architecture-csv-contract.mjs#writeText","Engineering Delivery Lead","scripts/check-architecture-csv-contract.mjs"
"function:extractvalue:a44b67f28c","function","implemented","extractValue","scripts/check-architecture-doc-baseline.mjs#extractValue","Engineering Delivery Lead","scripts/check-architecture-doc-baseline.mjs"
"function:main:36ecdbdd37","function","implemented","main","scripts/check-architecture-doc-baseline.mjs#main","Engineering Delivery Lead","scripts/check-architecture-doc-baseline.mjs"
"function:readjson:bb4c145df3","function","implemented","readJson","scripts/check-architecture-doc-baseline.mjs#readJson","Engineering Delivery Lead","scripts/check-architecture-doc-baseline.mjs"
"function:readtext:ba2f97a032","function","implemented","readText","scripts/check-architecture-doc-baseline.mjs#readText","Engineering Delivery Lead","scripts/check-architecture-doc-baseline.mjs"
"function:writetext:8557b30918","function","implemented","writeText","scripts/check-architecture-doc-baseline.mjs#writeText","Engineering Delivery Lead","scripts/check-architecture-doc-baseline.mjs"
"function:fail:f340d62f2a","function","implemented","fail","scripts/check-architecture-evidence-cardinality.mjs#fail","Engineering Delivery Lead","scripts/check-architecture-evidence-cardinality.mjs"
"function:parsecsv:1fdd31cab6","function","implemented","parseCsv","scripts/check-architecture-evidence-cardinality.mjs#parseCsv","Engineering Delivery Lead","scripts/check-architecture-evidence-cardinality.mjs"
"function:parsefrontmatter:f23732f25d","function","implemented","parseFrontmatter","scripts/check-architecture-generated-node-frontmatter.mjs#parseFrontmatter","Engineering Delivery Lead","scripts/check-architecture-generated-node-frontmatter.mjs"
"function:slug:eb8d1dda0f","function","implemented","slug","scripts/check-architecture-generated-node-frontmatter.mjs#slug","Engineering Delivery Lead","scripts/check-architecture-generated-node-frontmatter.mjs"
"function:fail:c2449de797","function","implemented","fail","scripts/check-architecture-graph-artifact-consistency.mjs#fail","Engineering Delivery Lead","scripts/check-architecture-graph-artifact-consistency.mjs"
"function:fail:7ea16a3fea","function","implemented","fail","scripts/check-architecture-health-dashboard-gate.mjs#fail","Engineering Delivery Lead","scripts/check-architecture-health-dashboard-gate.mjs"
"function:readjson:dc33699db3","function","implemented","readJson","scripts/check-architecture-health-dashboard-gate.mjs#readJson","Engineering Delivery Lead","scripts/check-architecture-health-dashboard-gate.mjs"
"function:fail:3b49925af8","function","implemented","fail","scripts/check-architecture-impact-delta-gate.mjs#fail","Engineering Delivery Lead","scripts/check-architecture-impact-delta-gate.mjs"
"function:collectnodeids:72451bc015","function","implemented","collectNodeIds","scripts/check-architecture-node-artifacts.mjs#collectNodeIds","Engineering Delivery Lead","scripts/check-architecture-node-artifacts.mjs"
"function:main:4df36d9bfd","function","implemented","main","scripts/check-architecture-node-artifacts.mjs#main","Engineering Delivery Lead","scripts/check-architecture-node-artifacts.mjs"
"function:parsecsv:32f86ec7db","function","implemented","parseCsv","scripts/check-architecture-node-artifacts.mjs#parseCsv","Engineering Delivery Lead","scripts/check-architecture-node-artifacts.mjs"
"function:slug:97eda212f0","function","implemented","slug","scripts/check-architecture-node-artifacts.mjs#slug","Engineering Delivery Lead","scripts/check-architecture-node-artifacts.mjs"
"function:collectconflicts:5c4e2e6eb5","function","implemented","collectConflicts","scripts/check-architecture-node-catalog-consistency.mjs#collectConflicts","Engineering Delivery Lead","scripts/check-architecture-node-catalog-consistency.mjs"
"function:loadcsv:3cc66c7521","function","implemented","loadCsv","scripts/check-architecture-node-catalog-consistency.mjs#loadCsv","Engineering Delivery Lead","scripts/check-architecture-node-catalog-consistency.mjs"
"function:main:a1737974f1","function","implemented","main","scripts/check-architecture-node-catalog-consistency.mjs#main","Engineering Delivery Lead","scripts/check-architecture-node-catalog-consistency.mjs"
"function:normalize:47e9370e0f","function","implemented","normalize","scripts/check-architecture-node-catalog-consistency.mjs#normalize","Engineering Delivery Lead","scripts/check-architecture-node-catalog-consistency.mjs"
"function:parsecsv:0fe8542b14","function","implemented","parseCsv","scripts/check-architecture-node-catalog-consistency.mjs#parseCsv","Engineering Delivery Lead","scripts/check-architecture-node-catalog-consistency.mjs"
"function:readtext:83fc4d4831","function","implemented","readText","scripts/check-architecture-node-catalog-consistency.mjs#readText","Engineering Delivery Lead","scripts/check-architecture-node-catalog-consistency.mjs"
"function:writetext:f5c71c3511","function","implemented","writeText","scripts/check-architecture-node-catalog-consistency.mjs#writeText","Engineering Delivery Lead","scripts/check-architecture-node-catalog-consistency.mjs"
"function:loadcsv:fc4333f16a","function","implemented","loadCsv","scripts/check-architecture-node-integrity.mjs#loadCsv","Engineering Delivery Lead","scripts/check-architecture-node-integrity.mjs"
"function:main:aeea1e3dce","function","implemented","main","scripts/check-architecture-node-integrity.mjs#main","Engineering Delivery Lead","scripts/check-architecture-node-integrity.mjs"
"function:parsecsv:1f8990408a","function","implemented","parseCsv","scripts/check-architecture-node-integrity.mjs#parseCsv","Engineering Delivery Lead","scripts/check-architecture-node-integrity.mjs"
"function:readtext:3ab2a7d2d8","function","implemented","readText","scripts/check-architecture-node-integrity.mjs#readText","Engineering Delivery Lead","scripts/check-architecture-node-integrity.mjs"
"function:writetext:310d8fc16b","function","implemented","writeText","scripts/check-architecture-node-integrity.mjs#writeText","Engineering Delivery Lead","scripts/check-architecture-node-integrity.mjs"
"function:collectknownnodeslugs:3aaeb672e0","function","implemented","collectKnownNodeSlugs","scripts/check-architecture-node-links.mjs#collectKnownNodeSlugs","Engineering Delivery Lead","scripts/check-architecture-node-links.mjs"
"function:main:af7f3ed479","function","implemented","main","scripts/check-architecture-node-links.mjs#main","Engineering Delivery Lead","scripts/check-architecture-node-links.mjs"
"function:parsecsv:16cf25b8fd","function","implemented","parseCsv","scripts/check-architecture-node-links.mjs#parseCsv","Engineering Delivery Lead","scripts/check-architecture-node-links.mjs"
"function:slug:e7d37ebb7c","function","implemented","slug","scripts/check-architecture-node-links.mjs#slug","Engineering Delivery Lead","scripts/check-architecture-node-links.mjs"
"function:parsecsv:6f68fd47e0","function","implemented","parseCsv","scripts/check-architecture-pipeline-nodes.mjs#parseCsv","Engineering Delivery Lead","scripts/check-architecture-pipeline-nodes.mjs"
"function:writereport:2b0069eacf","function","implemented","writeReport","scripts/check-architecture-proof-bundle-gate.mjs#writeReport","Engineering Delivery Lead","scripts/check-architecture-proof-bundle-gate.mjs"
"function:loadcsv:3deff00264","function","implemented","loadCsv","scripts/check-architecture-relation-integrity.mjs#loadCsv","Engineering Delivery Lead","scripts/check-architecture-relation-integrity.mjs"
"function:main:862e3da635","function","implemented","main","scripts/check-architecture-relation-integrity.mjs#main","Engineering Delivery Lead","scripts/check-architecture-relation-integrity.mjs"
"function:normalize:5faa4a10f2","function","implemented","normalize","scripts/check-architecture-relation-integrity.mjs#normalize","Engineering Delivery Lead","scripts/check-architecture-relation-integrity.mjs"
"function:parsecsv:6698b77a3b","function","implemented","parseCsv","scripts/check-architecture-relation-integrity.mjs#parseCsv","Engineering Delivery Lead","scripts/check-architecture-relation-integrity.mjs"
"function:readtext:19c4618c41","function","implemented","readText","scripts/check-architecture-relation-integrity.mjs#readText","Engineering Delivery Lead","scripts/check-architecture-relation-integrity.mjs"
"function:writetext:76fcd49eca","function","implemented","writeText","scripts/check-architecture-relation-integrity.mjs#writeText","Engineering Delivery Lead","scripts/check-architecture-relation-integrity.mjs"
"function:jsonstatusok:04910e7178","function","implemented","jsonStatusOk","scripts/check-architecture-report-presence.mjs#jsonStatusOk","Engineering Delivery Lead","scripts/check-architecture-report-presence.mjs"
"function:fail:d4aa03928f","function","implemented","fail","scripts/check-architecture-risk-hotspots-gate.mjs#fail","Engineering Delivery Lead","scripts/check-architecture-risk-hotspots-gate.mjs"
"function:fail:38b4248bb8","function","implemented","fail","scripts/check-architecture-roadmap-gate.mjs#fail","Engineering Delivery Lead","scripts/check-architecture-roadmap-gate.mjs"
"function:normalizeroute:01715c50f9","function","implemented","normalizeRoute","scripts/check-route-capabilities.mjs#normalizeRoute","Engineering Delivery Lead","scripts/check-route-capabilities.mjs"
"function:routepattern:2ca91040d4","function","implemented","routePattern","scripts/check-route-capabilities.mjs#routePattern","Engineering Delivery Lead","scripts/check-route-capabilities.mjs"
"function:walk:5bea6a2902","function","implemented","walk","scripts/check-route-capabilities.mjs#walk","Engineering Delivery Lead","scripts/check-route-capabilities.mjs"
"function:request:4fe591f1c4","function","implemented","request","scripts/clickup-production-bootstrap.mjs#request","Engineering Delivery Lead","scripts/clickup-production-bootstrap.mjs"
"function:authheaders:ed04499fb2","function","implemented","authHeaders","scripts/company-os-lifecycle-trace-smoke.mjs#authHeaders","Engineering Delivery Lead","scripts/company-os-lifecycle-trace-smoke.mjs"
"function:close:bde4585322","function","implemented","close","scripts/company-os-lifecycle-trace-smoke.mjs#close","Engineering Delivery Lead","scripts/company-os-lifecycle-trace-smoke.mjs"
"function:expectstatus:f03fe7578d","function","implemented","expectStatus","scripts/company-os-lifecycle-trace-smoke.mjs#expectStatus","Engineering Delivery Lead","scripts/company-os-lifecycle-trace-smoke.mjs"
"function:listen:0a8f343993","function","implemented","listen","scripts/company-os-lifecycle-trace-smoke.mjs#listen","Engineering Delivery Lead","scripts/company-os-lifecycle-trace-smoke.mjs"
"function:main:818cd97d9e","function","implemented","main","scripts/company-os-lifecycle-trace-smoke.mjs#main","Engineering Delivery Lead","scripts/company-os-lifecycle-trace-smoke.mjs"
"function:request:b77f7b004c","function","implemented","request","scripts/company-os-lifecycle-trace-smoke.mjs#request","Engineering Delivery Lead","scripts/company-os-lifecycle-trace-smoke.mjs"
"function:assert:3e5228209d","function","implemented","assert","scripts/companycore-ai-ready-smoke.mjs#assert","Engineering Delivery Lead","scripts/companycore-ai-ready-smoke.mjs"
"function:createprofilekey:bff87b748f","function","implemented","createProfileKey","scripts/companycore-ai-ready-smoke.mjs#createProfileKey","Engineering Delivery Lead","scripts/companycore-ai-ready-smoke.mjs"
"function:expectok:98e470fefa","function","implemented","expectOk","scripts/companycore-ai-ready-smoke.mjs#expectOk","Engineering Delivery Lead","scripts/companycore-ai-ready-smoke.mjs"
"function:fail:917eb5fdbe","function","implemented","fail","scripts/companycore-ai-ready-smoke.mjs#fail","Engineering Delivery Lead","scripts/companycore-ai-ready-smoke.mjs"
"function:firstavailableareagraph:6a9cbf5bc7","function","implemented","firstAvailableAreaGraph","scripts/companycore-ai-ready-smoke.mjs#firstAvailableAreaGraph","Engineering Delivery Lead","scripts/companycore-ai-ready-smoke.mjs"
"function:main:9e8852049b","function","implemented","main","scripts/companycore-ai-ready-smoke.mjs#main","Engineering Delivery Lead","scripts/companycore-ai-ready-smoke.mjs"
"function:printhelp:8172f2241e","function","implemented","printHelp","scripts/companycore-ai-ready-smoke.mjs#printHelp","Engineering Delivery Lead","scripts/companycore-ai-ready-smoke.mjs"
"function:request:b5e22819d8","function","implemented","request","scripts/companycore-ai-ready-smoke.mjs#request","Engineering Delivery Lead","scripts/companycore-ai-ready-smoke.mjs"
"function:runmcpsmoke:616d1d635e","function","implemented","runMcpSmoke","scripts/companycore-ai-ready-smoke.mjs#runMcpSmoke","Engineering Delivery Lead","scripts/companycore-ai-ready-smoke.mjs"
"function:addquery:ee31567159","function","implemented","addQuery","scripts/companycore-mcp-server.mjs#addQuery","Engineering Delivery Lead","scripts/companycore-mcp-server.mjs"
"function:calltool:4ca98c9701","function","implemented","callTool","scripts/companycore-mcp-server.mjs#callTool","Engineering Delivery Lead","scripts/companycore-mcp-server.mjs"
"function:errorresponse:0370c2c2ff","function","implemented","errorResponse","scripts/companycore-mcp-server.mjs#errorResponse","Engineering Delivery Lead","scripts/companycore-mcp-server.mjs"
"function:fetchjson:69016d53c8","function","implemented","fetchJson","scripts/companycore-mcp-server.mjs#fetchJson","Engineering Delivery Lead","scripts/companycore-mcp-server.mjs"
"function:handlerequest:1ddcea5501","function","implemented","handleRequest","scripts/companycore-mcp-server.mjs#handleRequest","Engineering Delivery Lead","scripts/companycore-mcp-server.mjs"
"function:loadmanifest:f9f87667fc","function","implemented","loadManifest","scripts/companycore-mcp-server.mjs#loadManifest","Engineering Delivery Lead","scripts/companycore-mcp-server.mjs"
"function:publictool:5913a53d51","function","implemented","publicTool","scripts/companycore-mcp-server.mjs#publicTool","Engineering Delivery Lead","scripts/companycore-mcp-server.mjs"
"function:replacepathparameters:67f21c469f","function","implemented","replacePathParameters","scripts/companycore-mcp-server.mjs#replacePathParameters","Engineering Delivery Lead","scripts/companycore-mcp-server.mjs"
"function:requireapikey:b1e27ff5d5","function","implemented","requireApiKey","scripts/companycore-mcp-server.mjs#requireApiKey","Engineering Delivery Lead","scripts/companycore-mcp-server.mjs"
"function:response:db40f14d5d","function","implemented","response","scripts/companycore-mcp-server.mjs#response","Engineering Delivery Lead","scripts/companycore-mcp-server.mjs"
"function:send:4f50754f21","function","implemented","send","scripts/companycore-mcp-server.mjs#send","Engineering Delivery Lead","scripts/companycore-mcp-server.mjs"
"function:stderr:72276ac8c0","function","implemented","stderr","scripts/companycore-mcp-server.mjs#stderr","Engineering Delivery Lead","scripts/companycore-mcp-server.mjs"
"function:summarizebody:5c8ee74025","function","implemented","summarizeBody","scripts/companycore-mcp-server.mjs#summarizeBody","Engineering Delivery Lead","scripts/companycore-mcp-server.mjs"
"function:fail:5d8a8004c2","function","implemented","fail","scripts/companycore-mcp-smoke.mjs#fail","Engineering Delivery Lead","scripts/companycore-mcp-smoke.mjs"
"function:parsejsonenv:dcda564880","function","implemented","parseJsonEnv","scripts/companycore-mcp-smoke.mjs#parseJsonEnv","Engineering Delivery Lead","scripts/companycore-mcp-smoke.mjs"
"function:parsejsonlines:f707acad05","function","implemented","parseJsonLines","scripts/companycore-mcp-smoke.mjs#parseJsonLines","Engineering Delivery Lead","scripts/companycore-mcp-smoke.mjs"
"function:preflightmanifest:e5de60180c","function","implemented","preflightManifest","scripts/companycore-mcp-smoke.mjs#preflightManifest","Engineering Delivery Lead","scripts/companycore-mcp-smoke.mjs"
"function:printhelp:b05279e38f","function","implemented","printHelp","scripts/companycore-mcp-smoke.mjs#printHelp","Engineering Delivery Lead","scripts/companycore-mcp-smoke.mjs"
"function:request:e672ab69a7","function","implemented","request","scripts/companycore-mcp-smoke.mjs#request","Engineering Delivery Lead","scripts/companycore-mcp-smoke.mjs"
"function:collectnodeids:86284bbb79","function","implemented","collectNodeIds","scripts/enrich-architecture-evidence.mjs#collectNodeIds","Engineering Delivery Lead","scripts/enrich-architecture-evidence.mjs"
"function:csvescape:be4905df11","function","implemented","csvEscape","scripts/enrich-architecture-evidence.mjs#csvEscape","Engineering Delivery Lead","scripts/enrich-architecture-evidence.mjs"
"function:defaultruntimeproof:ac882eda93","function","implemented","defaultRuntimeProof","scripts/enrich-architecture-evidence.mjs#defaultRuntimeProof","Engineering Delivery Lead","scripts/enrich-architecture-evidence.mjs"
"function:defaulttestproof:5909e34671","function","implemented","defaultTestProof","scripts/enrich-architecture-evidence.mjs#defaultTestProof","Engineering Delivery Lead","scripts/enrich-architecture-evidence.mjs"
"function:fileexists:c05a757562","function","implemented","fileExists","scripts/enrich-architecture-evidence.mjs#fileExists","Engineering Delivery Lead","scripts/enrich-architecture-evidence.mjs"
"function:filtermissingbytype:50fe01472f","function","implemented","filterMissingByType","scripts/enrich-architecture-evidence.mjs#filterMissingByType","Engineering Delivery Lead","scripts/enrich-architecture-evidence.mjs"
"function:firstexistingpath:05b070fe83","function","implemented","firstExistingPath","scripts/enrich-architecture-evidence.mjs#firstExistingPath","Engineering Delivery Lead","scripts/enrich-architecture-evidence.mjs"
"function:joinunique:72f12616dd","function","implemented","joinUnique","scripts/enrich-architecture-evidence.mjs#joinUnique","Engineering Delivery Lead","scripts/enrich-architecture-evidence.mjs"
"function:loadcsv:8e8caab52b","function","implemented","loadCsv","scripts/enrich-architecture-evidence.mjs#loadCsv","Engineering Delivery Lead","scripts/enrich-architecture-evidence.mjs"
"function:main:9e71ed6281","function","implemented","main","scripts/enrich-architecture-evidence.mjs#main","Engineering Delivery Lead","scripts/enrich-architecture-evidence.mjs"
"function:missingtokens:529b08d508","function","implemented","missingTokens","scripts/enrich-architecture-evidence.mjs#missingTokens","Engineering Delivery Lead","scripts/enrich-architecture-evidence.mjs"
"function:normalizeevidencestatus:33de68f42a","function","implemented","normalizeEvidenceStatus","scripts/enrich-architecture-evidence.mjs#normalizeEvidenceStatus","Engineering Delivery Lead","scripts/enrich-architecture-evidence.mjs"
"function:parsecsv:43a234ec0a","function","implemented","parseCsv","scripts/enrich-architecture-evidence.mjs#parseCsv","Engineering Delivery Lead","scripts/enrich-architecture-evidence.mjs"
"function:readtext:6fbe5fe271","function","implemented","readText","scripts/enrich-architecture-evidence.mjs#readText","Engineering Delivery Lead","scripts/enrich-architecture-evidence.mjs"
"function:requiredtokensfortype:0b51990c60","function","implemented","requiredTokensForType","scripts/enrich-architecture-evidence.mjs#requiredTokensForType","Engineering Delivery Lead","scripts/enrich-architecture-evidence.mjs"
"function:severity:e75c580eb4","function","implemented","severity","scripts/enrich-architecture-evidence.mjs#severity","Engineering Delivery Lead","scripts/enrich-architecture-evidence.mjs"
"function:splitids:5cd1c786c7","function","implemented","splitIds","scripts/enrich-architecture-evidence.mjs#splitIds","Engineering Delivery Lead","scripts/enrich-architecture-evidence.mjs"
"function:tocsv:83350180b6","function","implemented","toCsv","scripts/enrich-architecture-evidence.mjs#toCsv","Engineering Delivery Lead","scripts/enrich-architecture-evidence.mjs"
"function:writetext:6f435ecffb","function","implemented","writeText","scripts/enrich-architecture-evidence.mjs#writeText","Engineering Delivery Lead","scripts/enrich-architecture-evidence.mjs"
"function:addrelation:1293384b88","function","implemented","addRelation","scripts/enrich-architecture-relations.mjs#addRelation","Engineering Delivery Lead","scripts/enrich-architecture-relations.mjs"
"function:create:0787b90503","function","implemented","create","scripts/enrich-architecture-relations.mjs#create","Engineering Delivery Lead","scripts/enrich-architecture-relations.mjs"
"function:csvescape:5cb695e59c","function","implemented","csvEscape","scripts/enrich-architecture-relations.mjs#csvEscape","Engineering Delivery Lead","scripts/enrich-architecture-relations.mjs"
"function:loadcsv:7425723edb","function","implemented","loadCsv","scripts/enrich-architecture-relations.mjs#loadCsv","Engineering Delivery Lead","scripts/enrich-architecture-relations.mjs"
"function:main:222aa00853","function","implemented","main","scripts/enrich-architecture-relations.mjs#main","Engineering Delivery Lead","scripts/enrich-architecture-relations.mjs"
"function:methodfromroutename:5d3bfeaee0","function","implemented","methodFromRouteName","scripts/enrich-architecture-relations.mjs#methodFromRouteName","Engineering Delivery Lead","scripts/enrich-architecture-relations.mjs"
"function:nextrelationid:9a23f4ff5c","function","implemented","nextRelationId","scripts/enrich-architecture-relations.mjs#nextRelationId","Engineering Delivery Lead","scripts/enrich-architecture-relations.mjs"
"function:parsecsv:d4fe768800","function","implemented","parseCsv","scripts/enrich-architecture-relations.mjs#parseCsv","Engineering Delivery Lead","scripts/enrich-architecture-relations.mjs"
"function:readtext:4dbabcaef7","function","implemented","readText","scripts/enrich-architecture-relations.mjs#readText","Engineering Delivery Lead","scripts/enrich-architecture-relations.mjs"
"function:relationkey:91c9129d54","function","implemented","relationKey","scripts/enrich-architecture-relations.mjs#relationKey","Engineering Delivery Lead","scripts/enrich-architecture-relations.mjs"
"function:splitids:1e38dc5edd","function","implemented","splitIds","scripts/enrich-architecture-relations.mjs#splitIds","Engineering Delivery Lead","scripts/enrich-architecture-relations.mjs"
"function:tocsv:ca9c3352f8","function","implemented","toCsv","scripts/enrich-architecture-relations.mjs#toCsv","Engineering Delivery Lead","scripts/enrich-architecture-relations.mjs"
"function:writetext:a00f05270c","function","implemented","writeText","scripts/enrich-architecture-relations.mjs#writeText","Engineering Delivery Lead","scripts/enrich-architecture-relations.mjs"
"function:ensurejunctiononwindows:4b1f2cea76","function","implemented","ensureJunctionOnWindows","scripts/ensure-architecture-docs-root.mjs#ensureJunctionOnWindows","Engineering Delivery Lead","scripts/ensure-architecture-docs-root.mjs"
"function:ensuresymlinkonunix:6aa5dc4052","function","implemented","ensureSymlinkOnUnix","scripts/ensure-architecture-docs-root.mjs#ensureSymlinkOnUnix","Engineering Delivery Lead","scripts/ensure-architecture-docs-root.mjs"
"function:exists:38abbec0a8","function","implemented","exists","scripts/ensure-architecture-docs-root.mjs#exists","Engineering Delivery Lead","scripts/ensure-architecture-docs-root.mjs"
"function:isdirectory:4121848089","function","implemented","isDirectory","scripts/ensure-architecture-docs-root.mjs#isDirectory","Engineering Delivery Lead","scripts/ensure-architecture-docs-root.mjs"
"function:main:7bf000510a","function","implemented","main","scripts/ensure-architecture-docs-root.mjs#main","Engineering Delivery Lead","scripts/ensure-architecture-docs-root.mjs"
"function:addunique:560b5807be","function","implemented","addUnique","scripts/generate-architecture-graph.mjs#addUnique","Engineering Delivery Lead","scripts/generate-architecture-graph.mjs"
"function:collectnodeset:f0fe6d8d71","function","implemented","collectNodeSet","scripts/generate-architecture-graph.mjs#collectNodeSet","Engineering Delivery Lead","scripts/generate-architecture-graph.mjs"
"function:csvescape:ff92181f95","function","implemented","csvEscape","scripts/generate-architecture-graph.mjs#csvEscape","Engineering Delivery Lead","scripts/generate-architecture-graph.mjs"
"function:csvrecords:fc97a4695d","function","implemented","csvRecords","scripts/generate-architecture-graph.mjs#csvRecords","Engineering Delivery Lead","scripts/generate-architecture-graph.mjs"
"function:driftsection:3ffaae7009","function","implemented","driftSection","scripts/generate-architecture-graph.mjs#driftSection","Engineering Delivery Lead","scripts/generate-architecture-graph.mjs"
"function:ensuredir:2094015f3a","function","implemented","ensureDir","scripts/generate-architecture-graph.mjs#ensureDir","Engineering Delivery Lead","scripts/generate-architecture-graph.mjs"
"function:esc:245054d851","function","implemented","esc","scripts/generate-architecture-graph.mjs#esc","Engineering Delivery Lead","scripts/generate-architecture-graph.mjs"
"function:keyforroute:fdd494ff1c","function","implemented","keyForRoute","scripts/generate-architecture-graph.mjs#keyForRoute","Engineering Delivery Lead","scripts/generate-architecture-graph.mjs"
"function:main:f2697cd010","function","implemented","main","scripts/generate-architecture-graph.mjs#main","Engineering Delivery Lead","scripts/generate-architecture-graph.mjs"
"function:nodemarkdown:e2804149d8","function","implemented","nodeMarkdown","scripts/generate-architecture-graph.mjs#nodeMarkdown","Engineering Delivery Lead","scripts/generate-architecture-graph.mjs"
"function:normalizepageroute:ddd51729f1","function","implemented","normalizePageRoute","scripts/generate-architecture-graph.mjs#normalizePageRoute","Engineering Delivery Lead","scripts/generate-architecture-graph.mjs"
"function:parsecsv:a8f7030123","function","implemented","parseCsv","scripts/generate-architecture-graph.mjs#parseCsv","Engineering Delivery Lead","scripts/generate-architecture-graph.mjs"
"function:parsemanifestroutes:172b2af58f","function","implemented","parseManifestRoutes","scripts/generate-architecture-graph.mjs#parseManifestRoutes","Engineering Delivery Lead","scripts/generate-architecture-graph.mjs"
"function:parseprismamodels:9719893304","function","implemented","parsePrismaModels","scripts/generate-architecture-graph.mjs#parsePrismaModels","Engineering Delivery Lead","scripts/generate-architecture-graph.mjs"
"function:parsereactapproutes:6babcfcf2d","function","implemented","parseReactAppRoutes","scripts/generate-architecture-graph.mjs#parseReactAppRoutes","Engineering Delivery Lead","scripts/generate-architecture-graph.mjs"
"function:parsescriptsfrompackage:0ee82b2d8e","function","implemented","parseScriptsFromPackage","scripts/generate-architecture-graph.mjs#parseScriptsFromPackage","Engineering Delivery Lead","scripts/generate-architecture-graph.mjs"
"function:readtext:959d6ec50c","function","implemented","readText","scripts/generate-architecture-graph.mjs#readText","Engineering Delivery Lead","scripts/generate-architecture-graph.mjs"
"function:slug:4055fcee14","function","implemented","slug","scripts/generate-architecture-graph.mjs#slug","Engineering Delivery Lead","scripts/generate-architecture-graph.mjs"
"function:splitids:0dfbdec32c","function","implemented","splitIds","scripts/generate-architecture-graph.mjs#splitIds","Engineering Delivery Lead","scripts/generate-architecture-graph.mjs"
"function:tosnake:3906fb4354","function","implemented","toSnake","scripts/generate-architecture-graph.mjs#toSnake","Engineering Delivery Lead","scripts/generate-architecture-graph.mjs"
"function:validatenodereferences:b20970cd90","function","implemented","validateNodeReferences","scripts/generate-architecture-graph.mjs#validateNodeReferences","Engineering Delivery Lead","scripts/generate-architecture-graph.mjs"
"function:wiki:7cc1288e21","function","implemented","wiki","scripts/generate-architecture-graph.mjs#wiki","Engineering Delivery Lead","scripts/generate-architecture-graph.mjs"
"function:yamlscalar:650729fa9b","function","implemented","yamlScalar","scripts/generate-architecture-graph.mjs#yamlScalar","Engineering Delivery Lead","scripts/generate-architecture-graph.mjs"
"function:request:b16e64caf7","function","implemented","request","scripts/google-drive-production-smoke.mjs#request","Engineering Delivery Lead","scripts/google-drive-production-smoke.mjs"
"function:csvescape:c64c277f9f","function","implemented","csvEscape","scripts/normalize-architecture-chains.mjs#csvEscape","Engineering Delivery Lead","scripts/normalize-architecture-chains.mjs"
"function:dedupeconsecutive:1e771bc43c","function","implemented","dedupeConsecutive","scripts/normalize-architecture-chains.mjs#dedupeConsecutive","Engineering Delivery Lead","scripts/normalize-architecture-chains.mjs"
"function:isplaceholdermissingnodes:736f4a8f84","function","implemented","isPlaceholderMissingNodes","scripts/normalize-architecture-chains.mjs#isPlaceholderMissingNodes","Engineering Delivery Lead","scripts/normalize-architecture-chains.mjs"
"function:joinunique:f46573b2f6","function","implemented","joinUnique","scripts/normalize-architecture-chains.mjs#joinUnique","Engineering Delivery Lead","scripts/normalize-architecture-chains.mjs"
"function:loadcsv:ca925f725c","function","implemented","loadCsv","scripts/normalize-architecture-chains.mjs#loadCsv","Engineering Delivery Lead","scripts/normalize-architecture-chains.mjs"
"function:main:06c44ccd8b","function","implemented","main","scripts/normalize-architecture-chains.mjs#main","Engineering Delivery Lead","scripts/normalize-architecture-chains.mjs"
"function:normalizechainstatusfromverification:65dbc918e4","function","implemented","normalizeChainStatusFromVerification","scripts/normalize-architecture-chains.mjs#normalizeChainStatusFromVerification","Engineering Delivery Lead","scripts/normalize-architecture-chains.mjs"
"function:parsecsv:643a87c15c","function","implemented","parseCsv","scripts/normalize-architecture-chains.mjs#parseCsv","Engineering Delivery Lead","scripts/normalize-architecture-chains.mjs"
"function:pickbycontext:cf6b99f141","function","implemented","pickByContext","scripts/normalize-architecture-chains.mjs#pickByContext","Engineering Delivery Lead","scripts/normalize-architecture-chains.mjs"
"function:readtext:4129c4649b","function","implemented","readText","scripts/normalize-architecture-chains.mjs#readText","Engineering Delivery Lead","scripts/normalize-architecture-chains.mjs"
"function:splitids:ec53d70b44","function","implemented","splitIds","scripts/normalize-architecture-chains.mjs#splitIds","Engineering Delivery Lead","scripts/normalize-architecture-chains.mjs"
"function:tocsv:5dbab2afed","function","implemented","toCsv","scripts/normalize-architecture-chains.mjs#toCsv","Engineering Delivery Lead","scripts/normalize-architecture-chains.mjs"
"function:writetext:ee70e7de5b","function","implemented","writeText","scripts/normalize-architecture-chains.mjs#writeText","Engineering Delivery Lead","scripts/normalize-architecture-chains.mjs"
"function:authheaders:6a8d223725","function","implemented","authHeaders","scripts/operating-model-registry-lifecycle-smoke.mjs#authHeaders","Engineering Delivery Lead","scripts/operating-model-registry-lifecycle-smoke.mjs"
"function:close:67dc6100e4","function","implemented","close","scripts/operating-model-registry-lifecycle-smoke.mjs#close","Engineering Delivery Lead","scripts/operating-model-registry-lifecycle-smoke.mjs"
"function:expectstatus:93fa53712f","function","implemented","expectStatus","scripts/operating-model-registry-lifecycle-smoke.mjs#expectStatus","Engineering Delivery Lead","scripts/operating-model-registry-lifecycle-smoke.mjs"
"function:listen:bc9232e274","function","implemented","listen","scripts/operating-model-registry-lifecycle-smoke.mjs#listen","Engineering Delivery Lead","scripts/operating-model-registry-lifecycle-smoke.mjs"
"function:main:a9cb009352","function","implemented","main","scripts/operating-model-registry-lifecycle-smoke.mjs#main","Engineering Delivery Lead","scripts/operating-model-registry-lifecycle-smoke.mjs"
"function:registerowner:7b740fcbb4","function","implemented","registerOwner","scripts/operating-model-registry-lifecycle-smoke.mjs#registerOwner","Engineering Delivery Lead","scripts/operating-model-registry-lifecycle-smoke.mjs"
"function:request:3aa265d10e","function","implemented","request","scripts/operating-model-registry-lifecycle-smoke.mjs#request","Engineering Delivery Lead","scripts/operating-model-registry-lifecycle-smoke.mjs"
"function:selectarea:58f0d80b6e","function","implemented","selectArea","scripts/operating-model-registry-lifecycle-smoke.mjs#selectArea","Engineering Delivery Lead","scripts/operating-model-registry-lifecycle-smoke.mjs"
"function:main:3c2bd75654","function","implemented","main","scripts/owner-console-ux-smoke.mjs#main","Engineering Delivery Lead","scripts/owner-console-ux-smoke.mjs"
"function:request:483ce26555","function","implemented","request","scripts/owner-console-ux-smoke.mjs#request","Engineering Delivery Lead","scripts/owner-console-ux-smoke.mjs"
"function:screenshot:fd7892f321","function","implemented","screenshot","scripts/owner-console-ux-smoke.mjs#screenshot","Engineering Delivery Lead","scripts/owner-console-ux-smoke.mjs"
"function:slug:86cd6c4262","function","implemented","slug","scripts/owner-console-ux-smoke.mjs#slug","Engineering Delivery Lead","scripts/owner-console-ux-smoke.mjs"
"function:waitforconsolehydration:cf4b5cdb22","function","implemented","waitForConsoleHydration","scripts/owner-console-ux-smoke.mjs#waitForConsoleHydration","Engineering Delivery Lead","scripts/owner-console-ux-smoke.mjs"
"function:csvescape:06a2a39c40","function","implemented","csvEscape","scripts/sync-architecture-chains.mjs#csvEscape","Engineering Delivery Lead","scripts/sync-architecture-chains.mjs"
"function:featureslug:b389e7a75e","function","implemented","featureSlug","scripts/sync-architecture-chains.mjs#featureSlug","Engineering Delivery Lead","scripts/sync-architecture-chains.mjs"
"function:joinunique:98c52c21aa","function","implemented","joinUnique","scripts/sync-architecture-chains.mjs#joinUnique","Engineering Delivery Lead","scripts/sync-architecture-chains.mjs"
"function:loadcsv:30abc9ce45","function","implemented","loadCsv","scripts/sync-architecture-chains.mjs#loadCsv","Engineering Delivery Lead","scripts/sync-architecture-chains.mjs"
"function:main:c4bc50ffcf","function","implemented","main","scripts/sync-architecture-chains.mjs#main","Engineering Delivery Lead","scripts/sync-architecture-chains.mjs"
"function:nextchainid:9d82d91f0d","function","implemented","nextChainId","scripts/sync-architecture-chains.mjs#nextChainId","Engineering Delivery Lead","scripts/sync-architecture-chains.mjs"
"function:parsecsv:8f6a567979","function","implemented","parseCsv","scripts/sync-architecture-chains.mjs#parseCsv","Engineering Delivery Lead","scripts/sync-architecture-chains.mjs"
"function:readtext:1a17d99123","function","implemented","readText","scripts/sync-architecture-chains.mjs#readText","Engineering Delivery Lead","scripts/sync-architecture-chains.mjs"
"function:splitids:89749d52b7","function","implemented","splitIds","scripts/sync-architecture-chains.mjs#splitIds","Engineering Delivery Lead","scripts/sync-architecture-chains.mjs"
"function:tocsv:2f3ac3ca21","function","implemented","toCsv","scripts/sync-architecture-chains.mjs#toCsv","Engineering Delivery Lead","scripts/sync-architecture-chains.mjs"
"function:writetext:bc52e775f6","function","implemented","writeText","scripts/sync-architecture-chains.mjs#writeText","Engineering Delivery Lead","scripts/sync-architecture-chains.mjs"
"function:csvescape:2d5a6efb5e","function","implemented","csvEscape","scripts/sync-architecture-evidence-status.mjs#csvEscape","Engineering Delivery Lead","scripts/sync-architecture-evidence-status.mjs"
"function:loadcsv:35a525f478","function","implemented","loadCsv","scripts/sync-architecture-evidence-status.mjs#loadCsv","Engineering Delivery Lead","scripts/sync-architecture-evidence-status.mjs"
"function:main:eba936cd1c","function","implemented","main","scripts/sync-architecture-evidence-status.mjs#main","Engineering Delivery Lead","scripts/sync-architecture-evidence-status.mjs"
"function:nextevidenceid:c67c7341be","function","implemented","nextEvidenceId","scripts/sync-architecture-evidence-status.mjs#nextEvidenceId","Engineering Delivery Lead","scripts/sync-architecture-evidence-status.mjs"
"function:parsecsv:8b93c4135e","function","implemented","parseCsv","scripts/sync-architecture-evidence-status.mjs#parseCsv","Engineering Delivery Lead","scripts/sync-architecture-evidence-status.mjs"
"function:readtext:8b1231386a","function","implemented","readText","scripts/sync-architecture-evidence-status.mjs#readText","Engineering Delivery Lead","scripts/sync-architecture-evidence-status.mjs"
"function:tocsv:e2d4f2e842","function","implemented","toCsv","scripts/sync-architecture-evidence-status.mjs#toCsv","Engineering Delivery Lead","scripts/sync-architecture-evidence-status.mjs"
"function:writetext:1349bea52d","function","implemented","writeText","scripts/sync-architecture-evidence-status.mjs#writeText","Engineering Delivery Lead","scripts/sync-architecture-evidence-status.mjs"
"function:basenamenoext:2220ff4623","function","implemented","basenameNoExt","scripts/sync-architecture-extended-registry.mjs#basenameNoExt","Engineering Delivery Lead","scripts/sync-architecture-extended-registry.mjs"
"function:collectcandidates:489b8889eb","function","implemented","collectCandidates","scripts/sync-architecture-extended-registry.mjs#collectCandidates","Engineering Delivery Lead","scripts/sync-architecture-extended-registry.mjs"
"function:csvescape:d37c09066f","function","implemented","csvEscape","scripts/sync-architecture-extended-registry.mjs#csvEscape","Engineering Delivery Lead","scripts/sync-architecture-extended-registry.mjs"
"function:ensurerecord:2b83f1d5c5","function","implemented","ensureRecord","scripts/sync-architecture-extended-registry.mjs#ensureRecord","Engineering Delivery Lead","scripts/sync-architecture-extended-registry.mjs"
"function:inferfeature:51477ad54c","function","implemented","inferFeature","scripts/sync-architecture-extended-registry.mjs#inferFeature","Engineering Delivery Lead","scripts/sync-architecture-extended-registry.mjs"
"function:infermodule:307680bb79","function","implemented","inferModule","scripts/sync-architecture-extended-registry.mjs#inferModule","Engineering Delivery Lead","scripts/sync-architecture-extended-registry.mjs"
"function:loadcsv:6915a93416","function","implemented","loadCsv","scripts/sync-architecture-extended-registry.mjs#loadCsv","Engineering Delivery Lead","scripts/sync-architecture-extended-registry.mjs"
"function:main:94cf58d00a","function","implemented","main","scripts/sync-architecture-extended-registry.mjs#main","Engineering Delivery Lead","scripts/sync-architecture-extended-registry.mjs"
"function:nextid:4892c48efb","function","implemented","nextId","scripts/sync-architecture-extended-registry.mjs#nextId","Engineering Delivery Lead","scripts/sync-architecture-extended-registry.mjs"
"function:parsecsv:8768d4a43a","function","implemented","parseCsv","scripts/sync-architecture-extended-registry.mjs#parseCsv","Engineering Delivery Lead","scripts/sync-architecture-extended-registry.mjs"
"function:readtext:63f34e05fc","function","implemented","readText","scripts/sync-architecture-extended-registry.mjs#readText","Engineering Delivery Lead","scripts/sync-architecture-extended-registry.mjs"
"function:startcase:71ceef876a","function","implemented","startCase","scripts/sync-architecture-extended-registry.mjs#startCase","Engineering Delivery Lead","scripts/sync-architecture-extended-registry.mjs"
"function:tocsv:c7774521d8","function","implemented","toCsv","scripts/sync-architecture-extended-registry.mjs#toCsv","Engineering Delivery Lead","scripts/sync-architecture-extended-registry.mjs"
"function:walk:9bed2530ae","function","implemented","walk","scripts/sync-architecture-extended-registry.mjs#walk","Engineering Delivery Lead","scripts/sync-architecture-extended-registry.mjs"
"function:writetext:1b549169c7","function","implemented","writeText","scripts/sync-architecture-extended-registry.mjs#writeText","Engineering Delivery Lead","scripts/sync-architecture-extended-registry.mjs"
"function:csvescape:59d3a5eaa2","function","implemented","csvEscape","scripts/sync-architecture-feature-coverage.mjs#csvEscape","Engineering Delivery Lead","scripts/sync-architecture-feature-coverage.mjs"
"function:loadcsv:d87fd9146a","function","implemented","loadCsv","scripts/sync-architecture-feature-coverage.mjs#loadCsv","Engineering Delivery Lead","scripts/sync-architecture-feature-coverage.mjs"
"function:main:8750963ddd","function","implemented","main","scripts/sync-architecture-feature-coverage.mjs#main","Engineering Delivery Lead","scripts/sync-architecture-feature-coverage.mjs"
"function:nextautofeatureid:0741ddfa17","function","implemented","nextAutoFeatureId","scripts/sync-architecture-feature-coverage.mjs#nextAutoFeatureId","Engineering Delivery Lead","scripts/sync-architecture-feature-coverage.mjs"
"function:parsecsv:f791e349a9","function","implemented","parseCsv","scripts/sync-architecture-feature-coverage.mjs#parseCsv","Engineering Delivery Lead","scripts/sync-architecture-feature-coverage.mjs"
"function:readtext:1633493aa4","function","implemented","readText","scripts/sync-architecture-feature-coverage.mjs#readText","Engineering Delivery Lead","scripts/sync-architecture-feature-coverage.mjs"
"function:tocsv:9e24654751","function","implemented","toCsv","scripts/sync-architecture-feature-coverage.mjs#toCsv","Engineering Delivery Lead","scripts/sync-architecture-feature-coverage.mjs"
"function:totitle:f579b1ec8e","function","implemented","toTitle","scripts/sync-architecture-feature-coverage.mjs#toTitle","Engineering Delivery Lead","scripts/sync-architecture-feature-coverage.mjs"
"function:writetext:aaa9ef496a","function","implemented","writeText","scripts/sync-architecture-feature-coverage.mjs#writeText","Engineering Delivery Lead","scripts/sync-architecture-feature-coverage.mjs"
"function:csvescape:e97fbfbebd","function","implemented","csvEscape","scripts/sync-architecture-node-verification.mjs#csvEscape","Engineering Delivery Lead","scripts/sync-architecture-node-verification.mjs"
"function:loadcsv:4ad47c8730","function","implemented","loadCsv","scripts/sync-architecture-node-verification.mjs#loadCsv","Engineering Delivery Lead","scripts/sync-architecture-node-verification.mjs"
"function:main:7e6c2c4932","function","implemented","main","scripts/sync-architecture-node-verification.mjs#main","Engineering Delivery Lead","scripts/sync-architecture-node-verification.mjs"
"function:normalizenodeimplementationstatus:dfd6b4a941","function","implemented","normalizeNodeImplementationStatus","scripts/sync-architecture-node-verification.mjs#normalizeNodeImplementationStatus","Engineering Delivery Lead","scripts/sync-architecture-node-verification.mjs"
"function:normalizestatus:a64c9a646d","function","implemented","normalizeStatus","scripts/sync-architecture-node-verification.mjs#normalizeStatus","Engineering Delivery Lead","scripts/sync-architecture-node-verification.mjs"
"function:parsecsv:752d72a4b3","function","implemented","parseCsv","scripts/sync-architecture-node-verification.mjs#parseCsv","Engineering Delivery Lead","scripts/sync-architecture-node-verification.mjs"
"function:readtext:392c93a383","function","implemented","readText","scripts/sync-architecture-node-verification.mjs#readText","Engineering Delivery Lead","scripts/sync-architecture-node-verification.mjs"
"function:tocsv:5bc4c2291e","function","implemented","toCsv","scripts/sync-architecture-node-verification.mjs#toCsv","Engineering Delivery Lead","scripts/sync-architecture-node-verification.mjs"
"function:writetext:366a83ccfd","function","implemented","writeText","scripts/sync-architecture-node-verification.mjs#writeText","Engineering Delivery Lead","scripts/sync-architecture-node-verification.mjs"
"function:buildrecord:de81ff5f85","function","implemented","buildRecord","scripts/sync-architecture-registry.mjs#buildRecord","Engineering Delivery Lead","scripts/sync-architecture-registry.mjs"
"function:csvescape:31b8f3b7cc","function","implemented","csvEscape","scripts/sync-architecture-registry.mjs#csvEscape","Engineering Delivery Lead","scripts/sync-architecture-registry.mjs"
"function:dbmodule:75f28fce11","function","implemented","dbModule","scripts/sync-architecture-registry.mjs#dbModule","Engineering Delivery Lead","scripts/sync-architecture-registry.mjs"
"function:loadcsv:f4c5deacfd","function","implemented","loadCsv","scripts/sync-architecture-registry.mjs#loadCsv","Engineering Delivery Lead","scripts/sync-architecture-registry.mjs"
"function:main:722124e469","function","implemented","main","scripts/sync-architecture-registry.mjs#main","Engineering Delivery Lead","scripts/sync-architecture-registry.mjs"
"function:nextid:513d643a7b","function","implemented","nextId","scripts/sync-architecture-registry.mjs#nextId","Engineering Delivery Lead","scripts/sync-architecture-registry.mjs"
"function:pagemodule:bc28ad2898","function","implemented","pageModule","scripts/sync-architecture-registry.mjs#pageModule","Engineering Delivery Lead","scripts/sync-architecture-registry.mjs"
"function:parsecsv:fc5d228936","function","implemented","parseCsv","scripts/sync-architecture-registry.mjs#parseCsv","Engineering Delivery Lead","scripts/sync-architecture-registry.mjs"
"function:readtext:49d7f54475","function","implemented","readText","scripts/sync-architecture-registry.mjs#readText","Engineering Delivery Lead","scripts/sync-architecture-registry.mjs"
"function:routemodule:4b19ccf10a","function","implemented","routeModule","scripts/sync-architecture-registry.mjs#routeModule","Engineering Delivery Lead","scripts/sync-architecture-registry.mjs"
"function:testmodule:0951b44d92","function","implemented","testModule","scripts/sync-architecture-registry.mjs#testModule","Engineering Delivery Lead","scripts/sync-architecture-registry.mjs"
"function:tocsv:1f2095f973","function","implemented","toCsv","scripts/sync-architecture-registry.mjs#toCsv","Engineering Delivery Lead","scripts/sync-architecture-registry.mjs"
"function:writetext:6f85b8ad60","function","implemented","writeText","scripts/sync-architecture-registry.mjs#writeText","Engineering Delivery Lead","scripts/sync-architecture-registry.mjs"
"function:assertsafetestdatabaseurl:beeb1aa346","function","implemented","assertSafeTestDatabaseUrl","scripts/test-api-local.mjs#assertSafeTestDatabaseUrl","Engineering Delivery Lead","scripts/test-api-local.mjs"
"function:cleanupdatabase:6638647614","function","implemented","cleanupDatabase","scripts/test-api-local.mjs#cleanupDatabase","Engineering Delivery Lead","scripts/test-api-local.mjs"
"function:containerexists:a42ea7bcbe","function","implemented","containerExists","scripts/test-api-local.mjs#containerExists","Engineering Delivery Lead","scripts/test-api-local.mjs"
"function:containerrunning:e56d6b150a","function","implemented","containerRunning","scripts/test-api-local.mjs#containerRunning","Engineering Delivery Lead","scripts/test-api-local.mjs"
"function:ensuredocker:e6fbc44d63","function","implemented","ensureDocker","scripts/test-api-local.mjs#ensureDocker","Engineering Delivery Lead","scripts/test-api-local.mjs"
"function:run:bca15e9a39","function","implemented","run","scripts/test-api-local.mjs#run","Engineering Delivery Lead","scripts/test-api-local.mjs"
"function:startdatabase:f692bee412","function","implemented","startDatabase","scripts/test-api-local.mjs#startDatabase","Engineering Delivery Lead","scripts/test-api-local.mjs"
"function:createapp:2bcc816874","function","implemented","createApp","src/app.ts#createApp","Engineering Delivery Lead","src/app.ts"
"function:createcorsmiddleware:7de3d0bb60","function","implemented","createCorsMiddleware","src/app.ts#createCorsMiddleware","Engineering Delivery Lead","src/app.ts"
"function:isapihost:e9d0247599","function","implemented","isApiHost","src/app.ts#isApiHost","Engineering Delivery Lead","src/app.ts"
"function:mountprotectedroutes:46ca800830","function","implemented","mountProtectedRoutes","src/app.ts#mountProtectedRoutes","Engineering Delivery Lead","src/app.ts"
"function:publicurlsforhost:a7c7d81144","function","implemented","publicUrlsForHost","src/app.ts#publicUrlsForHost","Engineering Delivery Lead","src/app.ts"
"function:findagentkeyprofile:1fa7551329","function","implemented","findAgentKeyProfile","src/auth/agent-key-profiles.ts#findAgentKeyProfile","Engineering Delivery Lead","src/auth/agent-key-profiles.ts"
"function:bearertoken:cd49d60966","function","implemented","bearerToken","src/auth/api-key.middleware.ts#bearerToken","Engineering Delivery Lead","src/auth/api-key.middleware.ts"
"function:requireauthcontext:0e3e5e68f0","function","implemented","requireAuthContext","src/auth/api-key.middleware.ts#requireAuthContext","Engineering Delivery Lead","src/auth/api-key.middleware.ts"
"function:apikeyprefix:4a68eb945b","function","implemented","apiKeyPrefix","src/auth/api-key.ts#apiKeyPrefix","Engineering Delivery Lead","src/auth/api-key.ts"
"function:generateapikey:c45aa0d6a2","function","implemented","generateApiKey","src/auth/api-key.ts#generateApiKey","Engineering Delivery Lead","src/auth/api-key.ts"
"function:hashapikey:9cc7524c7a","function","implemented","hashApiKey","src/auth/api-key.ts#hashApiKey","Engineering Delivery Lead","src/auth/api-key.ts"
"function:capabilityforrequest:bc33f6bb86","function","implemented","capabilityForRequest","src/auth/capabilities.ts#capabilityForRequest","Engineering Delivery Lead","src/auth/capabilities.ts"
"function:effectivecapabilities:92c59b47d0","function","implemented","effectiveCapabilities","src/auth/capabilities.ts#effectiveCapabilities","Engineering Delivery Lead","src/auth/capabilities.ts"
"function:hascapability:e847bb3441","function","implemented","hasCapability","src/auth/capabilities.ts#hasCapability","Engineering Delivery Lead","src/auth/capabilities.ts"
"function:normalizedrequestpaths:573d38689b","function","implemented","normalizedRequestPaths","src/auth/capabilities.ts#normalizedRequestPaths","Engineering Delivery Lead","src/auth/capabilities.ts"
"function:routepattern:23e2a07448","function","implemented","routePattern","src/auth/capabilities.ts#routePattern","Engineering Delivery Lead","src/auth/capabilities.ts"
"function:scopesarebroad:8744860a85","function","implemented","scopesAreBroad","src/auth/capabilities.ts#scopesAreBroad","Engineering Delivery Lead","src/auth/capabilities.ts"
"function:hashpassword:feef2ae853","function","implemented","hashPassword","src/auth/password.ts#hashPassword","Engineering Delivery Lead","src/auth/password.ts"
"function:verifypassword:8405520815","function","implemented","verifyPassword","src/auth/password.ts#verifyPassword","Engineering Delivery Lead","src/auth/password.ts"
"function:base64urldecode:6cfe3afa36","function","implemented","base64UrlDecode","src/auth/token.ts#base64UrlDecode","Engineering Delivery Lead","src/auth/token.ts"
"function:base64urlencode:1ea7ec83b1","function","implemented","base64UrlEncode","src/auth/token.ts#base64UrlEncode","Engineering Delivery Lead","src/auth/token.ts"
"function:createauthtoken:50f7ab3e8e","function","implemented","createAuthToken","src/auth/token.ts#createAuthToken","Engineering Delivery Lead","src/auth/token.ts"
"function:sign:1025844865","function","implemented","sign","src/auth/token.ts#sign","Engineering Delivery Lead","src/auth/token.ts"
"function:verifyauthtoken:07c9b4f680","function","implemented","verifyAuthToken","src/auth/token.ts#verifyAuthToken","Engineering Delivery Lead","src/auth/token.ts"
"function:firstenv:cf8dd453c4","function","implemented","firstEnv","src/config/env.ts#firstEnv","Engineering Delivery Lead","src/config/env.ts"
"function:getapihostnames:bafbdbb46c","function","implemented","getApiHostnames","src/config/env.ts#getApiHostnames","Engineering Delivery Lead","src/config/env.ts"
"function:getcorsallowedorigins:2da60f1566","function","implemented","getCorsAllowedOrigins","src/config/env.ts#getCorsAllowedOrigins","Engineering Delivery Lead","src/config/env.ts"
"function:requireproductionsecret:528acec142","function","implemented","requireProductionSecret","src/config/env.ts#requireProductionSecret","Engineering Delivery Lead","src/config/env.ts"
"function:requireproductionvalue:1218658c38","function","implemented","requireProductionValue","src/config/env.ts#requireProductionValue","Engineering Delivery Lead","src/config/env.ts"
"function:splitcsv:84e77da247","function","implemented","splitCsv","src/config/env.ts#splitCsv","Engineering Delivery Lead","src/config/env.ts"
"function:run:f45240d17c","function","implemented","run","src/integrations/clickup/clickup.maintenance-scheduler.ts#run","Engineering Delivery Lead","src/integrations/clickup/clickup.maintenance-scheduler.ts"
"function:runclickupmaintenancesweep:61ddab2a4b","function","implemented","runClickUpMaintenanceSweep","src/integrations/clickup/clickup.maintenance-scheduler.ts#runClickUpMaintenanceSweep","Engineering Delivery Lead","src/integrations/clickup/clickup.maintenance-scheduler.ts"
"function:startclickupmaintenancescheduler:299b9ac674","function","implemented","startClickUpMaintenanceScheduler","src/integrations/clickup/clickup.maintenance-scheduler.ts#startClickUpMaintenanceScheduler","Engineering Delivery Lead","src/integrations/clickup/clickup.maintenance-scheduler.ts"
"function:mapclickuptasktocompanycoretask:4dbc2708f2","function","implemented","mapClickUpTaskToCompanyCoreTask","src/integrations/clickup/clickup.mapper.ts#mapClickUpTaskToCompanyCoreTask","Engineering Delivery Lead","src/integrations/clickup/clickup.mapper.ts"
"function:mapduedate:07b5628d2a","function","implemented","mapDueDate","src/integrations/clickup/clickup.mapper.ts#mapDueDate","Engineering Delivery Lead","src/integrations/clickup/clickup.mapper.ts"
"function:mapstatus:8ad55b2b45","function","implemented","mapStatus","src/integrations/clickup/clickup.mapper.ts#mapStatus","Engineering Delivery Lead","src/integrations/clickup/clickup.mapper.ts"
"function:safeclickuptaskpayload:8ad6794782","function","implemented","safeClickUpTaskPayload","src/integrations/clickup/clickup.mapper.ts#safeClickUpTaskPayload","Engineering Delivery Lead","src/integrations/clickup/clickup.mapper.ts"
"function:findorcreateclickuptasklist:175dc257ac","function","implemented","findOrCreateClickUpTaskList","src/integrations/clickup/clickup.sync.ts#findOrCreateClickUpTaskList","Engineering Delivery Lead","src/integrations/clickup/clickup.sync.ts"
"function:hasclickuptaskdatachanges:782960a7e1","function","implemented","hasClickUpTaskDataChanges","src/integrations/clickup/clickup.sync.ts#hasClickUpTaskDataChanges","Engineering Delivery Lead","src/integrations/clickup/clickup.sync.ts"
"function:normalizedatevalue:acf28aad37","function","implemented","normalizeDateValue","src/integrations/clickup/clickup.sync.ts#normalizeDateValue","Engineering Delivery Lead","src/integrations/clickup/clickup.sync.ts"
"function:syncclickuptasksforworkspace:2fc0cb7d44","function","implemented","syncClickUpTasksForWorkspace","src/integrations/clickup/clickup.sync.ts#syncClickUpTasksForWorkspace","Engineering Delivery Lead","src/integrations/clickup/clickup.sync.ts"
"function:syncclickuptasksforworkspacewithoptions:1c3e474039","function","implemented","syncClickUpTasksForWorkspaceWithOptions","src/integrations/clickup/clickup.sync.ts#syncClickUpTasksForWorkspaceWithOptions","Engineering Delivery Lead","src/integrations/clickup/clickup.sync.ts"
"function:archivecompanycoretaskinclickup:30fab5d97e","function","implemented","archiveCompanyCoreTaskInClickUp","src/integrations/clickup/clickup.webhooks.ts#archiveCompanyCoreTaskInClickUp","Engineering Delivery Lead","src/integrations/clickup/clickup.webhooks.ts"
"function:clickupcommentfromwebhook:5805cbac82","function","implemented","clickUpCommentFromWebhook","src/integrations/clickup/clickup.webhooks.ts#clickUpCommentFromWebhook","Engineering Delivery Lead","src/integrations/clickup/clickup.webhooks.ts"
"function:clickuppriority:addf400bf3","function","implemented","clickUpPriority","src/integrations/clickup/clickup.webhooks.ts#clickUpPriority","Engineering Delivery Lead","src/integrations/clickup/clickup.webhooks.ts"
"function:clickupstatus:3ca7f3910b","function","implemented","clickUpStatus","src/integrations/clickup/clickup.webhooks.ts#clickUpStatus","Engineering Delivery Lead","src/integrations/clickup/clickup.webhooks.ts"
"function:clickuptaskpayload:05d81442b0","function","implemented","clickUpTaskPayload","src/integrations/clickup/clickup.webhooks.ts#clickUpTaskPayload","Engineering Delivery Lead","src/integrations/clickup/clickup.webhooks.ts"
"function:commenttextfromsegments:1dba6eeb3f","function","implemented","commentTextFromSegments","src/integrations/clickup/clickup.webhooks.ts#commentTextFromSegments","Engineering Delivery Lead","src/integrations/clickup/clickup.webhooks.ts"
"function:createcompanycorenoteinclickup:e10032a45e","function","implemented","createCompanyCoreNoteInClickUp","src/integrations/clickup/clickup.webhooks.ts#createCompanyCoreNoteInClickUp","Engineering Delivery Lead","src/integrations/clickup/clickup.webhooks.ts"
"function:createcompanycoretaskinclickup:5e3477d200","function","implemented","createCompanyCoreTaskInClickUp","src/integrations/clickup/clickup.webhooks.ts#createCompanyCoreTaskInClickUp","Engineering Delivery Lead","src/integrations/clickup/clickup.webhooks.ts"
"function:deleteclickupwebhookregistration:a7adb6a3ef","function","implemented","deleteClickUpWebhookRegistration","src/integrations/clickup/clickup.webhooks.ts#deleteClickUpWebhookRegistration","Engineering Delivery Lead","src/integrations/clickup/clickup.webhooks.ts"
"function:idempotencykey:7d7ad8397b","function","implemented","idempotencyKey","src/integrations/clickup/clickup.webhooks.ts#idempotencyKey","Engineering Delivery Lead","src/integrations/clickup/clickup.webhooks.ts"
"function:ingestclickupwebhook:bd56266a0c","function","implemented","ingestClickUpWebhook","src/integrations/clickup/clickup.webhooks.ts#ingestClickUpWebhook","Engineering Delivery Lead","src/integrations/clickup/clickup.webhooks.ts"
"function:listclickupproviderevents:9eaf7a9fdb","function","implemented","listClickUpProviderEvents","src/integrations/clickup/clickup.webhooks.ts#listClickUpProviderEvents","Engineering Delivery Lead","src/integrations/clickup/clickup.webhooks.ts"
"function:listclickupwebhookregistrations:64c7d4c497","function","implemented","listClickUpWebhookRegistrations","src/integrations/clickup/clickup.webhooks.ts#listClickUpWebhookRegistrations","Engineering Delivery Lead","src/integrations/clickup/clickup.webhooks.ts"
"function:processclickupproviderevent:a54d37544e","function","implemented","processClickUpProviderEvent","src/integrations/clickup/clickup.webhooks.ts#processClickUpProviderEvent","Engineering Delivery Lead","src/integrations/clickup/clickup.webhooks.ts"
"function:reconcileclickupwebhooksforworkspace:014ec29425","function","implemented","reconcileClickUpWebhooksForWorkspace","src/integrations/clickup/clickup.webhooks.ts#reconcileClickUpWebhooksForWorkspace","Engineering Delivery Lead","src/integrations/clickup/clickup.webhooks.ts"
"function:retryfailedclickupproviderevents:30b1d7c485","function","implemented","retryFailedClickUpProviderEvents","src/integrations/clickup/clickup.webhooks.ts#retryFailedClickUpProviderEvents","Engineering Delivery Lead","src/integrations/clickup/clickup.webhooks.ts"
"function:runclickupmaintenanceforworkspace:ac05970028","function","implemented","runClickUpMaintenanceForWorkspace","src/integrations/clickup/clickup.webhooks.ts#runClickUpMaintenanceForWorkspace","Engineering Delivery Lead","src/integrations/clickup/clickup.webhooks.ts"
"function:safeproviderevent:774f6cdc42","function","implemented","safeProviderEvent","src/integrations/clickup/clickup.webhooks.ts#safeProviderEvent","Engineering Delivery Lead","src/integrations/clickup/clickup.webhooks.ts"
"function:saferegistration:0b0f2a75d2","function","implemented","safeRegistration","src/integrations/clickup/clickup.webhooks.ts#safeRegistration","Engineering Delivery Lead","src/integrations/clickup/clickup.webhooks.ts"
"function:setcompanycoretaskclickupcustomfield:2b266f01db","function","implemented","setCompanyCoreTaskClickUpCustomField","src/integrations/clickup/clickup.webhooks.ts#setCompanyCoreTaskClickUpCustomField","Engineering Delivery Lead","src/integrations/clickup/clickup.webhooks.ts"
"function:statuschange:d097070601","function","implemented","statusChange","src/integrations/clickup/clickup.webhooks.ts#statusChange","Engineering Delivery Lead","src/integrations/clickup/clickup.webhooks.ts"
"function:tojson:03ea1d8833","function","implemented","toJson","src/integrations/clickup/clickup.webhooks.ts#toJson","Engineering Delivery Lead","src/integrations/clickup/clickup.webhooks.ts"
"function:upsertclickupcommentnote:a61c306dfb","function","implemented","upsertClickUpCommentNote","src/integrations/clickup/clickup.webhooks.ts#upsertClickUpCommentNote","Engineering Delivery Lead","src/integrations/clickup/clickup.webhooks.ts"
"function:webhookendpointurl:eb9e3d6d66","function","implemented","webhookEndpointUrl","src/integrations/clickup/clickup.webhooks.ts#webhookEndpointUrl","Engineering Delivery Lead","src/integrations/clickup/clickup.webhooks.ts"
"function:writebackcompanycoretasktoclickup:4a5d3722eb","function","implemented","writeBackCompanyCoreTaskToClickUp","src/integrations/clickup/clickup.webhooks.ts#writeBackCompanyCoreTaskToClickUp","Engineering Delivery Lead","src/integrations/clickup/clickup.webhooks.ts"
"function:signclickupwebhookbody:c58b7b52c5","function","implemented","signClickUpWebhookBody","src/integrations/clickup/webhook-signature.ts#signClickUpWebhookBody","Engineering Delivery Lead","src/integrations/clickup/webhook-signature.ts"
"function:verifyclickupwebhooksignature:a605565028","function","implemented","verifyClickUpWebhookSignature","src/integrations/clickup/webhook-signature.ts#verifyClickUpWebhookSignature","Engineering Delivery Lead","src/integrations/clickup/webhook-signature.ts"
"function:buildgoogledriveauthorizationurl:bab074bcc0","function","implemented","buildGoogleDriveAuthorizationUrl","src/integrations/google-drive/google-drive.auth.ts#buildGoogleDriveAuthorizationUrl","Engineering Delivery Lead","src/integrations/google-drive/google-drive.auth.ts"
"function:exchangegoogledriveauthorizationcode:7cbd2d2e54","function","implemented","exchangeGoogleDriveAuthorizationCode","src/integrations/google-drive/google-drive.auth.ts#exchangeGoogleDriveAuthorizationCode","Engineering Delivery Lead","src/integrations/google-drive/google-drive.auth.ts"
"function:getfreshgoogledriveoauthforworkspace:86a58962cc","function","implemented","getFreshGoogleDriveOAuthForWorkspace","src/integrations/google-drive/google-drive.auth.ts#getFreshGoogleDriveOAuthForWorkspace","Engineering Delivery Lead","src/integrations/google-drive/google-drive.auth.ts"
"function:getgoogledriveclientforworkspace:1d1d0eae6f","function","implemented","getGoogleDriveClientForWorkspace","src/integrations/google-drive/google-drive.auth.ts#getGoogleDriveClientForWorkspace","Engineering Delivery Lead","src/integrations/google-drive/google-drive.auth.ts"
"function:getgoogleoauthclient:f132646466","function","implemented","getGoogleOAuthClient","src/integrations/google-drive/google-drive.auth.ts#getGoogleOAuthClient","Engineering Delivery Lead","src/integrations/google-drive/google-drive.auth.ts"
"function:getstoredgoogledrivesecret:2763c40172","function","implemented","getStoredGoogleDriveSecret","src/integrations/google-drive/google-drive.auth.ts#getStoredGoogleDriveSecret","Engineering Delivery Lead","src/integrations/google-drive/google-drive.auth.ts"
"function:hasfreshaccesstoken:beeb6487ae","function","implemented","hasFreshAccessToken","src/integrations/google-drive/google-drive.auth.ts#hasFreshAccessToken","Engineering Delivery Lead","src/integrations/google-drive/google-drive.auth.ts"
"function:mergegoogledriveconfig:814153a3bb","function","implemented","mergeGoogleDriveConfig","src/integrations/google-drive/google-drive.auth.ts#mergeGoogleDriveConfig","Engineering Delivery Lead","src/integrations/google-drive/google-drive.auth.ts"
"function:normalizetokenresponse:b4d666013c","function","implemented","normalizeTokenResponse","src/integrations/google-drive/google-drive.auth.ts#normalizeTokenResponse","Engineering Delivery Lead","src/integrations/google-drive/google-drive.auth.ts"
"function:postgoogleoauthtoken:aed8d79cd2","function","implemented","postGoogleOAuthToken","src/integrations/google-drive/google-drive.auth.ts#postGoogleOAuthToken","Engineering Delivery Lead","src/integrations/google-drive/google-drive.auth.ts"
"function:refreshgoogledriveoauth:04d8992f2d","function","implemented","refreshGoogleDriveOAuth","src/integrations/google-drive/google-drive.auth.ts#refreshGoogleDriveOAuth","Engineering Delivery Lead","src/integrations/google-drive/google-drive.auth.ts"
"function:collecttext:9614cc417d","function","implemented","collectText","src/integrations/google-drive/google-drive.content.ts#collectText","Engineering Delivery Lead","src/integrations/google-drive/google-drive.content.ts"
"function:contentkindfortextfile:6fbead58e4","function","implemented","contentKindForTextFile","src/integrations/google-drive/google-drive.content.ts#contentKindForTextFile","Engineering Delivery Lead","src/integrations/google-drive/google-drive.content.ts"
"function:creategoogledoc:104cd790e3","function","implemented","createGoogleDoc","src/integrations/google-drive/google-drive.content.ts#createGoogleDoc","Engineering Delivery Lead","src/integrations/google-drive/google-drive.content.ts"
"function:creategooglesheet:24f65d8da8","function","implemented","createGoogleSheet","src/integrations/google-drive/google-drive.content.ts#createGoogleSheet","Engineering Delivery Lead","src/integrations/google-drive/google-drive.content.ts"
"function:emitfileevent:cf1f3a0383","function","implemented","emitFileEvent","src/integrations/google-drive/google-drive.content.ts#emitFileEvent","Engineering Delivery Lead","src/integrations/google-drive/google-drive.content.ts"
"function:extractgoogledoctext:51340cc208","function","implemented","extractGoogleDocText","src/integrations/google-drive/google-drive.content.ts#extractGoogleDocText","Engineering Delivery Lead","src/integrations/google-drive/google-drive.content.ts"
"function:extractsheettext:b5bd17353b","function","implemented","extractSheetText","src/integrations/google-drive/google-drive.content.ts#extractSheetText","Engineering Delivery Lead","src/integrations/google-drive/google-drive.content.ts"
"function:extractsnapshot:bdffa6dff6","function","implemented","extractSnapshot","src/integrations/google-drive/google-drive.content.ts#extractSnapshot","Engineering Delivery Lead","src/integrations/google-drive/google-drive.content.ts"
"function:getworkspacedrivefile:e4eae340cd","function","implemented","getWorkspaceDriveFile","src/integrations/google-drive/google-drive.content.ts#getWorkspaceDriveFile","Engineering Delivery Lead","src/integrations/google-drive/google-drive.content.ts"
"function:getworkspacegoogledriveclient:133f457e4e","function","implemented","getWorkspaceGoogleDriveClient","src/integrations/google-drive/google-drive.content.ts#getWorkspaceGoogleDriveClient","Engineering Delivery Lead","src/integrations/google-drive/google-drive.content.ts"
"function:isgoogledrivetextfile:da6df5a16c","function","implemented","isGoogleDriveTextFile","src/integrations/google-drive/google-drive.content.ts#isGoogleDriveTextFile","Engineering Delivery Lead","src/integrations/google-drive/google-drive.content.ts"
"function:listgoogledrivefiles:2b6fd4e673","function","implemented","listGoogleDriveFiles","src/integrations/google-drive/google-drive.content.ts#listGoogleDriveFiles","Engineering Delivery Lead","src/integrations/google-drive/google-drive.content.ts"
"function:normalizedtextmimetype:399b806e82","function","implemented","normalizedTextMimeType","src/integrations/google-drive/google-drive.content.ts#normalizedTextMimeType","Engineering Delivery Lead","src/integrations/google-drive/google-drive.content.ts"
"function:readgoogledrivefilecontent:d607fd0d42","function","implemented","readGoogleDriveFileContent","src/integrations/google-drive/google-drive.content.ts#readGoogleDriveFileContent","Engineering Delivery Lead","src/integrations/google-drive/google-drive.content.ts"
"function:refreshgoogledrivefilecontent:6181125130","function","implemented","refreshGoogleDriveFileContent","src/integrations/google-drive/google-drive.content.ts#refreshGoogleDriveFileContent","Engineering Delivery Lead","src/integrations/google-drive/google-drive.content.ts"
"function:structuredpreviewfortextfile:2505f851d9","function","implemented","structuredPreviewForTextFile","src/integrations/google-drive/google-drive.content.ts#structuredPreviewForTextFile","Engineering Delivery Lead","src/integrations/google-drive/google-drive.content.ts"
"function:summarizetext:94659ccff6","function","implemented","summarizeText","src/integrations/google-drive/google-drive.content.ts#summarizeText","Engineering Delivery Lead","src/integrations/google-drive/google-drive.content.ts"
"function:togoogledrivefilecreate:a8602f1f70","function","implemented","toGoogleDriveFileCreate","src/integrations/google-drive/google-drive.content.ts#toGoogleDriveFileCreate","Engineering Delivery Lead","src/integrations/google-drive/google-drive.content.ts"
"function:togoogledrivefileupdate:124b78b50e","function","implemented","toGoogleDriveFileUpdate","src/integrations/google-drive/google-drive.content.ts#toGoogleDriveFileUpdate","Engineering Delivery Lead","src/integrations/google-drive/google-drive.content.ts"
"function:updategoogledoc:8bdd7e039d","function","implemented","updateGoogleDoc","src/integrations/google-drive/google-drive.content.ts#updateGoogleDoc","Engineering Delivery Lead","src/integrations/google-drive/google-drive.content.ts"
"function:updategoogledrivetextfilecontent:cd2635d86c","function","implemented","updateGoogleDriveTextFileContent","src/integrations/google-drive/google-drive.content.ts#updateGoogleDriveTextFileContent","Engineering Delivery Lead","src/integrations/google-drive/google-drive.content.ts"
"function:updategooglesheetvalues:6a116a1d3b","function","implemented","updateGoogleSheetValues","src/integrations/google-drive/google-drive.content.ts#updateGoogleSheetValues","Engineering Delivery Lead","src/integrations/google-drive/google-drive.content.ts"
"function:upsertgoogledrivefilefrommetadata:396ce72e29","function","implemented","upsertGoogleDriveFileFromMetadata","src/integrations/google-drive/google-drive.content.ts#upsertGoogleDriveFileFromMetadata","Engineering Delivery Lead","src/integrations/google-drive/google-drive.content.ts"
"function:emitgoogledriveimportevent:33348bde0e","function","implemented","emitGoogleDriveImportEvent","src/integrations/google-drive/google-drive.sync.ts#emitGoogleDriveImportEvent","Engineering Delivery Lead","src/integrations/google-drive/google-drive.sync.ts"
"function:enqueuegoogledriveagentevent:bb248e7d4d","function","implemented","enqueueGoogleDriveAgentEvent","src/integrations/google-drive/google-drive.sync.ts#enqueueGoogleDriveAgentEvent","Engineering Delivery Lead","src/integrations/google-drive/google-drive.sync.ts"
"function:fetchselectedfolderfiles:000d95196c","function","implemented","fetchSelectedFolderFiles","src/integrations/google-drive/google-drive.sync.ts#fetchSelectedFolderFiles","Engineering Delivery Lead","src/integrations/google-drive/google-drive.sync.ts"
"function:findscopemapping:495f939497","function","implemented","findScopeMapping","src/integrations/google-drive/google-drive.sync.ts#findScopeMapping","Engineering Delivery Lead","src/integrations/google-drive/google-drive.sync.ts"
"function:importgoogledrivefoldersforworkspace:06b7deb86e","function","implemented","importGoogleDriveFoldersForWorkspace","src/integrations/google-drive/google-drive.sync.ts#importGoogleDriveFoldersForWorkspace","Engineering Delivery Lead","src/integrations/google-drive/google-drive.sync.ts"
"function:iscontentrefreshsupported:d518765e7f","function","implemented","isContentRefreshSupported","src/integrations/google-drive/google-drive.sync.ts#isContentRefreshSupported","Engineering Delivery Lead","src/integrations/google-drive/google-drive.sync.ts"
"function:reconcilegoogledrivechangesforworkspace:2a0c44aac5","function","implemented","reconcileGoogleDriveChangesForWorkspace","src/integrations/google-drive/google-drive.sync.ts#reconcileGoogleDriveChangesForWorkspace","Engineering Delivery Lead","src/integrations/google-drive/google-drive.sync.ts"
"function:recordgoogledrivechangeinbox:9ef8dfe270","function","implemented","recordGoogleDriveChangeInbox","src/integrations/google-drive/google-drive.sync.ts#recordGoogleDriveChangeInbox","Engineering Delivery Lead","src/integrations/google-drive/google-drive.sync.ts"
"function:togoogledrivefilecreate:de2b509ea9","function","implemented","toGoogleDriveFileCreate","src/integrations/google-drive/google-drive.sync.ts#toGoogleDriveFileCreate","Engineering Delivery Lead","src/integrations/google-drive/google-drive.sync.ts"
"function:togoogledrivefileupdate:1a64f9435b","function","implemented","toGoogleDriveFileUpdate","src/integrations/google-drive/google-drive.sync.ts#toGoogleDriveFileUpdate","Engineering Delivery Lead","src/integrations/google-drive/google-drive.sync.ts"
"function:uniquenonempty:8a620c15fe","function","implemented","uniqueNonEmpty","src/integrations/google-drive/google-drive.sync.ts#uniqueNonEmpty","Engineering Delivery Lead","src/integrations/google-drive/google-drive.sync.ts"
"function:getclickupsettingsforworkspace:6be6dd9903","function","implemented","getClickUpSettingsForWorkspace","src/integrations/integration-settings.service.ts#getClickUpSettingsForWorkspace","Engineering Delivery Lead","src/integrations/integration-settings.service.ts"
"function:getgoogledrivesettingsforworkspace:e5a1b2716d","function","implemented","getGoogleDriveSettingsForWorkspace","src/integrations/integration-settings.service.ts#getGoogleDriveSettingsForWorkspace","Engineering Delivery Lead","src/integrations/integration-settings.service.ts"
"function:getintegrationsettingforworkspace:d5eb799191","function","implemented","getIntegrationSettingForWorkspace","src/integrations/integration-settings.service.ts#getIntegrationSettingForWorkspace","Engineering Delivery Lead","src/integrations/integration-settings.service.ts"
"function:googledrivesecretstatus:b6b2c9a410","function","implemented","googleDriveSecretStatus","src/integrations/integration-settings.service.ts#googleDriveSecretStatus","Engineering Delivery Lead","src/integrations/integration-settings.service.ts"
"function:parsegoogledriveoauthsecret:de301200ef","function","implemented","parseGoogleDriveOAuthSecret","src/integrations/integration-settings.service.ts#parseGoogleDriveOAuthSecret","Engineering Delivery Lead","src/integrations/integration-settings.service.ts"
"function:tojsoninput:ac03d891ff","function","implemented","toJsonInput","src/integrations/integration-settings.service.ts#toJsonInput","Engineering Delivery Lead","src/integrations/integration-settings.service.ts"
"function:decryptsecret:65d393d288","function","implemented","decryptSecret","src/integrations/secrets.ts#decryptSecret","Engineering Delivery Lead","src/integrations/secrets.ts"
"function:encryptionkey:28d9d8f923","function","implemented","encryptionKey","src/integrations/secrets.ts#encryptionKey","Engineering Delivery Lead","src/integrations/secrets.ts"
"function:encryptsecret:88da38f1ac","function","implemented","encryptSecret","src/integrations/secrets.ts#encryptSecret","Engineering Delivery Lead","src/integrations/secrets.ts"
"function:createmcpmanifest:361bbf50d1","function","implemented","createMcpManifest","src/mcp/manifest.ts#createMcpManifest","Engineering Delivery Lead","src/mcp/manifest.ts"
"function:inputschemaforroute:e8803429d1","function","implemented","inputSchemaForRoute","src/mcp/manifest.ts#inputSchemaForRoute","Engineering Delivery Lead","src/mcp/manifest.ts"
"function:riskforroute:ce07d688a8","function","implemented","riskForRoute","src/mcp/manifest.ts#riskForRoute","Engineering Delivery Lead","src/mcp/manifest.ts"
"function:routedescription:e0adff5248","function","implemented","routeDescription","src/mcp/manifest.ts#routeDescription","Engineering Delivery Lead","src/mcp/manifest.ts"
"function:titleforroute:ff30cd438c","function","implemented","titleForRoute","src/mcp/manifest.ts#titleForRoute","Engineering Delivery Lead","src/mcp/manifest.ts"
"function:toolnameforroute:5048a776ce","function","implemented","toolNameForRoute","src/mcp/manifest.ts#toolNameForRoute","Engineering Delivery Lead","src/mcp/manifest.ts"
"function:apierrorbody:db0372cad3","function","implemented","apiErrorBody","src/middleware/api-error.ts#apiErrorBody","Engineering Delivery Lead","src/middleware/api-error.ts"
"function:sendapierror:c13f045bed","function","implemented","sendApiError","src/middleware/api-error.ts#sendApiError","Engineering Delivery Lead","src/middleware/api-error.ts"
"function:asynchandler:9406b5b44e","function","implemented","asyncHandler","src/middleware/async-handler.ts#asyncHandler","Engineering Delivery Lead","src/middleware/async-handler.ts"
"function:errorhandler:12d2da5377","function","implemented","errorHandler","src/middleware/error-handler.ts#errorHandler","Engineering Delivery Lead","src/middleware/error-handler.ts"
"function:clientkey:885f7d5c51","function","implemented","clientKey","src/middleware/security.ts#clientKey","Engineering Delivery Lead","src/middleware/security.ts"
"function:createratelimiter:91c32d0a3b","function","implemented","createRateLimiter","src/middleware/security.ts#createRateLimiter","Engineering Delivery Lead","src/middleware/security.ts"
"function:requestcontext:454fe7570d","function","implemented","requestContext","src/middleware/security.ts#requestContext","Engineering Delivery Lead","src/middleware/security.ts"
"function:securityheaders:773315480f","function","implemented","securityHeaders","src/middleware/security.ts#securityHeaders","Engineering Delivery Lead","src/middleware/security.ts"
"function:requireowner:e8238c156e","function","implemented","requireOwner","src/modules/api-keys/api-keys.routes.ts#requireOwner","Engineering Delivery Lead","src/modules/api-keys/api-keys.routes.ts"
"function:safeapikey:9c80c1972f","function","implemented","safeApiKey","src/modules/api-keys/api-keys.routes.ts#safeApiKey","Engineering Delivery Lead","src/modules/api-keys/api-keys.routes.ts"
"function:blockedassetsactions:5d4f65fd94","function","implemented","blockedAssetsActions","src/modules/assets/assets.routes.ts#blockedAssetsActions","Engineering Delivery Lead","src/modules/assets/assets.routes.ts"
"function:canonicaldepartmentmetadata:4a957f6626","function","implemented","canonicalDepartmentMetadata","src/modules/assets/assets.routes.ts#canonicalDepartmentMetadata","Engineering Delivery Lead","src/modules/assets/assets.routes.ts"
"function:descendantexternalids:da16083249","function","implemented","descendantExternalIds","src/modules/assets/assets.routes.ts#descendantExternalIds","Engineering Delivery Lead","src/modules/assets/assets.routes.ts"
"function:drivefolderscoperoot:70fc64129a","function","implemented","driveFolderScopeRoot","src/modules/assets/assets.routes.ts#driveFolderScopeRoot","Engineering Delivery Lead","src/modules/assets/assets.routes.ts"
"function:driveresourcetype:653f6d7d65","function","implemented","driveResourceType","src/modules/assets/assets.routes.ts#driveResourceType","Engineering Delivery Lead","src/modules/assets/assets.routes.ts"
"function:folderresponse:7471ac56b7","function","implemented","folderResponse","src/modules/assets/assets.routes.ts#folderResponse","Engineering Delivery Lead","src/modules/assets/assets.routes.ts"
"function:managedparentfolder:b7d4ded994","function","implemented","managedParentFolder","src/modules/assets/assets.routes.ts#managedParentFolder","Engineering Delivery Lead","src/modules/assets/assets.routes.ts"
"function:metadatarecord:cd8aab2827","function","implemented","metadataRecord","src/modules/assets/assets.routes.ts#metadataRecord","Engineering Delivery Lead","src/modules/assets/assets.routes.ts"
"function:normalizeresourcetype:2026fc30c7","function","implemented","normalizeResourceType","src/modules/assets/assets.routes.ts#normalizeResourceType","Engineering Delivery Lead","src/modules/assets/assets.routes.ts"
"function:readinessfordrivefile:b5799ec774","function","implemented","readinessForDriveFile","src/modules/assets/assets.routes.ts#readinessForDriveFile","Engineering Delivery Lead","src/modules/assets/assets.routes.ts"
"function:readinessforresource:372acf8d64","function","implemented","readinessForResource","src/modules/assets/assets.routes.ts#readinessForResource","Engineering Delivery Lead","src/modules/assets/assets.routes.ts"
"function:snapshotpreview:be8d41c9b6","function","implemented","snapshotPreview","src/modules/assets/assets.routes.ts#snapshotPreview","Engineering Delivery Lead","src/modules/assets/assets.routes.ts"
"function:textmetadata:5a77d2db20","function","implemented","textMetadata","src/modules/assets/assets.routes.ts#textMetadata","Engineering Delivery Lead","src/modules/assets/assets.routes.ts"
"function:updaterootscopemapping:8a26879a51","function","implemented","updateRootScopeMapping","src/modules/assets/assets.routes.ts#updateRootScopeMapping","Engineering Delivery Lead","src/modules/assets/assets.routes.ts"
"function:withcanonicaldepartmentmetadata:9506a0fb41","function","implemented","withCanonicalDepartmentMetadata","src/modules/assets/assets.routes.ts#withCanonicalDepartmentMetadata","Engineering Delivery Lead","src/modules/assets/assets.routes.ts"
"function:blockedactions:67021594aa","function","implemented","blockedActions","src/modules/commercial-exceptions/commercial-exceptions.routes.ts#blockedActions","Engineering Delivery Lead","src/modules/commercial-exceptions/commercial-exceptions.routes.ts"
"function:buildcommercialexceptionscontext:3974c445c6","function","implemented","buildCommercialExceptionsContext","src/modules/commercial-exceptions/commercial-exceptions.routes.ts#buildCommercialExceptionsContext","Engineering Delivery Lead","src/modules/commercial-exceptions/commercial-exceptions.routes.ts"
"function:commercialexception:6bbcb871ee","function","implemented","commercialException","src/modules/commercial-exceptions/commercial-exceptions.routes.ts#commercialException","Engineering Delivery Lead","src/modules/commercial-exceptions/commercial-exceptions.routes.ts"
"function:compareexceptions:b9adf3f318","function","implemented","compareExceptions","src/modules/commercial-exceptions/commercial-exceptions.routes.ts#compareExceptions","Engineering Delivery Lead","src/modules/commercial-exceptions/commercial-exceptions.routes.ts"
"function:decimaltonumber:14ed0cf02d","function","implemented","decimalToNumber","src/modules/commercial-exceptions/commercial-exceptions.routes.ts#decimalToNumber","Engineering Delivery Lead","src/modules/commercial-exceptions/commercial-exceptions.routes.ts"
"function:hascommercialterm:e3250c6b62","function","implemented","hasCommercialTerm","src/modules/commercial-exceptions/commercial-exceptions.routes.ts#hasCommercialTerm","Engineering Delivery Lead","src/modules/commercial-exceptions/commercial-exceptions.routes.ts"
"function:inferdiscountpercent:851b0e5d4b","function","implemented","inferDiscountPercent","src/modules/commercial-exceptions/commercial-exceptions.routes.ts#inferDiscountPercent","Engineering Delivery Lead","src/modules/commercial-exceptions/commercial-exceptions.routes.ts"
"function:inferexceptiontype:41be25bdf4","function","implemented","inferExceptionType","src/modules/commercial-exceptions/commercial-exceptions.routes.ts#inferExceptionType","Engineering Delivery Lead","src/modules/commercial-exceptions/commercial-exceptions.routes.ts"
"function:inferreasoncategory:67a2c29ecb","function","implemented","inferReasonCategory","src/modules/commercial-exceptions/commercial-exceptions.routes.ts#inferReasonCategory","Engineering Delivery Lead","src/modules/commercial-exceptions/commercial-exceptions.routes.ts"
"function:inferrisk:a8372e3298","function","implemented","inferRisk","src/modules/commercial-exceptions/commercial-exceptions.routes.ts#inferRisk","Engineering Delivery Lead","src/modules/commercial-exceptions/commercial-exceptions.routes.ts"
"function:invoicereadiness:5a3d8accc4","function","implemented","invoiceReadiness","src/modules/commercial-exceptions/commercial-exceptions.routes.ts#invoiceReadiness","Engineering Delivery Lead","src/modules/commercial-exceptions/commercial-exceptions.routes.ts"
"function:normalizestatus:d3ba450a02","function","implemented","normalizeStatus","src/modules/commercial-exceptions/commercial-exceptions.routes.ts#normalizeStatus","Engineering Delivery Lead","src/modules/commercial-exceptions/commercial-exceptions.routes.ts"
"function:resourceidif:9acf6300a3","function","implemented","resourceIdIf","src/modules/commercial-exceptions/commercial-exceptions.routes.ts#resourceIdIf","Engineering Delivery Lead","src/modules/commercial-exceptions/commercial-exceptions.routes.ts"
"function:riskflagsfor:d73582c482","function","implemented","riskFlagsFor","src/modules/commercial-exceptions/commercial-exceptions.routes.ts#riskFlagsFor","Engineering Delivery Lead","src/modules/commercial-exceptions/commercial-exceptions.routes.ts"
"function:riskfromflags:684ae37df0","function","implemented","riskFromFlags","src/modules/commercial-exceptions/commercial-exceptions.routes.ts#riskFromFlags","Engineering Delivery Lead","src/modules/commercial-exceptions/commercial-exceptions.routes.ts"
"function:riskrank:169965e34d","function","implemented","riskRank","src/modules/commercial-exceptions/commercial-exceptions.routes.ts#riskRank","Engineering Delivery Lead","src/modules/commercial-exceptions/commercial-exceptions.routes.ts"
"function:roundmoney:6dd4b57ea7","function","implemented","roundMoney","src/modules/commercial-exceptions/commercial-exceptions.routes.ts#roundMoney","Engineering Delivery Lead","src/modules/commercial-exceptions/commercial-exceptions.routes.ts"
"function:sourceconflicts:610457cf28","function","implemented","sourceConflicts","src/modules/commercial-exceptions/commercial-exceptions.routes.ts#sourceConflicts","Engineering Delivery Lead","src/modules/commercial-exceptions/commercial-exceptions.routes.ts"
"function:statusfromapproval:78436e2039","function","implemented","statusFromApproval","src/modules/commercial-exceptions/commercial-exceptions.routes.ts#statusFromApproval","Engineering Delivery Lead","src/modules/commercial-exceptions/commercial-exceptions.routes.ts"
"function:statusrank:d4b6298603","function","implemented","statusRank","src/modules/commercial-exceptions/commercial-exceptions.routes.ts#statusRank","Engineering Delivery Lead","src/modules/commercial-exceptions/commercial-exceptions.routes.ts"
"function:stringifysummary:9a10856a60","function","implemented","stringifySummary","src/modules/commercial-exceptions/commercial-exceptions.routes.ts#stringifySummary","Engineering Delivery Lead","src/modules/commercial-exceptions/commercial-exceptions.routes.ts"
"function:summarize:22c8091b95","function","implemented","summarize","src/modules/commercial-exceptions/commercial-exceptions.routes.ts#summarize","Engineering Delivery Lead","src/modules/commercial-exceptions/commercial-exceptions.routes.ts"
"function:appendstagelog:d4dd25a765","function","implemented","appendStageLog","src/modules/company-os/company-os.routes.ts#appendStageLog","Engineering Delivery Lead","src/modules/company-os/company-os.routes.ts"
"function:asinputjson:e54403e62f","function","implemented","asInputJson","src/modules/company-os/company-os.routes.ts#asInputJson","Engineering Delivery Lead","src/modules/company-os/company-os.routes.ts"
"function:asjsonarray:424d11fd64","function","implemented","asJsonArray","src/modules/company-os/company-os.routes.ts#asJsonArray","Engineering Delivery Lead","src/modules/company-os/company-os.routes.ts"
"function:asjsonobject:f18ebd4907","function","implemented","asJsonObject","src/modules/company-os/company-os.routes.ts#asJsonObject","Engineering Delivery Lead","src/modules/company-os/company-os.routes.ts"
"function:authactor:8976974c1d","function","implemented","authActor","src/modules/company-os/company-os.routes.ts#authActor","Engineering Delivery Lead","src/modules/company-os/company-os.routes.ts"
"function:automationactionkind:905d03f1f4","function","implemented","automationActionKind","src/modules/company-os/company-os.routes.ts#automationActionKind","Engineering Delivery Lead","src/modules/company-os/company-os.routes.ts"
"function:automationconditionmatches:8122d89970","function","implemented","automationConditionMatches","src/modules/company-os/company-os.routes.ts#automationConditionMatches","Engineering Delivery Lead","src/modules/company-os/company-os.routes.ts"
"function:automationevidencematches:23cdee9c07","function","implemented","automationEvidenceMatches","src/modules/company-os/company-os.routes.ts#automationEvidenceMatches","Engineering Delivery Lead","src/modules/company-os/company-os.routes.ts"
"function:blockstagecommand:cfff75dbb0","function","implemented","blockStageCommand","src/modules/company-os/company-os.routes.ts#blockStageCommand","Engineering Delivery Lead","src/modules/company-os/company-os.routes.ts"
"function:commanderror:9a536e4aa4","function","implemented","commandError","src/modules/company-os/company-os.routes.ts#commandError","Engineering Delivery Lead","src/modules/company-os/company-os.routes.ts"
"function:completestagecommand:12258dcc79","function","implemented","completeStageCommand","src/modules/company-os/company-os.routes.ts#completeStageCommand","Engineering Delivery Lead","src/modules/company-os/company-os.routes.ts"
"function:countgroup:f3a80e918c","function","implemented","countGroup","src/modules/company-os/company-os.routes.ts#countGroup","Engineering Delivery Lead","src/modules/company-os/company-os.routes.ts"
"function:createautomationproposal:533d38d4a8","function","implemented","createAutomationProposal","src/modules/company-os/company-os.routes.ts#createAutomationProposal","Engineering Delivery Lead","src/modules/company-os/company-os.routes.ts"
"function:createdefinitionevidence:0296e76ec3","function","implemented","createDefinitionEvidence","src/modules/company-os/company-os.routes.ts#createDefinitionEvidence","Engineering Delivery Lead","src/modules/company-os/company-os.routes.ts"
"function:createstagelifecycleevidence:f8cd7b111c","function","implemented","createStageLifecycleEvidence","src/modules/company-os/company-os.routes.ts#createStageLifecycleEvidence","Engineering Delivery Lead","src/modules/company-os/company-os.routes.ts"
"function:executeautomationlifecycleproposal:8dc4f993ec","function","implemented","executeAutomationLifecycleProposal","src/modules/company-os/company-os.routes.ts#executeAutomationLifecycleProposal","Engineering Delivery Lead","src/modules/company-os/company-os.routes.ts"
"function:getapprovedapproval:0a19e07147","function","implemented","getApprovedApproval","src/modules/company-os/company-os.routes.ts#getApprovedApproval","Engineering Delivery Lead","src/modules/company-os/company-os.routes.ts"
"function:iscommanderror:53dd7b2ce3","function","implemented","isCommandError","src/modules/company-os/company-os.routes.ts#isCommandError","Engineering Delivery Lead","src/modules/company-os/company-os.routes.ts"
"function:isstagelifecycleaction:ea01b70b73","function","implemented","isStageLifecycleAction","src/modules/company-os/company-os.routes.ts#isStageLifecycleAction","Engineering Delivery Lead","src/modules/company-os/company-os.routes.ts"
"function:lifecyclepayloaderror:d64f9d199a","function","implemented","lifecyclePayloadError","src/modules/company-os/company-os.routes.ts#lifecyclePayloadError","Engineering Delivery Lead","src/modules/company-os/company-os.routes.ts"
"function:optionalstring:e63128f92c","function","implemented","optionalString","src/modules/company-os/company-os.routes.ts#optionalString","Engineering Delivery Lead","src/modules/company-os/company-os.routes.ts"
"function:risklevelfromaction:8c65433810","function","implemented","riskLevelFromAction","src/modules/company-os/company-os.routes.ts#riskLevelFromAction","Engineering Delivery Lead","src/modules/company-os/company-os.routes.ts"
"function:stagerequiresapproval:0660d04948","function","implemented","stageRequiresApproval","src/modules/company-os/company-os.routes.ts#stageRequiresApproval","Engineering Delivery Lead","src/modules/company-os/company-os.routes.ts"
"function:startstagecommand:1596e2cc6e","function","implemented","startStageCommand","src/modules/company-os/company-os.routes.ts#startStageCommand","Engineering Delivery Lead","src/modules/company-os/company-os.routes.ts"
"function:validatestagecommand:63e0dbf669","function","implemented","validateStageCommand","src/modules/company-os/company-os.routes.ts#validateStageCommand","Engineering Delivery Lead","src/modules/company-os/company-os.routes.ts"
"function:valueatpath:091e02a53c","function","implemented","valueAtPath","src/modules/company-os/company-os.routes.ts#valueAtPath","Engineering Delivery Lead","src/modules/company-os/company-os.routes.ts"
"function:valuesequal:a12672bd81","function","implemented","valuesEqual","src/modules/company-os/company-os.routes.ts#valuesEqual","Engineering Delivery Lead","src/modules/company-os/company-os.routes.ts"
"function:workspacewhere:88a0918b28","function","implemented","workspaceWhere","src/modules/company-os/company-os.routes.ts#workspaceWhere","Engineering Delivery Lead","src/modules/company-os/company-os.routes.ts"
"function:activatepipelinedraft:d3abd553b3","function","implemented","activatePipelineDraft","src/modules/company-os/workflow-definition-drafts.routes.ts#activatePipelineDraft","Engineering Delivery Lead","src/modules/company-os/workflow-definition-drafts.routes.ts"
"function:activateproceduredraft:357b12eee0","function","implemented","activateProcedureDraft","src/modules/company-os/workflow-definition-drafts.routes.ts#activateProcedureDraft","Engineering Delivery Lead","src/modules/company-os/workflow-definition-drafts.routes.ts"
"function:activateprocessdraft:0cbbfcaaa7","function","implemented","activateProcessDraft","src/modules/company-os/workflow-definition-drafts.routes.ts#activateProcessDraft","Engineering Delivery Lead","src/modules/company-os/workflow-definition-drafts.routes.ts"
"function:archiveworkflowdefinitionrootversion:ddb2e69f1a","function","implemented","archiveWorkflowDefinitionRootVersion","src/modules/company-os/workflow-definition-drafts.routes.ts#archiveWorkflowDefinitionRootVersion","Engineering Delivery Lead","src/modules/company-os/workflow-definition-drafts.routes.ts"
"function:asjson:7c381c75e2","function","implemented","asJson","src/modules/company-os/workflow-definition-drafts.routes.ts#asJson","Engineering Delivery Lead","src/modules/company-os/workflow-definition-drafts.routes.ts"
"function:authactor:8f0ce27a64","function","implemented","authActor","src/modules/company-os/workflow-definition-drafts.routes.ts#authActor","Engineering Delivery Lead","src/modules/company-os/workflow-definition-drafts.routes.ts"
"function:buildrollbackchangeset:763fec4b9d","function","implemented","buildRollbackChangeSet","src/modules/company-os/workflow-definition-drafts.routes.ts#buildRollbackChangeSet","Engineering Delivery Lead","src/modules/company-os/workflow-definition-drafts.routes.ts"
"function:buildworkflowdefinitionimpactpreview:67b054573e","function","implemented","buildWorkflowDefinitionImpactPreview","src/modules/company-os/workflow-definition-drafts.routes.ts#buildWorkflowDefinitionImpactPreview","Engineering Delivery Lead","src/modules/company-os/workflow-definition-drafts.routes.ts"
"function:changedfields:68979074e3","function","implemented","changedFields","src/modules/company-os/workflow-definition-drafts.routes.ts#changedFields","Engineering Delivery Lead","src/modules/company-os/workflow-definition-drafts.routes.ts"
"function:countactiveruntimedependencies:04e28e4421","function","implemented","countActiveRuntimeDependencies","src/modules/company-os/workflow-definition-drafts.routes.ts#countActiveRuntimeDependencies","Engineering Delivery Lead","src/modules/company-os/workflow-definition-drafts.routes.ts"
"function:countsql:5f140fb7a1","function","implemented","countSql","src/modules/company-os/workflow-definition-drafts.routes.ts#countSql","Engineering Delivery Lead","src/modules/company-os/workflow-definition-drafts.routes.ts"
"function:createdefinitionevidence:8fa1ab916a","function","implemented","createDefinitionEvidence","src/modules/company-os/workflow-definition-drafts.routes.ts#createDefinitionEvidence","Engineering Delivery Lead","src/modules/company-os/workflow-definition-drafts.routes.ts"
"function:findarchiveevidencebyidempotencykey:872dec64a2","function","implemented","findArchiveEvidenceByIdempotencyKey","src/modules/company-os/workflow-definition-drafts.routes.ts#findArchiveEvidenceByIdempotencyKey","Engineering Delivery Lead","src/modules/company-os/workflow-definition-drafts.routes.ts"
"function:findworkflowdefinitiondraft:3726233881","function","implemented","findWorkflowDefinitionDraft","src/modules/company-os/workflow-definition-drafts.routes.ts#findWorkflowDefinitionDraft","Engineering Delivery Lead","src/modules/company-os/workflow-definition-drafts.routes.ts"
"function:findworkflowdefinitiondraftbyidempotencykey:e8c854b2ba","function","implemented","findWorkflowDefinitionDraftByIdempotencyKey","src/modules/company-os/workflow-definition-drafts.routes.ts#findWorkflowDefinitionDraftByIdempotencyKey","Engineering Delivery Lead","src/modules/company-os/workflow-definition-drafts.routes.ts"
"function:finishactivation:b21f748cc5","function","implemented","finishActivation","src/modules/company-os/workflow-definition-drafts.routes.ts#finishActivation","Engineering Delivery Lead","src/modules/company-os/workflow-definition-drafts.routes.ts"
"function:hasduplicatename:e02538366b","function","implemented","hasDuplicateName","src/modules/company-os/workflow-definition-drafts.routes.ts#hasDuplicateName","Engineering Delivery Lead","src/modules/company-os/workflow-definition-drafts.routes.ts"
"function:insertpipelinestage:9b11bee852","function","implemented","insertPipelineStage","src/modules/company-os/workflow-definition-drafts.routes.ts#insertPipelineStage","Engineering Delivery Lead","src/modules/company-os/workflow-definition-drafts.routes.ts"
"function:insertprocedurestep:7ae2928b97","function","implemented","insertProcedureStep","src/modules/company-os/workflow-definition-drafts.routes.ts#insertProcedureStep","Engineering Delivery Lead","src/modules/company-os/workflow-definition-drafts.routes.ts"
"function:listworkflowdefinitiondrafts:87f7a9fe96","function","implemented","listWorkflowDefinitionDrafts","src/modules/company-os/workflow-definition-drafts.routes.ts#listWorkflowDefinitionDrafts","Engineering Delivery Lead","src/modules/company-os/workflow-definition-drafts.routes.ts"
"function:loadactiveworkflowdefinitionrootbyfamily:ad67c43ae3","function","implemented","loadActiveWorkflowDefinitionRootByFamily","src/modules/company-os/workflow-definition-drafts.routes.ts#loadActiveWorkflowDefinitionRootByFamily","Engineering Delivery Lead","src/modules/company-os/workflow-definition-drafts.routes.ts"
"function:loadpipelinestages:5e29c96647","function","implemented","loadPipelineStages","src/modules/company-os/workflow-definition-drafts.routes.ts#loadPipelineStages","Engineering Delivery Lead","src/modules/company-os/workflow-definition-drafts.routes.ts"
"function:loadproceduresteps:f581ce378c","function","implemented","loadProcedureSteps","src/modules/company-os/workflow-definition-drafts.routes.ts#loadProcedureSteps","Engineering Delivery Lead","src/modules/company-os/workflow-definition-drafts.routes.ts"
"function:loadworkflowdefinitionroot:a2bb2332fc","function","implemented","loadWorkflowDefinitionRoot","src/modules/company-os/workflow-definition-drafts.routes.ts#loadWorkflowDefinitionRoot","Engineering Delivery Lead","src/modules/company-os/workflow-definition-drafts.routes.ts"
"function:normalizepipelinestages:0e92264484","function","implemented","normalizePipelineStages","src/modules/company-os/workflow-definition-drafts.routes.ts#normalizePipelineStages","Engineering Delivery Lead","src/modules/company-os/workflow-definition-drafts.routes.ts"
"function:normalizeproceduresteps:9cc05311da","function","implemented","normalizeProcedureSteps","src/modules/company-os/workflow-definition-drafts.routes.ts#normalizeProcedureSteps","Engineering Delivery Lead","src/modules/company-os/workflow-definition-drafts.routes.ts"
"function:serializeworkflowdefinitiondraft:574d5cd89e","function","implemented","serializeWorkflowDefinitionDraft","src/modules/company-os/workflow-definition-drafts.routes.ts#serializeWorkflowDefinitionDraft","Engineering Delivery Lead","src/modules/company-os/workflow-definition-drafts.routes.ts"
"function:tocount:34cac5f961","function","implemented","toCount","src/modules/company-os/workflow-definition-drafts.routes.ts#toCount","Engineering Delivery Lead","src/modules/company-os/workflow-definition-drafts.routes.ts"
"function:validatedraftapproval:59c3002760","function","implemented","validateDraftApproval","src/modules/company-os/workflow-definition-drafts.routes.ts#validateDraftApproval","Engineering Delivery Lead","src/modules/company-os/workflow-definition-drafts.routes.ts"
"function:validateworkspacerelation:d7511e187f","function","implemented","validateWorkspaceRelation","src/modules/company-os/workflow-definition-drafts.routes.ts#validateWorkspaceRelation","Engineering Delivery Lead","src/modules/company-os/workflow-definition-drafts.routes.ts"
"function:coercecount:f105944c04","function","implemented","coerceCount","src/modules/dashboard/dashboard.routes.ts#coerceCount","Engineering Delivery Lead","src/modules/dashboard/dashboard.routes.ts"
"function:pickhealth:97c44d9ddb","function","implemented","pickHealth","src/modules/dashboard/dashboard.routes.ts#pickHealth","Engineering Delivery Lead","src/modules/dashboard/dashboard.routes.ts"
"function:riskrank:b7e74a6224","function","implemented","riskRank","src/modules/dashboard/dashboard.routes.ts#riskRank","Engineering Delivery Lead","src/modules/dashboard/dashboard.routes.ts"
"function:startoftoday:6c9c4ddbb2","function","implemented","startOfToday","src/modules/dashboard/dashboard.routes.ts#startOfToday","Engineering Delivery Lead","src/modules/dashboard/dashboard.routes.ts"
"function:startoftomorrow:8692cea6c0","function","implemented","startOfTomorrow","src/modules/dashboard/dashboard.routes.ts#startOfTomorrow","Engineering Delivery Lead","src/modules/dashboard/dashboard.routes.ts"
"function:sumcounts:369b91fee6","function","implemented","sumCounts","src/modules/dashboard/dashboard.routes.ts#sumCounts","Engineering Delivery Lead","src/modules/dashboard/dashboard.routes.ts"
"function:dealrelationsarevisible:d6993bac01","function","implemented","dealRelationsAreVisible","src/modules/deals/deals.routes.ts#dealRelationsAreVisible","Engineering Delivery Lead","src/modules/deals/deals.routes.ts"
"function:projectisvisible:1cbf835390","function","implemented","projectIsVisible","src/modules/decisions/decisions.routes.ts#projectIsVisible","Engineering Delivery Lead","src/modules/decisions/decisions.routes.ts"
"function:ensuredefaultdepartments:54f314c225","function","implemented","ensureDefaultDepartments","src/modules/departments/departments.routes.ts#ensureDefaultDepartments","Engineering Delivery Lead","src/modules/departments/departments.routes.ts"
"function:linkedviews:7b5e455d14","function","implemented","linkedViews","src/modules/departments/departments.routes.ts#linkedViews","Engineering Delivery Lead","src/modules/departments/departments.routes.ts"
"function:serializedepartment:e5f983560b","function","implemented","serializeDepartment","src/modules/departments/departments.routes.ts#serializeDepartment","Engineering Delivery Lead","src/modules/departments/departments.routes.ts"
"function:uniquedepartmentkey:20b6b07163","function","implemented","uniqueDepartmentKey","src/modules/departments/departments.routes.ts#uniqueDepartmentKey","Engineering Delivery Lead","src/modules/departments/departments.routes.ts"
"function:validlinkedviewsorerror:95f04010ee","function","implemented","validLinkedViewsOrError","src/modules/departments/departments.routes.ts#validLinkedViewsOrError","Engineering Delivery Lead","src/modules/departments/departments.routes.ts"
"function:viewsummaries:39118c6648","function","implemented","viewSummaries","src/modules/departments/departments.routes.ts#viewSummaries","Engineering Delivery Lead","src/modules/departments/departments.routes.ts"
"function:createevent:9e78f34625","function","implemented","createEvent","src/modules/events/event.service.ts#createEvent","Engineering Delivery Lead","src/modules/events/event.service.ts"
"function:blockedfinanceactions:b37a4afa3b","function","implemented","blockedFinanceActions","src/modules/finance/finance.routes.ts#blockedFinanceActions","Engineering Delivery Lead","src/modules/finance/finance.routes.ts"
"function:decimaltonumber:626630e9a0","function","implemented","decimalToNumber","src/modules/finance/finance.routes.ts#decimalToNumber","Engineering Delivery Lead","src/modules/finance/finance.routes.ts"
"function:invoicereadinessforexception:c32e7395dd","function","implemented","invoiceReadinessForException","src/modules/finance/finance.routes.ts#invoiceReadinessForException","Engineering Delivery Lead","src/modules/finance/finance.routes.ts"
"function:invoicereadinessforvaluation:c21079e28a","function","implemented","invoiceReadinessForValuation","src/modules/finance/finance.routes.ts#invoiceReadinessForValuation","Engineering Delivery Lead","src/modules/finance/finance.routes.ts"
"function:sourceconflictsfor:040d521573","function","implemented","sourceConflictsFor","src/modules/finance/finance.routes.ts#sourceConflictsFor","Engineering Delivery Lead","src/modules/finance/finance.routes.ts"
"function:workvaluationfordeal:c99068548d","function","implemented","workValuationForDeal","src/modules/finance/finance.routes.ts#workValuationForDeal","Engineering Delivery Lead","src/modules/finance/finance.routes.ts"
"function:processisvisible:f1dcaef541","function","implemented","processIsVisible","src/modules/goals/goals.routes.ts#processIsVisible","Engineering Delivery Lead","src/modules/goals/goals.routes.ts"
"function:projectisvisible:89c2de9aec","function","implemented","projectIsVisible","src/modules/goals/goals.routes.ts#projectIsVisible","Engineering Delivery Lead","src/modules/goals/goals.routes.ts"
"function:asinputjson:85c70a4343","function","implemented","asInputJson","src/modules/intake/intake.routes.ts#asInputJson","Engineering Delivery Lead","src/modules/intake/intake.routes.ts"
"function:asrecord:ce3072ac9b","function","implemented","asRecord","src/modules/intake/intake.routes.ts#asRecord","Engineering Delivery Lead","src/modules/intake/intake.routes.ts"
"function:authactor:b3f790a259","function","implemented","authActor","src/modules/intake/intake.routes.ts#authActor","Engineering Delivery Lead","src/modules/intake/intake.routes.ts"
"function:compareintakeitems:7e5b098020","function","implemented","compareIntakeItems","src/modules/intake/intake.routes.ts#compareIntakeItems","Engineering Delivery Lead","src/modules/intake/intake.routes.ts"
"function:findintakesource:b8473435f2","function","implemented","findIntakeSource","src/modules/intake/intake.routes.ts#findIntakeSource","Engineering Delivery Lead","src/modules/intake/intake.routes.ts"
"function:firstby:9180ebf456","function","implemented","firstBy","src/modules/intake/intake.routes.ts#firstBy","Engineering Delivery Lead","src/modules/intake/intake.routes.ts"
"function:inferdepartment:b8f1a75989","function","implemented","inferDepartment","src/modules/intake/intake.routes.ts#inferDepartment","Engineering Delivery Lead","src/modules/intake/intake.routes.ts"
"function:inferrisk:3a87c695e4","function","implemented","inferRisk","src/modules/intake/intake.routes.ts#inferRisk","Engineering Delivery Lead","src/modules/intake/intake.routes.ts"
"function:item:719cc3c739","function","implemented","item","src/modules/intake/intake.routes.ts#item","Engineering Delivery Lead","src/modules/intake/intake.routes.ts"
"function:readabletitle:792f5a156e","function","implemented","readableTitle","src/modules/intake/intake.routes.ts#readableTitle","Engineering Delivery Lead","src/modules/intake/intake.routes.ts"
"function:riskrank:4d32905580","function","implemented","riskRank","src/modules/intake/intake.routes.ts#riskRank","Engineering Delivery Lead","src/modules/intake/intake.routes.ts"
"function:routeproposalblockedactions:92dfdaeebf","function","implemented","routeProposalBlockedActions","src/modules/intake/intake.routes.ts#routeProposalBlockedActions","Engineering Delivery Lead","src/modules/intake/intake.routes.ts"
"function:routeproposalexternalid:4e8eb70c9d","function","implemented","routeProposalExternalId","src/modules/intake/intake.routes.ts#routeProposalExternalId","Engineering Delivery Lead","src/modules/intake/intake.routes.ts"
"function:routeproposalinputfromaudit:d36ee50943","function","implemented","routeProposalInputFromAudit","src/modules/intake/intake.routes.ts#routeProposalInputFromAudit","Engineering Delivery Lead","src/modules/intake/intake.routes.ts"
"function:routeproposalreadbackresponse:f12cc0cf15","function","implemented","routeProposalReadbackResponse","src/modules/intake/intake.routes.ts#routeProposalReadbackResponse","Engineering Delivery Lead","src/modules/intake/intake.routes.ts"
"function:routeproposalresponse:040b824004","function","implemented","routeProposalResponse","src/modules/intake/intake.routes.ts#routeProposalResponse","Engineering Delivery Lead","src/modules/intake/intake.routes.ts"
"function:searchable:d90628a528","function","implemented","searchable","src/modules/intake/intake.routes.ts#searchable","Engineering Delivery Lead","src/modules/intake/intake.routes.ts"
"function:sourcetitle:5a920d2220","function","implemented","sourceTitle","src/modules/intake/intake.routes.ts#sourceTitle","Engineering Delivery Lead","src/modules/intake/intake.routes.ts"
"function:statusrank:2b9fb822fc","function","implemented","statusRank","src/modules/intake/intake.routes.ts#statusRank","Engineering Delivery Lead","src/modules/intake/intake.routes.ts"
"function:stringifysummary:750830704f","function","implemented","stringifySummary","src/modules/intake/intake.routes.ts#stringifySummary","Engineering Delivery Lead","src/modules/intake/intake.routes.ts"
"function:summarize:8bbf451586","function","implemented","summarize","src/modules/intake/intake.routes.ts#summarize","Engineering Delivery Lead","src/modules/intake/intake.routes.ts"
"function:summarizerouteproposals:715f9445ff","function","implemented","summarizeRouteProposals","src/modules/intake/intake.routes.ts#summarizeRouteProposals","Engineering Delivery Lead","src/modules/intake/intake.routes.ts"
"function:comparefolders:a07008fa99","function","implemented","compareFolders","src/modules/integration-settings/integration-settings.routes.ts#compareFolders","Engineering Delivery Lead","src/modules/integration-settings/integration-settings.routes.ts"
"function:mergegoogledrivesecret:3382200622","function","implemented","mergeGoogleDriveSecret","src/modules/integration-settings/integration-settings.routes.ts#mergeGoogleDriveSecret","Engineering Delivery Lead","src/modules/integration-settings/integration-settings.routes.ts"
"function:safeintegrationsetting:b59e0a179f","function","implemented","safeIntegrationSetting","src/modules/integration-settings/integration-settings.routes.ts#safeIntegrationSetting","Engineering Delivery Lead","src/modules/integration-settings/integration-settings.routes.ts"
"function:clientisvisible:40e9ca5bc5","function","implemented","clientIsVisible","src/modules/interactions/interactions.routes.ts#clientIsVisible","Engineering Delivery Lead","src/modules/interactions/interactions.routes.ts"
"function:noterelationsarevisible:2715eaf863","function","implemented","noteRelationsAreVisible","src/modules/notes/notes.routes.ts#noteRelationsAreVisible","Engineering Delivery Lead","src/modules/notes/notes.routes.ts"
"function:actionhint:a266c942cf","function","implemented","actionHint","src/modules/operating-graph/operating-graph.routes.ts#actionHint","Engineering Delivery Lead","src/modules/operating-graph/operating-graph.routes.ts"
"function:addedge:657e1da944","function","implemented","addEdge","src/modules/operating-graph/operating-graph.routes.ts#addEdge","Engineering Delivery Lead","src/modules/operating-graph/operating-graph.routes.ts"
"function:addnode:71f5085789","function","implemented","addNode","src/modules/operating-graph/operating-graph.routes.ts#addNode","Engineering Delivery Lead","src/modules/operating-graph/operating-graph.routes.ts"
"function:asstringarray:992c75eb4c","function","implemented","asStringArray","src/modules/operating-graph/operating-graph.routes.ts#asStringArray","Engineering Delivery Lead","src/modules/operating-graph/operating-graph.routes.ts"
"function:evidence:83a8319f51","function","implemented","evidence","src/modules/operating-graph/operating-graph.routes.ts#evidence","Engineering Delivery Lead","src/modules/operating-graph/operating-graph.routes.ts"
"function:graphid:a5cc49bc69","function","implemented","graphId","src/modules/operating-graph/operating-graph.routes.ts#graphId","Engineering Delivery Lead","src/modules/operating-graph/operating-graph.routes.ts"
"function:linktargetgraphid:584b104e93","function","implemented","linkTargetGraphId","src/modules/operating-graph/operating-graph.routes.ts#linkTargetGraphId","Engineering Delivery Lead","src/modules/operating-graph/operating-graph.routes.ts"
"function:matchesareatext:e1f9e6a65d","function","implemented","matchesAreaText","src/modules/operating-graph/operating-graph.routes.ts#matchesAreaText","Engineering Delivery Lead","src/modules/operating-graph/operating-graph.routes.ts"
"function:safetext:3b81081be1","function","implemented","safeText","src/modules/operating-graph/operating-graph.routes.ts#safeText","Engineering Delivery Lead","src/modules/operating-graph/operating-graph.routes.ts"
"function:assertscope:f0c625b3c4","function","implemented","assertScope","src/modules/operating-model/operating-model.routes.ts#assertScope","Engineering Delivery Lead","src/modules/operating-model/operating-model.routes.ts"
"function:slugifykey:e1a5b12356","function","implemented","slugifyKey","src/modules/operating-model/operating-model.routes.ts#slugifyKey","Engineering Delivery Lead","src/modules/operating-model/operating-model.routes.ts"
"function:uniqueareakey:d40a3e464f","function","implemented","uniqueAreaKey","src/modules/operating-model/operating-model.routes.ts#uniqueAreaKey","Engineering Delivery Lead","src/modules/operating-model/operating-model.routes.ts"
"function:asjsonarray:89fc51ea40","function","implemented","asJsonArray","src/modules/operations/operations.routes.ts#asJsonArray","Engineering Delivery Lead","src/modules/operations/operations.routes.ts"
"function:asstringarray:97d39a58c8","function","implemented","asStringArray","src/modules/operations/operations.routes.ts#asStringArray","Engineering Delivery Lead","src/modules/operations/operations.routes.ts"
"function:canonicaldepartmentsforareas:310e60b4da","function","implemented","canonicalDepartmentsForAreas","src/modules/operations/operations.routes.ts#canonicalDepartmentsForAreas","Engineering Delivery Lead","src/modules/operations/operations.routes.ts"
"function:jsonreferencestask:a7606df41f","function","implemented","jsonReferencesTask","src/modules/operations/operations.routes.ts#jsonReferencesTask","Engineering Delivery Lead","src/modules/operations/operations.routes.ts"
"function:manualdepartmentkey:b17531acf5","function","implemented","manualDepartmentKey","src/modules/operations/operations.routes.ts#manualDepartmentKey","Engineering Delivery Lead","src/modules/operations/operations.routes.ts"
"function:mapblockedoperationsactions:9b224e7129","function","implemented","mapBlockedOperationsActions","src/modules/operations/operations.routes.ts#mapBlockedOperationsActions","Engineering Delivery Lead","src/modules/operations/operations.routes.ts"
"function:normalizedtaskstatus:ebb0df4480","function","implemented","normalizedTaskStatus","src/modules/operations/operations.routes.ts#normalizedTaskStatus","Engineering Delivery Lead","src/modules/operations/operations.routes.ts"
"function:objectrecord:414b62af6e","function","implemented","objectRecord","src/modules/operations/operations.routes.ts#objectRecord","Engineering Delivery Lead","src/modules/operations/operations.routes.ts"
"function:resolvetasklistdepartment:ab1a6f09d9","function","implemented","resolveTaskListDepartment","src/modules/operations/operations.routes.ts#resolveTaskListDepartment","Engineering Delivery Lead","src/modules/operations/operations.routes.ts"
"function:tasklistmappingidentity:9f46494e09","function","implemented","taskListMappingIdentity","src/modules/operations/operations.routes.ts#taskListMappingIdentity","Engineering Delivery Lead","src/modules/operations/operations.routes.ts"
"function:tasklooksoperational:1aed6c07b2","function","implemented","taskLooksOperational","src/modules/operations/operations.routes.ts#taskLooksOperational","Engineering Delivery Lead","src/modules/operations/operations.routes.ts"
"function:taskreadiness:34eb51f1e1","function","implemented","taskReadiness","src/modules/operations/operations.routes.ts#taskReadiness","Engineering Delivery Lead","src/modules/operations/operations.routes.ts"
"function:taskrisklevel:d5593b4267","function","implemented","taskRiskLevel","src/modules/operations/operations.routes.ts#taskRiskLevel","Engineering Delivery Lead","src/modules/operations/operations.routes.ts"
"function:visibleworkitemrelations:f6592843a4","function","implemented","visibleWorkItemRelations","src/modules/operations/operations.routes.ts#visibleWorkItemRelations","Engineering Delivery Lead","src/modules/operations/operations.routes.ts"
"function:byworkspace:9ec815c2fd","function","implemented","byWorkspace","src/modules/process-core/process-core.routes.ts#byWorkspace","Engineering Delivery Lead","src/modules/process-core/process-core.routes.ts"
"function:addedge:fa976b58ef","function","implemented","addEdge","src/modules/relationships/relationships.routes.ts#addEdge","Engineering Delivery Lead","src/modules/relationships/relationships.routes.ts"
"function:addnode:baf6286476","function","implemented","addNode","src/modules/relationships/relationships.routes.ts#addNode","Engineering Delivery Lead","src/modules/relationships/relationships.routes.ts"
"function:addreviewitem:b8e8ab4356","function","implemented","addReviewItem","src/modules/relationships/relationships.routes.ts#addReviewItem","Engineering Delivery Lead","src/modules/relationships/relationships.routes.ts"
"function:asdate:a3c97ca23e","function","implemented","asDate","src/modules/relationships/relationships.routes.ts#asDate","Engineering Delivery Lead","src/modules/relationships/relationships.routes.ts"
"function:nodeid:9d22a78504","function","implemented","nodeId","src/modules/relationships/relationships.routes.ts#nodeId","Engineering Delivery Lead","src/modules/relationships/relationships.routes.ts"
"function:scopeactionhint:4d83dcbf2d","function","implemented","scopeActionHint","src/modules/relationships/relationships.routes.ts#scopeActionHint","Engineering Delivery Lead","src/modules/relationships/relationships.routes.ts"
"function:scopedlabel:5a7855c18f","function","implemented","scopedLabel","src/modules/relationships/relationships.routes.ts#scopedLabel","Engineering Delivery Lead","src/modules/relationships/relationships.routes.ts"
"function:textmatchesrelationships:ac6a40eb72","function","implemented","textMatchesRelationships","src/modules/relationships/relationships.routes.ts#textMatchesRelationships","Engineering Delivery Lead","src/modules/relationships/relationships.routes.ts"
"function:blockedsalesactions:032aa3eb68","function","implemented","blockedSalesActions","src/modules/sales/sales.routes.ts#blockedSalesActions","Engineering Delivery Lead","src/modules/sales/sales.routes.ts"
"function:currentclientworkfordeal:f76ce4a910","function","implemented","currentClientWorkForDeal","src/modules/sales/sales.routes.ts#currentClientWorkForDeal","Engineering Delivery Lead","src/modules/sales/sales.routes.ts"
"function:decimaltonumber:75fc29e3f7","function","implemented","decimalToNumber","src/modules/sales/sales.routes.ts#decimalToNumber","Engineering Delivery Lead","src/modules/sales/sales.routes.ts"
"function:hascommercialexceptionfordeal:e839a0f62d","function","implemented","hasCommercialExceptionForDeal","src/modules/sales/sales.routes.ts#hasCommercialExceptionForDeal","Engineering Delivery Lead","src/modules/sales/sales.routes.ts"
"function:textmatchessales:c690a87275","function","implemented","textMatchesSales","src/modules/sales/sales.routes.ts#textMatchesSales","Engineering Delivery Lead","src/modules/sales/sales.routes.ts"
"function:asjsonarray:b4688e6d13","function","implemented","asJsonArray","src/modules/strategy/strategy.routes.ts#asJsonArray","Engineering Delivery Lead","src/modules/strategy/strategy.routes.ts"
"function:tasklooksstrategic:830e2f3cd4","function","implemented","taskLooksStrategic","src/modules/strategy/strategy.routes.ts#taskLooksStrategic","Engineering Delivery Lead","src/modules/strategy/strategy.routes.ts"
"function:textmatchesstrategy:aaa24fc170","function","implemented","textMatchesStrategy","src/modules/strategy/strategy.routes.ts#textMatchesStrategy","Engineering Delivery Lead","src/modules/strategy/strategy.routes.ts"
"function:goalisvisible:56ce6143e8","function","implemented","goalIsVisible","src/modules/targets/targets.routes.ts#goalIsVisible","Engineering Delivery Lead","src/modules/targets/targets.routes.ts"
"function:metricisvisible:6458bb705f","function","implemented","metricIsVisible","src/modules/targets/targets.routes.ts#metricIsVisible","Engineering Delivery Lead","src/modules/targets/targets.routes.ts"
"function:pipelineisvisible:0c05fdb578","function","implemented","pipelineIsVisible","src/modules/targets/targets.routes.ts#pipelineIsVisible","Engineering Delivery Lead","src/modules/targets/targets.routes.ts"
"function:projectisvisible:6ba82f3091","function","implemented","projectIsVisible","src/modules/task-lists/task-lists.routes.ts#projectIsVisible","Engineering Delivery Lead","src/modules/task-lists/task-lists.routes.ts"
"function:visibletaskrelations:302e580415","function","implemented","visibleTaskRelations","src/modules/tasks/tasks.routes.ts#visibleTaskRelations","Engineering Delivery Lead","src/modules/tasks/tasks.routes.ts"
"function:routeerror:e12f6d4651","function","implemented","routeError","src/modules/workforce/workforce.routes.ts#routeError","Engineering Delivery Lead","src/modules/workforce/workforce.routes.ts"
"function:archiveworkforceentity:0b18f9ad46","function","implemented","archiveWorkforceEntity","src/modules/workforce/workforce.service.ts#archiveWorkforceEntity","Engineering Delivery Lead","src/modules/workforce/workforce.service.ts"
"function:asstringlist:086f24c53b","function","implemented","asStringList","src/modules/workforce/workforce.service.ts#asStringList","Engineering Delivery Lead","src/modules/workforce/workforce.service.ts"
"function:assynclog:81224e73cb","function","implemented","asSyncLog","src/modules/workforce/workforce.service.ts#asSyncLog","Engineering Delivery Lead","src/modules/workforce/workforce.service.ts"
"function:bigfivemarkdown:db60978ff1","function","implemented","bigFiveMarkdown","src/modules/workforce/workforce.service.ts#bigFiveMarkdown","Engineering Delivery Lead","src/modules/workforce/workforce.service.ts"
"function:createworkforceentity:37d507517f","function","implemented","createWorkforceEntity","src/modules/workforce/workforce.service.ts#createWorkforceEntity","Engineering Delivery Lead","src/modules/workforce/workforce.service.ts"
"function:deleteworkforceentity:8b045ecbeb","function","implemented","deleteWorkforceEntity","src/modules/workforce/workforce.service.ts#deleteWorkforceEntity","Engineering Delivery Lead","src/modules/workforce/workforce.service.ts"
"function:entityauthority:b0421607e6","function","implemented","entityAuthority","src/modules/workforce/workforce.service.ts#entityAuthority","Engineering Delivery Lead","src/modules/workforce/workforce.service.ts"
"function:entityreadiness:cf2bccaa4b","function","implemented","entityReadiness","src/modules/workforce/workforce.service.ts#entityReadiness","Engineering Delivery Lead","src/modules/workforce/workforce.service.ts"
"function:entityworksummary:1ff7095705","function","implemented","entityWorkSummary","src/modules/workforce/workforce.service.ts#entityWorkSummary","Engineering Delivery Lead","src/modules/workforce/workforce.service.ts"
"function:generateworkforcemarkdown:1d959fd9f1","function","implemented","generateWorkforceMarkdown","src/modules/workforce/workforce.service.ts#generateWorkforceMarkdown","Engineering Delivery Lead","src/modules/workforce/workforce.service.ts"
"function:getworkforceentity:c9e0f590e0","function","implemented","getWorkforceEntity","src/modules/workforce/workforce.service.ts#getWorkforceEntity","Engineering Delivery Lead","src/modules/workforce/workforce.service.ts"
"function:listmarkdown:d29067bdcc","function","implemented","listMarkdown","src/modules/workforce/workforce.service.ts#listMarkdown","Engineering Delivery Lead","src/modules/workforce/workforce.service.ts"
"function:listworkforceentities:a25843e891","function","implemented","listWorkforceEntities","src/modules/workforce/workforce.service.ts#listWorkforceEntities","Engineering Delivery Lead","src/modules/workforce/workforce.service.ts"
"function:normalizebigfiveprofile:36305e7e74","function","implemented","normalizeBigFiveProfile","src/modules/workforce/workforce.service.ts#normalizeBigFiveProfile","Engineering Delivery Lead","src/modules/workforce/workforce.service.ts"
"function:normalizebigfivescore:c2d793c5a9","function","implemented","normalizeBigFiveScore","src/modules/workforce/workforce.service.ts#normalizeBigFiveScore","Engineering Delivery Lead","src/modules/workforce/workforce.service.ts"
"function:normalizetext:630784484d","function","implemented","normalizeText","src/modules/workforce/workforce.service.ts#normalizeText","Engineering Delivery Lead","src/modules/workforce/workforce.service.ts"
"function:slugify:faa3db3a90","function","implemented","slugify","src/modules/workforce/workforce.service.ts#slugify","Engineering Delivery Lead","src/modules/workforce/workforce.service.ts"
"function:syncworkforceentity:c65d6c5a52","function","implemented","syncWorkforceEntity","src/modules/workforce/workforce.service.ts#syncWorkforceEntity","Engineering Delivery Lead","src/modules/workforce/workforce.service.ts"
"function:uniqueslug:de183493c5","function","implemented","uniqueSlug","src/modules/workforce/workforce.service.ts#uniqueSlug","Engineering Delivery Lead","src/modules/workforce/workforce.service.ts"
"function:updateworkforceentity:69d68ef30c","function","implemented","updateWorkforceEntity","src/modules/workforce/workforce.service.ts#updateWorkforceEntity","Engineering Delivery Lead","src/modules/workforce/workforce.service.ts"
"function:withgeneratedfiles:a0ea10528a","function","implemented","withGeneratedFiles","src/modules/workforce/workforce.service.ts#withGeneratedFiles","Engineering Delivery Lead","src/modules/workforce/workforce.service.ts"
"function:requireuserauth:215e610fd9","function","implemented","requireUserAuth","src/modules/workspaces/workspaces.routes.ts#requireUserAuth","Engineering Delivery Lead","src/modules/workspaces/workspaces.routes.ts"
"function:safeworkspace:aa2ad894c9","function","implemented","safeWorkspace","src/modules/workspaces/workspaces.routes.ts#safeWorkspace","Engineering Delivery Lead","src/modules/workspaces/workspaces.routes.ts"
"function:classifyoperatingareakey:23da67a129","function","implemented","classifyOperatingAreaKey","src/operating-model/catalog.ts#classifyOperatingAreaKey","Engineering Delivery Lead","src/operating-model/catalog.ts"
"function:ensureoperatingmodelforworkspace:40373f7b3a","function","implemented","ensureOperatingModelForWorkspace","src/operating-model/catalog.ts#ensureOperatingModelForWorkspace","Engineering Delivery Lead","src/operating-model/catalog.ts"
"function:map:7dfbcd871d","function","implemented","map","src/operating-model/catalog.ts#map","Engineering Delivery Lead","src/operating-model/catalog.ts"
"function:areafornames:fac8d3b186","function","implemented","areaForNames","src/operating-model/clickup-structure.ts#areaForNames","Engineering Delivery Lead","src/operating-model/clickup-structure.ts"
"function:findclickuplisttable:fe4644ca82","function","implemented","findClickUpListTable","src/operating-model/clickup-structure.ts#findClickUpListTable","Engineering Delivery Lead","src/operating-model/clickup-structure.ts"
"function:persistclickupstructure:377f1fbadb","function","implemented","persistClickUpStructure","src/operating-model/clickup-structure.ts#persistClickUpStructure","Engineering Delivery Lead","src/operating-model/clickup-structure.ts"
"function:slugify:0718ffa93f","function","implemented","slugify","src/operating-model/clickup-structure.ts#slugify","Engineering Delivery Lead","src/operating-model/clickup-structure.ts"
"function:upsertclickupfolder:9c3a7b99ac","function","implemented","upsertClickUpFolder","src/operating-model/clickup-structure.ts#upsertClickUpFolder","Engineering Delivery Lead","src/operating-model/clickup-structure.ts"
"function:upsertclickuplisttable:a7b4ab02ad","function","implemented","upsertClickUpListTable","src/operating-model/clickup-structure.ts#upsertClickUpListTable","Engineering Delivery Lead","src/operating-model/clickup-structure.ts"
"function:upsertcontainermapping:93f164e539","function","implemented","upsertContainerMapping","src/operating-model/clickup-structure.ts#upsertContainerMapping","Engineering Delivery Lead","src/operating-model/clickup-structure.ts"
"function:upsertfieldmapping:3c0b0c10db","function","implemented","upsertFieldMapping","src/operating-model/clickup-structure.ts#upsertFieldMapping","Engineering Delivery Lead","src/operating-model/clickup-structure.ts"
"function:upsertviewmapping:e3820c0df3","function","implemented","upsertViewMapping","src/operating-model/clickup-structure.ts#upsertViewMapping","Engineering Delivery Lead","src/operating-model/clickup-structure.ts"
"function:iscanonicaldepartmentkey:60eca894cd","function","implemented","isCanonicalDepartmentKey","src/operating-model/department-registry.ts#isCanonicalDepartmentKey","Engineering Delivery Lead","src/operating-model/department-registry.ts"
"function:normalizedepartmentkey:f3c7219b58","function","implemented","normalizeDepartmentKey","src/operating-model/department-registry.ts#normalizeDepartmentKey","Engineering Delivery Lead","src/operating-model/department-registry.ts"
"function:resolvedepartmentbackendareakey:c703986030","function","implemented","resolveDepartmentBackendAreaKey","src/operating-model/department-registry.ts#resolveDepartmentBackendAreaKey","Engineering Delivery Lead","src/operating-model/department-registry.ts"
"function:resolvedepartmententry:11fec09eb5","function","implemented","resolveDepartmentEntry","src/operating-model/department-registry.ts#resolveDepartmentEntry","Engineering Delivery Lead","src/operating-model/department-registry.ts"
"function:assertsafetestdatabase:e82d62592c","function","tested","assertSafeTestDatabase","src/tests/api.test.ts#assertSafeTestDatabase","Engineering Delivery Lead","src/tests/api.test.ts"
"function:mockclickupdiscoveryfetch:ccae814a29","function","tested","mockClickUpDiscoveryFetch","src/tests/api.test.ts#mockClickUpDiscoveryFetch","Engineering Delivery Lead","src/tests/api.test.ts"
"function:registerowner:04cb5d87eb","function","tested","registerOwner","src/tests/api.test.ts#registerOwner","Engineering Delivery Lead","src/tests/api.test.ts"
"function:request:3772a48075","function","tested","request","src/tests/api.test.ts#request","Engineering Delivery Lead","src/tests/api.test.ts"
"function:resetdatabase:096fa4cbc9","function","tested","resetDatabase","src/tests/api.test.ts#resetDatabase","Engineering Delivery Lead","src/tests/api.test.ts"
"function:runmcpbridgesmoke:876b3b9d78","function","tested","runMcpBridgeSmoke","src/tests/api.test.ts#runMcpBridgeSmoke","Engineering Delivery Lead","src/tests/api.test.ts"
"function:runnodescript:dcb41659ef","function","tested","runNodeScript","src/tests/api.test.ts#runNodeScript","Engineering Delivery Lead","src/tests/api.test.ts"
"function:clearownertoken:2ccc56ad47","function","implemented","clearOwnerToken","web/src/api/auth-token.ts#clearOwnerToken","Engineering Delivery Lead","web/src/api/auth-token.ts"
"function:issignedin:ca7bd93172","function","implemented","isSignedIn","web/src/api/auth-token.ts#isSignedIn","Engineering Delivery Lead","web/src/api/auth-token.ts"
"function:ownertoken:cff9bd9e05","function","implemented","ownerToken","web/src/api/auth-token.ts#ownerToken","Engineering Delivery Lead","web/src/api/auth-token.ts"
"function:setownertoken:7303fbe684","function","implemented","setOwnerToken","web/src/api/auth-token.ts#setOwnerToken","Engineering Delivery Lead","web/src/api/auth-token.ts"
"function:api:46da0ec129","function","implemented","api","web/src/api/client.ts#api","Engineering Delivery Lead","web/src/api/client.ts"
"function:codefrombody:d175b7478b","function","implemented","codeFromBody","web/src/api/client.ts#codeFromBody","Engineering Delivery Lead","web/src/api/client.ts"
"function:codefromstatus:17ee7a7221","function","implemented","codeFromStatus","web/src/api/client.ts#codeFromStatus","Engineering Delivery Lead","web/src/api/client.ts"
"function:errorcode:1097d8941d","function","implemented","errorCode","web/src/api/errors.ts#errorCode","Engineering Delivery Lead","web/src/api/errors.ts"
"function:usererrormessage:d1870edcca","function","implemented","userErrorMessage","web/src/api/errors.ts#userErrorMessage","Engineering Delivery Lead","web/src/api/errors.ts"
"function:canonicalpostauthpath:38e95d1917","function","implemented","canonicalPostAuthPath","web/src/app-route-registry.ts#canonicalPostAuthPath","Engineering Delivery Lead","web/src/app-route-registry.ts"
"function:normalizeroutepath:260531ecad","function","implemented","normalizeRoutePath","web/src/app-route-registry.ts#normalizeRoutePath","Engineering Delivery Lead","web/src/app-route-registry.ts"
"function:resolveroutemeta:9e92d6ec4d","function","implemented","resolveRouteMeta","web/src/app-route-registry.ts#resolveRouteMeta","Engineering Delivery Lead","web/src/app-route-registry.ts"
"function:routematches:c89365ecae","function","implemented","routeMatches","web/src/app-route-registry.ts#routeMatches","Engineering Delivery Lead","web/src/app-route-registry.ts"
"function:ccbutton:e997376bd3","function","implemented","CcButton","web/src/components/cc-button.tsx#CcButton","Engineering Delivery Lead","web/src/components/cc-button.tsx"
"function:iconclass:e1458be526","function","implemented","iconClass","web/src/components/cc-button.tsx#iconClass","Engineering Delivery Lead","web/src/components/cc-button.tsx"
"function:actiontoneclass:ffdd82a884","function","implemented","actionToneClass","web/src/components/cc-data-table.tsx#actionToneClass","Engineering Delivery Lead","web/src/components/cc-data-table.tsx"
"function:ccdatatable:87da6af473","function","implemented","CcDataTable","web/src/components/cc-data-table.tsx#CcDataTable","Engineering Delivery Lead","web/src/components/cc-data-table.tsx"
"function:clearfilters:1ce9ba482d","function","implemented","clearFilters","web/src/components/cc-data-table.tsx#clearFilters","Engineering Delivery Lead","web/src/components/cc-data-table.tsx"
"function:defaultsearchvalue:037cf46ec4","function","implemented","defaultSearchValue","web/src/components/cc-data-table.tsx#defaultSearchValue","Engineering Delivery Lead","web/src/components/cc-data-table.tsx"
"function:filterbar:167e26a020","function","implemented","filterBar","web/src/components/cc-data-table.tsx#filterBar","Engineering Delivery Lead","web/src/components/cc-data-table.tsx"
"function:normalized:2ca6f8ebe9","function","implemented","normalized","web/src/components/cc-data-table.tsx#normalized","Engineering Delivery Lead","web/src/components/cc-data-table.tsx"
"function:paginationstate:3fcdee4e3b","function","implemented","paginationState","web/src/components/cc-data-table.tsx#paginationState","Engineering Delivery Lead","web/src/components/cc-data-table.tsx"
"function:sorticon:1e72b5a531","function","implemented","sortIcon","web/src/components/cc-data-table.tsx#sortIcon","Engineering Delivery Lead","web/src/components/cc-data-table.tsx"
"function:sortprimitive:0ba0ed4dbe","function","implemented","sortPrimitive","web/src/components/cc-data-table.tsx#sortPrimitive","Engineering Delivery Lead","web/src/components/cc-data-table.tsx"
"function:togglesort:01e447d65c","function","implemented","toggleSort","web/src/components/cc-data-table.tsx#toggleSort","Engineering Delivery Lead","web/src/components/cc-data-table.tsx"
"function:togglevisiblepage:adf6eb2e7e","function","implemented","toggleVisiblePage","web/src/components/cc-data-table.tsx#toggleVisiblePage","Engineering Delivery Lead","web/src/components/cc-data-table.tsx"
"function:uniqueoptions:973c8b56e4","function","implemented","uniqueOptions","web/src/components/cc-data-table.tsx#uniqueOptions","Engineering Delivery Lead","web/src/components/cc-data-table.tsx"
"function:updatepage:e79079967b","function","implemented","updatePage","web/src/components/cc-data-table.tsx#updatePage","Engineering Delivery Lead","web/src/components/cc-data-table.tsx"
"function:usevisiblecolumns:1db12f9281","function","implemented","useVisibleColumns","web/src/components/cc-data-table.tsx#useVisibleColumns","Engineering Delivery Lead","web/src/components/cc-data-table.tsx"
"function:ccfield:902776aa95","function","implemented","CcField","web/src/components/cc-field.tsx#CcField","Engineering Delivery Lead","web/src/components/cc-field.tsx"
"function:ccnotice:b85ef48820","function","implemented","CcNotice","web/src/components/cc-notice.tsx#CcNotice","Engineering Delivery Lead","web/src/components/cc-notice.tsx"
"function:ccresourceselector:5aea9df91b","function","implemented","CcResourceSelector","web/src/components/cc-resource-selector.tsx#CcResourceSelector","Engineering Delivery Lead","web/src/components/cc-resource-selector.tsx"
"function:renderitem:b165a9df8a","function","implemented","renderItem","web/src/components/cc-resource-selector.tsx#renderItem","Engineering Delivery Lead","web/src/components/cc-resource-selector.tsx"
"function:toggleall:abdfbacd79","function","implemented","toggleAll","web/src/components/cc-resource-selector.tsx#toggleAll","Engineering Delivery Lead","web/src/components/cc-resource-selector.tsx"
"function:toggleitem:1d29187e42","function","implemented","toggleItem","web/src/components/cc-resource-selector.tsx#toggleItem","Engineering Delivery Lead","web/src/components/cc-resource-selector.tsx"
"function:ccrouteloading:55b943b748","function","implemented","CcRouteLoading","web/src/components/cc-route-loading.tsx#CcRouteLoading","Engineering Delivery Lead","web/src/components/cc-route-loading.tsx"
"function:cctextinput:8fdaa694fa","function","implemented","CcTextInput","web/src/components/cc-text-input.tsx#CcTextInput","Engineering Delivery Lead","web/src/components/cc-text-input.tsx"
"function:authroute:6e9f29bc68","function","implemented","AuthRoute","web/src/features/auth/auth-pages.tsx#AuthRoute","Engineering Delivery Lead","web/src/features/auth/auth-pages.tsx"
"function:onsubmit:ab06349626","function","implemented","onSubmit","web/src/features/auth/auth-pages.tsx#onSubmit","Engineering Delivery Lead","web/src/features/auth/auth-pages.tsx"
"function:hasautherrors:87f05043a4","function","implemented","hasAuthErrors","web/src/features/auth/auth-validation.ts#hasAuthErrors","Engineering Delivery Lead","web/src/features/auth/auth-validation.ts"
"function:validateauthform:6984e722b4","function","implemented","validateAuthForm","web/src/features/auth/auth-validation.ts#validateAuthForm","Engineering Delivery Lead","web/src/features/auth/auth-validation.ts"
"function:assetcard:c8295e1fdd","function","implemented","AssetCard","web/src/features/departments/assets-route.tsx#AssetCard","Engineering Delivery Lead","web/src/features/departments/assets-route.tsx"
"function:assetsfilesview:74d0b68d39","function","implemented","AssetsFilesView","web/src/features/departments/assets-route.tsx#AssetsFilesView","Engineering Delivery Lead","web/src/features/departments/assets-route.tsx"
"function:assetsoverview:4a3ad32923","function","implemented","AssetsOverview","web/src/features/departments/assets-route.tsx#AssetsOverview","Engineering Delivery Lead","web/src/features/departments/assets-route.tsx"
"function:assetsroute:71a5eaf4c0","function","implemented","AssetsRoute","web/src/features/departments/assets-route.tsx#AssetsRoute","Engineering Delivery Lead","web/src/features/departments/assets-route.tsx"
"function:assettypecounts:8a993a9b8e","function","implemented","assetTypeCounts","web/src/features/departments/assets-route.tsx#assetTypeCounts","Engineering Delivery Lead","web/src/features/departments/assets-route.tsx"
"function:assettypefilterrail:6a2de3c9bd","function","implemented","AssetTypeFilterRail","web/src/features/departments/assets-route.tsx#AssetTypeFilterRail","Engineering Delivery Lead","web/src/features/departments/assets-route.tsx"
"function:authenticatedimage:f7895977e5","function","implemented","AuthenticatedImage","web/src/features/departments/assets-route.tsx#AuthenticatedImage","Engineering Delivery Lead","web/src/features/departments/assets-route.tsx"
"function:buildfoldertree:e13713e836","function","implemented","buildFolderTree","web/src/features/departments/assets-route.tsx#buildFolderTree","Engineering Delivery Lead","web/src/features/departments/assets-route.tsx"
"function:clearassetfilters:31ed0f0366","function","implemented","clearAssetFilters","web/src/features/departments/assets-route.tsx#clearAssetFilters","Engineering Delivery Lead","web/src/features/departments/assets-route.tsx"
"function:collectfoldertreeids:26ad386e15","function","implemented","collectFolderTreeIds","web/src/features/departments/assets-route.tsx#collectFolderTreeIds","Engineering Delivery Lead","web/src/features/departments/assets-route.tsx"
"function:compareassets:2878247cdd","function","implemented","compareAssets","web/src/features/departments/assets-route.tsx#compareAssets","Engineering Delivery Lead","web/src/features/departments/assets-route.tsx"
"function:csvpreview:32e425544b","function","implemented","CsvPreview","web/src/features/departments/assets-route.tsx#CsvPreview","Engineering Delivery Lead","web/src/features/departments/assets-route.tsx"
"function:csvrowsfromresource:b1698289c6","function","implemented","csvRowsFromResource","web/src/features/departments/assets-route.tsx#csvRowsFromResource","Engineering Delivery Lead","web/src/features/departments/assets-route.tsx"
"function:currentassetsview:feb795c9c7","function","implemented","currentAssetsView","web/src/features/departments/assets-route.tsx#currentAssetsView","Engineering Delivery Lead","web/src/features/departments/assets-route.tsx"
"function:departmentdisplayname:289c30bc77","function","implemented","departmentDisplayName","web/src/features/departments/assets-route.tsx#departmentDisplayName","Engineering Delivery Lead","web/src/features/departments/assets-route.tsx"
"function:departmentforresource:581fccb222","function","implemented","departmentForResource","web/src/features/departments/assets-route.tsx#departmentForResource","Engineering Delivery Lead","web/src/features/departments/assets-route.tsx"
"function:descendantfolderids:fc53044623","function","implemented","descendantFolderIds","web/src/features/departments/assets-route.tsx#descendantFolderIds","Engineering Delivery Lead","web/src/features/departments/assets-route.tsx"
"function:filecontenteditor:a896de06cf","function","implemented","FileContentEditor","web/src/features/departments/assets-route.tsx#FileContentEditor","Engineering Delivery Lead","web/src/features/departments/assets-route.tsx"
"function:filepreviewpanel:87cd6ff37f","function","implemented","FilePreviewPanel","web/src/features/departments/assets-route.tsx#FilePreviewPanel","Engineering Delivery Lead","web/src/features/departments/assets-route.tsx"
"function:foldereditmodal:9425f4a9c2","function","implemented","FolderEditModal","web/src/features/departments/assets-route.tsx#FolderEditModal","Engineering Delivery Lead","web/src/features/departments/assets-route.tsx"
"function:foldertree:3a8e7e9c5e","function","implemented","FolderTree","web/src/features/departments/assets-route.tsx#FolderTree","Engineering Delivery Lead","web/src/features/departments/assets-route.tsx"
"function:formatdate:ec1ace0ae6","function","implemented","formatDate","web/src/features/departments/assets-route.tsx#formatDate","Engineering Delivery Lead","web/src/features/departments/assets-route.tsx"
"function:inheriteddepartment:844805c97c","function","implemented","inheritedDepartment","web/src/features/departments/assets-route.tsx#inheritedDepartment","Engineering Delivery Lead","web/src/features/departments/assets-route.tsx"
"function:iseditabletextresource:9c830d3f00","function","implemented","isEditableTextResource","web/src/features/departments/assets-route.tsx#isEditableTextResource","Engineering Delivery Lead","web/src/features/departments/assets-route.tsx"
"function:isfolder:8139f0853f","function","implemented","isFolder","web/src/features/departments/assets-route.tsx#isFolder","Engineering Delivery Lead","web/src/features/departments/assets-route.tsx"
"function:markdownpreview:c5a35cc7bf","function","implemented","MarkdownPreview","web/src/features/departments/assets-route.tsx#MarkdownPreview","Engineering Delivery Lead","web/src/features/departments/assets-route.tsx"
"function:prettyjson:070047d9ae","function","implemented","prettyJson","web/src/features/departments/assets-route.tsx#prettyJson","Engineering Delivery Lead","web/src/features/departments/assets-route.tsx"
"function:previewkind:c8284754a2","function","implemented","previewKind","web/src/features/departments/assets-route.tsx#previewKind","Engineering Delivery Lead","web/src/features/departments/assets-route.tsx"
"function:renderfile:23750cd1ac","function","implemented","renderFile","web/src/features/departments/assets-route.tsx#renderFile","Engineering Delivery Lead","web/src/features/departments/assets-route.tsx"
"function:rendernode:9b45e40cbf","function","implemented","renderNode","web/src/features/departments/assets-route.tsx#renderNode","Engineering Delivery Lead","web/src/features/departments/assets-route.tsx"
"function:resourceicon:4ee37f32c6","function","implemented","resourceIcon","web/src/features/departments/assets-route.tsx#resourceIcon","Engineering Delivery Lead","web/src/features/departments/assets-route.tsx"
"function:resourceicontone:cf0bc7c6dd","function","implemented","resourceIconTone","web/src/features/departments/assets-route.tsx#resourceIconTone","Engineering Delivery Lead","web/src/features/departments/assets-route.tsx"
"function:resourcekindlabel:afafe58434","function","implemented","resourceKindLabel","web/src/features/departments/assets-route.tsx#resourceKindLabel","Engineering Delivery Lead","web/src/features/departments/assets-route.tsx"
"function:resourcepath:d21c952f16","function","implemented","resourcePath","web/src/features/departments/assets-route.tsx#resourcePath","Engineering Delivery Lead","web/src/features/departments/assets-route.tsx"
"function:resourcesummary:73147ef496","function","implemented","resourceSummary","web/src/features/departments/assets-route.tsx#resourceSummary","Engineering Delivery Lead","web/src/features/departments/assets-route.tsx"
"function:resourcetype:c0e0431ffb","function","implemented","resourceType","web/src/features/departments/assets-route.tsx#resourceType","Engineering Delivery Lead","web/src/features/departments/assets-route.tsx"
"function:rootexternalidforresource:037eb06b54","function","implemented","rootExternalIdForResource","web/src/features/departments/assets-route.tsx#rootExternalIdForResource","Engineering Delivery Lead","web/src/features/departments/assets-route.tsx"
"function:rootfolderselector:1b87004caa","function","implemented","RootFolderSelector","web/src/features/departments/assets-route.tsx#RootFolderSelector","Engineering Delivery Lead","web/src/features/departments/assets-route.tsx"
"function:selectfolder:e3fe3755da","function","implemented","selectFolder","web/src/features/departments/assets-route.tsx#selectFolder","Engineering Delivery Lead","web/src/features/departments/assets-route.tsx"
"function:sortnode:536fb1ba2c","function","implemented","sortNode","web/src/features/departments/assets-route.tsx#sortNode","Engineering Delivery Lead","web/src/features/departments/assets-route.tsx"
"function:sourcecontentlink:5da751075c","function","implemented","sourceContentLink","web/src/features/departments/assets-route.tsx#sourceContentLink","Engineering Delivery Lead","web/src/features/departments/assets-route.tsx"
"function:sourceexternalid:6b9be773f2","function","implemented","sourceExternalId","web/src/features/departments/assets-route.tsx#sourceExternalId","Engineering Delivery Lead","web/src/features/departments/assets-route.tsx"
"function:sourcelink:ff6385fecc","function","implemented","sourceLink","web/src/features/departments/assets-route.tsx#sourceLink","Engineering Delivery Lead","web/src/features/departments/assets-route.tsx"
"function:sourceparentexternalid:510996301f","function","implemented","sourceParentExternalId","web/src/features/departments/assets-route.tsx#sourceParentExternalId","Engineering Delivery Lead","web/src/features/departments/assets-route.tsx"
"function:sourceprovider:39fb623622","function","implemented","sourceProvider","web/src/features/departments/assets-route.tsx#sourceProvider","Engineering Delivery Lead","web/src/features/departments/assets-route.tsx"
"function:sourcerecord:93e3e8aa90","function","implemented","sourceRecord","web/src/features/departments/assets-route.tsx#sourceRecord","Engineering Delivery Lead","web/src/features/departments/assets-route.tsx"
"function:submit:9d5f54bf3e","function","implemented","submit","web/src/features/departments/assets-route.tsx#submit","Engineering Delivery Lead","web/src/features/departments/assets-route.tsx"
"function:togglefolder:23949ead7f","function","implemented","toggleFolder","web/src/features/departments/assets-route.tsx#toggleFolder","Engineering Delivery Lead","web/src/features/departments/assets-route.tsx"
"function:backendareatodepartmentkey:ed587efaad","function","implemented","backendAreaToDepartmentKey","web/src/features/departments/department-labels.ts#backendAreaToDepartmentKey","Engineering Delivery Lead","web/src/features/departments/department-labels.ts"
"function:departmentlabel:d7a2347a4c","function","implemented","departmentLabel","web/src/features/departments/department-labels.ts#departmentLabel","Engineering Delivery Lead","web/src/features/departments/department-labels.ts"
"function:departmentlabelkey:36e291c5c8","function","implemented","departmentLabelKey","web/src/features/departments/department-labels.ts#departmentLabelKey","Engineering Delivery Lead","web/src/features/departments/department-labels.ts"
"function:financeroute:1977b0d481","function","implemented","FinanceRoute","web/src/features/departments/finance-route.tsx#FinanceRoute","Engineering Delivery Lead","web/src/features/departments/finance-route.tsx"
"function:generaldashboard:267cfd0d18","function","implemented","GeneralDashboard","web/src/features/departments/general-dashboard.tsx#GeneralDashboard","Engineering Delivery Lead","web/src/features/departments/general-dashboard.tsx"
"function:healthtone:6892cbb287","function","implemented","healthTone","web/src/features/departments/general-dashboard.tsx#healthTone","Engineering Delivery Lead","web/src/features/departments/general-dashboard.tsx"
"function:itemmeta:09258723e7","function","implemented","itemMeta","web/src/features/departments/general-dashboard.tsx#itemMeta","Engineering Delivery Lead","web/src/features/departments/general-dashboard.tsx"
"function:innovationroute:8c2383d249","function","implemented","InnovationRoute","web/src/features/departments/innovation-route.tsx#InnovationRoute","Engineering Delivery Lead","web/src/features/departments/innovation-route.tsx"
"function:legalroute:9e34240581","function","implemented","LegalRoute","web/src/features/departments/legal-route.tsx#LegalRoute","Engineering Delivery Lead","web/src/features/departments/legal-route.tsx"
"function:departmentform:dc0348b16d","function","implemented","DepartmentForm","web/src/features/departments/management-route.tsx#DepartmentForm","Engineering Delivery Lead","web/src/features/departments/management-route.tsx"
"function:departmentviewlabels:018eaea77d","function","implemented","departmentViewLabels","web/src/features/departments/management-route.tsx#departmentViewLabels","Engineering Delivery Lead","web/src/features/departments/management-route.tsx"
"function:editdepartment:a8c74ea467","function","implemented","editDepartment","web/src/features/departments/management-route.tsx#editDepartment","Engineering Delivery Lead","web/src/features/departments/management-route.tsx"
"function:managementroute:e84adaebec","function","implemented","ManagementRoute","web/src/features/departments/management-route.tsx#ManagementRoute","Engineering Delivery Lead","web/src/features/departments/management-route.tsx"
"function:savedraft:eca25efefa","function","implemented","saveDraft","web/src/features/departments/management-route.tsx#saveDraft","Engineering Delivery Lead","web/src/features/departments/management-route.tsx"
"function:adddays:a2180aa796","function","implemented","addDays","web/src/features/departments/operations-route.tsx#addDays","Engineering Delivery Lead","web/src/features/departments/operations-route.tsx"
"function:addmonths:1c9f7e0edb","function","implemented","addMonths","web/src/features/departments/operations-route.tsx#addMonths","Engineering Delivery Lead","web/src/features/departments/operations-route.tsx"
"function:calendarcolumn:4c006c183c","function","implemented","CalendarColumn","web/src/features/departments/operations-route.tsx#CalendarColumn","Engineering Delivery Lead","web/src/features/departments/operations-route.tsx"
"function:calendartaskpill:37a9df0b8b","function","implemented","CalendarTaskPill","web/src/features/departments/operations-route.tsx#CalendarTaskPill","Engineering Delivery Lead","web/src/features/departments/operations-route.tsx"
"function:calendarunscheduledpanel:a7fd193497","function","implemented","CalendarUnscheduledPanel","web/src/features/departments/operations-route.tsx#CalendarUnscheduledPanel","Engineering Delivery Lead","web/src/features/departments/operations-route.tsx"
"function:cleartaskdrag:91558729dc","function","implemented","clearTaskDrag","web/src/features/departments/operations-route.tsx#clearTaskDrag","Engineering Delivery Lead","web/src/features/departments/operations-route.tsx"
"function:cleartaskfilters:aa1f4c95cc","function","implemented","clearTaskFilters","web/src/features/departments/operations-route.tsx#clearTaskFilters","Engineering Delivery Lead","web/src/features/departments/operations-route.tsx"
"function:currentoperationsview:3576b6e12f","function","implemented","currentOperationsView","web/src/features/departments/operations-route.tsx#currentOperationsView","Engineering Delivery Lead","web/src/features/departments/operations-route.tsx"
"function:daysinmonth:07605e4a3e","function","implemented","daysInMonth","web/src/features/departments/operations-route.tsx#daysInMonth","Engineering Delivery Lead","web/src/features/departments/operations-route.tsx"
"function:duebadge:dd93006497","function","implemented","DueBadge","web/src/features/departments/operations-route.tsx#DueBadge","Engineering Delivery Lead","web/src/features/departments/operations-route.tsx"
"function:endofweek:a2e59799d9","function","implemented","endOfWeek","web/src/features/departments/operations-route.tsx#endOfWeek","Engineering Delivery Lead","web/src/features/departments/operations-route.tsx"
"function:formatdate:28530095f4","function","implemented","formatDate","web/src/features/departments/operations-route.tsx#formatDate","Engineering Delivery Lead","web/src/features/departments/operations-route.tsx"
"function:formatlongdate:1be5c9dca1","function","implemented","formatLongDate","web/src/features/departments/operations-route.tsx#formatLongDate","Engineering Delivery Lead","web/src/features/departments/operations-route.tsx"
"function:formatweekday:d5b6365f8f","function","implemented","formatWeekday","web/src/features/departments/operations-route.tsx#formatWeekday","Engineering Delivery Lead","web/src/features/departments/operations-route.tsx"
"function:inputdate:27c3c94547","function","implemented","inputDate","web/src/features/departments/operations-route.tsx#inputDate","Engineering Delivery Lead","web/src/features/departments/operations-route.tsx"
"function:inputmonth:6daf21b523","function","implemented","inputMonth","web/src/features/departments/operations-route.tsx#inputMonth","Engineering Delivery Lead","web/src/features/departments/operations-route.tsx"
"function:inputweek:860c16ac29","function","implemented","inputWeek","web/src/features/departments/operations-route.tsx#inputWeek","Engineering Delivery Lead","web/src/features/departments/operations-route.tsx"
"function:listdepartmentkey:201ceaf701","function","implemented","listDepartmentKey","web/src/features/departments/operations-route.tsx#listDepartmentKey","Engineering Delivery Lead","web/src/features/departments/operations-route.tsx"
"function:monthfrominput:7f8f058026","function","implemented","monthFromInput","web/src/features/departments/operations-route.tsx#monthFromInput","Engineering Delivery Lead","web/src/features/departments/operations-route.tsx"
"function:moverange:ea9c65d5be","function","implemented","moveRange","web/src/features/departments/operations-route.tsx#moveRange","Engineering Delivery Lead","web/src/features/departments/operations-route.tsx"
"function:movetasktostatus:209d9d51c8","function","implemented","moveTaskToStatus","web/src/features/departments/operations-route.tsx#moveTaskToStatus","Engineering Delivery Lead","web/src/features/departments/operations-route.tsx"
"function:onsubmit:b37de54261","function","implemented","onSubmit","web/src/features/departments/operations-route.tsx#onSubmit","Engineering Delivery Lead","web/src/features/departments/operations-route.tsx"
"function:opencreatetask:a7a06727d1","function","implemented","openCreateTask","web/src/features/departments/operations-route.tsx#openCreateTask","Engineering Delivery Lead","web/src/features/departments/operations-route.tsx"
"function:operationsboard:9daf621dc4","function","implemented","OperationsBoard","web/src/features/departments/operations-route.tsx#OperationsBoard","Engineering Delivery Lead","web/src/features/departments/operations-route.tsx"
"function:operationscalendar:cabe01824d","function","implemented","OperationsCalendar","web/src/features/departments/operations-route.tsx#OperationsCalendar","Engineering Delivery Lead","web/src/features/departments/operations-route.tsx"
"function:operationslistselector:6ded3baf46","function","implemented","OperationsListSelector","web/src/features/departments/operations-route.tsx#OperationsListSelector","Engineering Delivery Lead","web/src/features/departments/operations-route.tsx"
"function:operationsroute:e7d6c16387","function","implemented","OperationsRoute","web/src/features/departments/operations-route.tsx#OperationsRoute","Engineering Delivery Lead","web/src/features/departments/operations-route.tsx"
"function:operationstaskfilterbar:6880a841b0","function","implemented","OperationsTaskFilterBar","web/src/features/departments/operations-route.tsx#OperationsTaskFilterBar","Engineering Delivery Lead","web/src/features/departments/operations-route.tsx"
"function:prioritybadge:8ee39b4337","function","implemented","PriorityBadge","web/src/features/departments/operations-route.tsx#PriorityBadge","Engineering Delivery Lead","web/src/features/departments/operations-route.tsx"
"function:prioritytone:5db1a61532","function","implemented","priorityTone","web/src/features/departments/operations-route.tsx#priorityTone","Engineering Delivery Lead","web/src/features/departments/operations-route.tsx"
"function:refresh:6b4894aa23","function","implemented","refresh","web/src/features/departments/operations-route.tsx#refresh","Engineering Delivery Lead","web/src/features/departments/operations-route.tsx"
"function:sameday:275ef79f3c","function","implemented","sameDay","web/src/features/departments/operations-route.tsx#sameDay","Engineering Delivery Lead","web/src/features/departments/operations-route.tsx"
"function:selectabletasklistids:aa618fe3dc","function","implemented","selectableTaskListIds","web/src/features/departments/operations-route.tsx#selectableTaskListIds","Engineering Delivery Lead","web/src/features/departments/operations-route.tsx"
"function:selectabletasklists:8fcf987536","function","implemented","selectableTaskLists","web/src/features/departments/operations-route.tsx#selectableTaskLists","Engineering Delivery Lead","web/src/features/departments/operations-route.tsx"
"function:startofday:34632b9b77","function","implemented","startOfDay","web/src/features/departments/operations-route.tsx#startOfDay","Engineering Delivery Lead","web/src/features/departments/operations-route.tsx"
"function:startofweek:06b720d23b","function","implemented","startOfWeek","web/src/features/departments/operations-route.tsx#startOfWeek","Engineering Delivery Lead","web/src/features/departments/operations-route.tsx"
"function:starttaskdrag:e4356f2906","function","implemented","startTaskDrag","web/src/features/departments/operations-route.tsx#startTaskDrag","Engineering Delivery Lead","web/src/features/departments/operations-route.tsx"
"function:statustone:848f97f522","function","implemented","statusTone","web/src/features/departments/operations-route.tsx#statusTone","Engineering Delivery Lead","web/src/features/departments/operations-route.tsx"
"function:taskbelongstolist:321813508b","function","implemented","taskBelongsToList","web/src/features/departments/operations-route.tsx#taskBelongsToList","Engineering Delivery Lead","web/src/features/departments/operations-route.tsx"
"function:taskcalendardate:cf45b11ee2","function","implemented","taskCalendarDate","web/src/features/departments/operations-route.tsx#taskCalendarDate","Engineering Delivery Lead","web/src/features/departments/operations-route.tsx"
"function:taskcard:a19b69ab24","function","implemented","TaskCard","web/src/features/departments/operations-route.tsx#TaskCard","Engineering Delivery Lead","web/src/features/departments/operations-route.tsx"
"function:taskcreatemodal:3659f94a8c","function","implemented","TaskCreateModal","web/src/features/departments/operations-route.tsx#TaskCreateModal","Engineering Delivery Lead","web/src/features/departments/operations-route.tsx"
"function:taskfields:afdaab35bb","function","implemented","TaskFields","web/src/features/departments/operations-route.tsx#TaskFields","Engineering Delivery Lead","web/src/features/departments/operations-route.tsx"
"function:tasklistfields:ea3d320958","function","implemented","TaskListFields","web/src/features/departments/operations-route.tsx#TaskListFields","Engineering Delivery Lead","web/src/features/departments/operations-route.tsx"
"function:tasklistmodal:fcf25e9cd5","function","implemented","TaskListModal","web/src/features/departments/operations-route.tsx#TaskListModal","Engineering Delivery Lead","web/src/features/departments/operations-route.tsx"
"function:taskmatchesdatefilter:aceda86db6","function","implemented","taskMatchesDateFilter","web/src/features/departments/operations-route.tsx#taskMatchesDateFilter","Engineering Delivery Lead","web/src/features/departments/operations-route.tsx"
"function:taskmatchesfilters:1e4502290d","function","implemented","taskMatchesFilters","web/src/features/departments/operations-route.tsx#taskMatchesFilters","Engineering Delivery Lead","web/src/features/departments/operations-route.tsx"
"function:taskpreviewmodal:9324b7810f","function","implemented","TaskPreviewModal","web/src/features/departments/operations-route.tsx#TaskPreviewModal","Engineering Delivery Lead","web/src/features/departments/operations-route.tsx"
"function:updatedateinput:ff9fe57001","function","implemented","updateDateInput","web/src/features/departments/operations-route.tsx#updateDateInput","Engineering Delivery Lead","web/src/features/departments/operations-route.tsx"
"function:weekfrominput:cff5e744f0","function","implemented","weekFromInput","web/src/features/departments/operations-route.tsx#weekFromInput","Engineering Delivery Lead","web/src/features/departments/operations-route.tsx"
"function:workflowsettingsmodal:ba27b20bad","function","implemented","WorkflowSettingsModal","web/src/features/departments/operations-route.tsx#WorkflowSettingsModal","Engineering Delivery Lead","web/src/features/departments/operations-route.tsx"
"function:archiveentity:ca23e0e80f","function","implemented","archiveEntity","web/src/features/departments/people-agents-route.tsx#archiveEntity","Engineering Delivery Lead","web/src/features/departments/people-agents-route.tsx"
"function:badgetone:404421ce54","function","implemented","badgeTone","web/src/features/departments/people-agents-route.tsx#badgeTone","Engineering Delivery Lead","web/src/features/departments/people-agents-route.tsx"
"function:bigfiveradarchart:dc3d4d125b","function","implemented","BigFiveRadarChart","web/src/features/departments/people-agents-route.tsx#BigFiveRadarChart","Engineering Delivery Lead","web/src/features/departments/people-agents-route.tsx"
"function:bigfivesummary:e2c3879576","function","implemented","bigFiveSummary","web/src/features/departments/people-agents-route.tsx#bigFiveSummary","Engineering Delivery Lead","web/src/features/departments/people-agents-route.tsx"
"function:blockedactiontext:ab981c8730","function","implemented","blockedActionText","web/src/features/departments/people-agents-route.tsx#blockedActionText","Engineering Delivery Lead","web/src/features/departments/people-agents-route.tsx"
"function:confirmentitymodal:abb471eebc","function","implemented","ConfirmEntityModal","web/src/features/departments/people-agents-route.tsx#ConfirmEntityModal","Engineering Delivery Lead","web/src/features/departments/people-agents-route.tsx"
"function:copyactivefile:a73b2841fb","function","implemented","copyActiveFile","web/src/features/departments/people-agents-route.tsx#copyActiveFile","Engineering Delivery Lead","web/src/features/departments/people-agents-route.tsx"
"function:defaultentity:aa44bcd381","function","implemented","defaultEntity","web/src/features/departments/people-agents-route.tsx#defaultEntity","Engineering Delivery Lead","web/src/features/departments/people-agents-route.tsx"
"function:deleteentity:c624d8b493","function","implemented","deleteEntity","web/src/features/departments/people-agents-route.tsx#deleteEntity","Engineering Delivery Lead","web/src/features/departments/people-agents-route.tsx"
"function:detaillistsection:522214d8a7","function","implemented","DetailListSection","web/src/features/departments/people-agents-route.tsx#DetailListSection","Engineering Delivery Lead","web/src/features/departments/people-agents-route.tsx"
"function:detailmodal:a650c7a5be","function","implemented","DetailModal","web/src/features/departments/people-agents-route.tsx#DetailModal","Engineering Delivery Lead","web/src/features/departments/people-agents-route.tsx"
"function:entityavatar:f10cd06a0f","function","implemented","EntityAvatar","web/src/features/departments/people-agents-route.tsx#EntityAvatar","Engineering Delivery Lead","web/src/features/departments/people-agents-route.tsx"
"function:formatbigfivescore:bd6a560d05","function","implemented","formatBigFiveScore","web/src/features/departments/people-agents-route.tsx#formatBigFiveScore","Engineering Delivery Lead","web/src/features/departments/people-agents-route.tsx"
"function:markdownpreview:022709e049","function","implemented","MarkdownPreview","web/src/features/departments/people-agents-route.tsx#MarkdownPreview","Engineering Delivery Lead","web/src/features/departments/people-agents-route.tsx"
"function:needsattention:2e58e30107","function","implemented","needsAttention","web/src/features/departments/people-agents-route.tsx#needsAttention","Engineering Delivery Lead","web/src/features/departments/people-agents-route.tsx"
"function:normalizebigfivescore:8d02c72b49","function","implemented","normalizeBigFiveScore","web/src/features/departments/people-agents-route.tsx#normalizeBigFiveScore","Engineering Delivery Lead","web/src/features/departments/people-agents-route.tsx"
"function:normalizedbigfive:d4d5314af2","function","implemented","normalizedBigFive","web/src/features/departments/people-agents-route.tsx#normalizedBigFive","Engineering Delivery Lead","web/src/features/departments/people-agents-route.tsx"
"function:paperclipruntime:27b4f184e9","function","implemented","paperclipRuntime","web/src/features/departments/people-agents-route.tsx#paperclipRuntime","Engineering Delivery Lead","web/src/features/departments/people-agents-route.tsx"
"function:peopleagentsroute:90cf7b9751","function","implemented","PeopleAgentsRoute","web/src/features/departments/people-agents-route.tsx#PeopleAgentsRoute","Engineering Delivery Lead","web/src/features/departments/people-agents-route.tsx"
"function:radarpoint:5bbcc9b1d2","function","implemented","radarPoint","web/src/features/departments/people-agents-route.tsx#radarPoint","Engineering Delivery Lead","web/src/features/departments/people-agents-route.tsx"
"function:radarringpoints:95da3785e4","function","implemented","radarRingPoints","web/src/features/departments/people-agents-route.tsx#radarRingPoints","Engineering Delivery Lead","web/src/features/departments/people-agents-route.tsx"
"function:readinessitems:383532eff4","function","implemented","readinessItems","web/src/features/departments/people-agents-route.tsx#readinessItems","Engineering Delivery Lead","web/src/features/departments/people-agents-route.tsx"
"function:refresh:de3c3556a8","function","implemented","refresh","web/src/features/departments/people-agents-route.tsx#refresh","Engineering Delivery Lead","web/src/features/departments/people-agents-route.tsx"
"function:splitindex:92409bc544","function","implemented","splitIndex","web/src/features/departments/people-agents-route.tsx#splitIndex","Engineering Delivery Lead","web/src/features/departments/people-agents-route.tsx"
"function:submit:6104e626b3","function","implemented","submit","web/src/features/departments/people-agents-route.tsx#submit","Engineering Delivery Lead","web/src/features/departments/people-agents-route.tsx"
"function:typelabel:1dffef2762","function","implemented","typeLabel","web/src/features/departments/people-agents-route.tsx#typeLabel","Engineering Delivery Lead","web/src/features/departments/people-agents-route.tsx"
"function:updatebigfivevalue:149339fbe8","function","implemented","updateBigFiveValue","web/src/features/departments/people-agents-route.tsx#updateBigFiveValue","Engineering Delivery Lead","web/src/features/departments/people-agents-route.tsx"
"function:workforceform:7fefad2450","function","implemented","WorkforceForm","web/src/features/departments/people-agents-route.tsx#WorkforceForm","Engineering Delivery Lead","web/src/features/departments/people-agents-route.tsx"
"function:productdeliveryroute:18e72d9e52","function","implemented","ProductDeliveryRoute","web/src/features/departments/product-delivery-route.tsx#ProductDeliveryRoute","Engineering Delivery Lead","web/src/features/departments/product-delivery-route.tsx"
"function:emptyevidence:e093ae9829","function","implemented","EmptyEvidence","web/src/features/departments/relationships-route.tsx#EmptyEvidence","Engineering Delivery Lead","web/src/features/departments/relationships-route.tsx"
"function:formatdate:80eab94842","function","implemented","formatDate","web/src/features/departments/relationships-route.tsx#formatDate","Engineering Delivery Lead","web/src/features/departments/relationships-route.tsx"
"function:relationshipsroute:ebabfae9de","function","implemented","RelationshipsRoute","web/src/features/departments/relationships-route.tsx#RelationshipsRoute","Engineering Delivery Lead","web/src/features/departments/relationships-route.tsx"
"function:formatdate:2a9b6d9cf8","function","implemented","formatDate","web/src/features/departments/sales-route.tsx#formatDate","Engineering Delivery Lead","web/src/features/departments/sales-route.tsx"
"function:salesroute:9f28afffeb","function","implemented","SalesRoute","web/src/features/departments/sales-route.tsx#SalesRoute","Engineering Delivery Lead","web/src/features/departments/sales-route.tsx"
"function:blockedactions:f70b3e170a","function","implemented","BlockedActions","web/src/features/departments/shared.tsx#BlockedActions","Engineering Delivery Lead","web/src/features/departments/shared.tsx"
"function:packeterrornotice:e7d0d034e8","function","implemented","PacketErrorNotice","web/src/features/departments/shared.tsx#PacketErrorNotice","Engineering Delivery Lead","web/src/features/departments/shared.tsx"
"function:summarygrid:6439e96e4b","function","implemented","SummaryGrid","web/src/features/departments/shared.tsx#SummaryGrid","Engineering Delivery Lead","web/src/features/departments/shared.tsx"
"function:usetranslatedtablelabels:514d1daedd","function","implemented","useTranslatedTableLabels","web/src/features/departments/shared.tsx#useTranslatedTableLabels","Engineering Delivery Lead","web/src/features/departments/shared.tsx"
"function:formatdate:847d73789f","function","implemented","formatDate","web/src/features/departments/strategy-route.tsx#formatDate","Engineering Delivery Lead","web/src/features/departments/strategy-route.tsx"
"function:strategyroute:a52fa483a3","function","implemented","StrategyRoute","web/src/features/departments/strategy-route.tsx#StrategyRoute","Engineering Delivery Lead","web/src/features/departments/strategy-route.tsx"
"function:technologyroute:39d234a7fe","function","implemented","TechnologyRoute","web/src/features/departments/technology-route.tsx#TechnologyRoute","Engineering Delivery Lead","web/src/features/departments/technology-route.tsx"
"function:herotopology:2abb6b4c04","function","implemented","HeroTopology","web/src/features/public/public-home.tsx#HeroTopology","Engineering Delivery Lead","web/src/features/public/public-home.tsx"
"function:publichomeroute:ffaeaa372d","function","implemented","PublicHomeRoute","web/src/features/public/public-home.tsx#PublicHomeRoute","Engineering Delivery Lead","web/src/features/public/public-home.tsx"
"function:roostglyph:149d4571ea","function","implemented","RoostGlyph","web/src/features/public/public-home.tsx#RoostGlyph","Engineering Delivery Lead","web/src/features/public/public-home.tsx"
"function:statusrail:76dbacfde4","function","implemented","StatusRail","web/src/features/public/public-home.tsx#StatusRail","Engineering Delivery Lead","web/src/features/public/public-home.tsx"
"function:tx:b82a9c769a","function","implemented","tx","web/src/features/public/public-home.tsx#tx","Engineering Delivery Lead","web/src/features/public/public-home.tsx"
"function:accountsettingsroute:c66143e842","function","implemented","AccountSettingsRoute","web/src/features/settings/settings-routes.tsx#AccountSettingsRoute","Engineering Delivery Lead","web/src/features/settings/settings-routes.tsx"
"function:settingrow:3ccfe93462","function","implemented","SettingRow","web/src/features/settings/settings-routes.tsx#SettingRow","Engineering Delivery Lead","web/src/features/settings/settings-routes.tsx"
"function:workspacesettingsroute:874be472dc","function","implemented","WorkspaceSettingsRoute","web/src/features/settings/settings-routes.tsx#WorkspaceSettingsRoute","Engineering Delivery Lead","web/src/features/settings/settings-routes.tsx"
"function:useownerpacket:8602fdd2a1","function","implemented","useOwnerPacket","web/src/hooks/use-owner-packet.ts#useOwnerPacket","Engineering Delivery Lead","web/src/hooks/use-owner-packet.ts"
"function:interpolate:47d15cc5cb","function","implemented","interpolate","web/src/i18n/i18n.tsx#interpolate","Engineering Delivery Lead","web/src/i18n/i18n.tsx"
"function:islocale:445940afa9","function","implemented","isLocale","web/src/i18n/i18n.tsx#isLocale","Engineering Delivery Lead","web/src/i18n/i18n.tsx"
"function:languageprovider:0ddddc0a3b","function","implemented","LanguageProvider","web/src/i18n/i18n.tsx#LanguageProvider","Engineering Delivery Lead","web/src/i18n/i18n.tsx"
"function:readinitiallocale:06ac42685b","function","implemented","readInitialLocale","web/src/i18n/i18n.tsx#readInitialLocale","Engineering Delivery Lead","web/src/i18n/i18n.tsx"
"function:uselanguage:a0595cd49c","function","implemented","useLanguage","web/src/i18n/i18n.tsx#useLanguage","Engineering Delivery Lead","web/src/i18n/i18n.tsx"
"function:languageselector:4dde7de28e","function","implemented","LanguageSelector","web/src/i18n/language-selector.tsx#LanguageSelector","Engineering Delivery Lead","web/src/i18n/language-selector.tsx"
"function:logomark:1257e8f51d","function","implemented","LogoMark","web/src/layout/public-layout.tsx#LogoMark","Engineering Delivery Lead","web/src/layout/public-layout.tsx"
"function:publiclayout:b56cbbe53f","function","implemented","PublicLayout","web/src/layout/public-layout.tsx#PublicLayout","Engineering Delivery Lead","web/src/layout/public-layout.tsx"
"function:tx:72fbe68ca9","function","implemented","tx","web/src/layout/public-layout.tsx#tx","Engineering Delivery Lead","web/src/layout/public-layout.tsx"
"function:currentareaview:0c9cfec7ed","function","implemented","currentAreaView","web/src/layout/shell.tsx#currentAreaView","Engineering Delivery Lead","web/src/layout/shell.tsx"
"function:departmentsidebar:3e56ea41f3","function","implemented","DepartmentSidebar","web/src/layout/shell.tsx#DepartmentSidebar","Engineering Delivery Lead","web/src/layout/shell.tsx"
"function:displaydepartmentlabel:0450f1f76c","function","implemented","displayDepartmentLabel","web/src/layout/shell.tsx#displayDepartmentLabel","Engineering Delivery Lead","web/src/layout/shell.tsx"
"function:selectworkspace:37d38dc8f2","function","implemented","selectWorkspace","web/src/layout/shell.tsx#selectWorkspace","Engineering Delivery Lead","web/src/layout/shell.tsx"
"function:shell:2ad99cbf04","function","implemented","Shell","web/src/layout/shell.tsx#Shell","Engineering Delivery Lead","web/src/layout/shell.tsx"
"function:app:dc46bd5244","function","implemented","App","web/src/main.tsx#App","Engineering Delivery Lead","web/src/main.tsx"
"function:currentareakey:19def3c5dd","function","implemented","currentAreaKey","web/src/main.tsx#currentAreaKey","Engineering Delivery Lead","web/src/main.tsx"
"function:lazyroute:ff0557e254","function","implemented","LazyRoute","web/src/main.tsx#LazyRoute","Engineering Delivery Lead","web/src/main.tsx"
"function:privateroute:2b9220259a","function","implemented","PrivateRoute","web/src/main.tsx#PrivateRoute","Engineering Delivery Lead","web/src/main.tsx"
"migration:migration-sql:df71d94a55","migration","implemented","migration.sql","prisma/migrations/202605021_v1_foundation/migration.sql","Engineering Delivery Lead","prisma/migrations/202605021_v1_foundation/migration.sql"
"migration:migration-sql:00295854b1","migration","implemented","migration.sql","prisma/migrations/202605022_workspace_auth/migration.sql","Engineering Delivery Lead","prisma/migrations/202605022_workspace_auth/migration.sql"
"migration:migration-sql:c060bdaba7","migration","implemented","migration.sql","prisma/migrations/202605023_integration_settings/migration.sql","Engineering Delivery Lead","prisma/migrations/202605023_integration_settings/migration.sql"
"migration:migration-sql:7c27370aa8","migration","implemented","migration.sql","prisma/migrations/202605024_clickup_task_workspace_scope/migration.sql","Engineering Delivery Lead","prisma/migrations/202605024_clickup_task_workspace_scope/migration.sql"
"migration:migration-sql:e7d4de5fc1","migration","implemented","migration.sql","prisma/migrations/202605025_api_key_hardening/migration.sql","Engineering Delivery Lead","prisma/migrations/202605025_api_key_hardening/migration.sql"
"migration:migration-sql:c3f8012b4f","migration","implemented","migration.sql","prisma/migrations/202605026_v1_decisions_agent_logs/migration.sql","Engineering Delivery Lead","prisma/migrations/202605026_v1_decisions_agent_logs/migration.sql"
"migration:migration-sql:39f283953c","migration","implemented","migration.sql","prisma/migrations/202605027_api_key_management/migration.sql","Engineering Delivery Lead","prisma/migrations/202605027_api_key_management/migration.sql"
"migration:migration-sql:91e826f930","migration","implemented","migration.sql","prisma/migrations/202605028_workspace_core_records/migration.sql","Engineering Delivery Lead","prisma/migrations/202605028_workspace_core_records/migration.sql"
"migration:migration-sql:c396b9bad1","migration","implemented","migration.sql","prisma/migrations/202605031_operating_model_registry/migration.sql","Engineering Delivery Lead","prisma/migrations/202605031_operating_model_registry/migration.sql"
"migration:migration-sql:8650687fcb","migration","implemented","migration.sql","prisma/migrations/202605032_clickup_webhook_foundation/migration.sql","Engineering Delivery Lead","prisma/migrations/202605032_clickup_webhook_foundation/migration.sql"
"migration:migration-sql:4f0c158e74","migration","implemented","migration.sql","prisma/migrations/202605033_clickup_note_external_identity/migration.sql","Engineering Delivery Lead","prisma/migrations/202605033_clickup_note_external_identity/migration.sql"
"migration:migration-sql:88af5349e1","migration","implemented","migration.sql","prisma/migrations/202605034_clickup_event_retry_observability/migration.sql","Engineering Delivery Lead","prisma/migrations/202605034_clickup_event_retry_observability/migration.sql"
"migration:migration-sql:2eed13f9df","migration","implemented","migration.sql","prisma/migrations/202605035_google_drive_persistence_foundation/migration.sql","Engineering Delivery Lead","prisma/migrations/202605035_google_drive_persistence_foundation/migration.sql"
"migration:migration-sql:9088a6843f","migration","implemented","migration.sql","prisma/migrations/202605061_agent_crud_archive_status/migration.sql","Engineering Delivery Lead","prisma/migrations/202605061_agent_crud_archive_status/migration.sql"
"migration:migration-sql:7c9d8bd646","migration","implemented","migration.sql","prisma/migrations/202605062_operating_area_system_guardrails/migration.sql","Engineering Delivery Lead","prisma/migrations/202605062_operating_area_system_guardrails/migration.sql"
"migration:migration-sql:a64f17e859","migration","implemented","migration.sql","prisma/migrations/202605071_drive_descriptions/migration.sql","Engineering Delivery Lead","prisma/migrations/202605071_drive_descriptions/migration.sql"
"migration:migration-sql:72f6bc9088","migration","deprecated","migration.sql","prisma/migrations/202605091_company_os_stage1_foundation/migration.sql","Engineering Delivery Lead","prisma/migrations/202605091_company_os_stage1_foundation/migration.sql"
"migration:migration-sql:d626783c61","migration","implemented","migration.sql","prisma/migrations/202605092_company_os_stage2_runtime_evidence/migration.sql","Engineering Delivery Lead","prisma/migrations/202605092_company_os_stage2_runtime_evidence/migration.sql"
"migration:migration-sql:760940d15e","migration","implemented","migration.sql","prisma/migrations/202605093_company_os_stage3_governance_intelligence/migration.sql","Engineering Delivery Lead","prisma/migrations/202605093_company_os_stage3_governance_intelligence/migration.sql"
"migration:migration-sql:83e565e97e","migration","implemented","migration.sql","prisma/migrations/202605141_company_os_standard_definition_status/migration.sql","Engineering Delivery Lead","prisma/migrations/202605141_company_os_standard_definition_status/migration.sql"
"migration:migration-sql:bad24f7999","migration","implemented","migration.sql","prisma/migrations/202605142_workflow_definition_drafts/migration.sql","Engineering Delivery Lead","prisma/migrations/202605142_workflow_definition_drafts/migration.sql"
"migration:migration-sql:fa144bb03d","migration","implemented","migration.sql","prisma/migrations/202605143_workflow_root_version_uniqueness/migration.sql","Engineering Delivery Lead","prisma/migrations/202605143_workflow_root_version_uniqueness/migration.sql"
"migration:migration-sql:6014d92bbc","migration","implemented","migration.sql","prisma/migrations/202605144_workflow_root_family_lineage/migration.sql","Engineering Delivery Lead","prisma/migrations/202605144_workflow_root_family_lineage/migration.sql"
"migration:migration-sql:57777f6853","migration","implemented","migration.sql","prisma/migrations/202605171_workforce_entities/migration.sql","Engineering Delivery Lead","prisma/migrations/202605171_workforce_entities/migration.sql"
"migration:migration-sql:7f1f117254","migration","implemented","migration.sql","prisma/migrations/202605181_paperclip_director_workforce_indexes/migration.sql","Engineering Delivery Lead","prisma/migrations/202605181_paperclip_director_workforce_indexes/migration.sql"
"migration:migration-sql:54ce173f0b","migration","implemented","migration.sql","prisma/migrations/202605201_operations_task_responsibility_schedule/migration.sql","Engineering Delivery Lead","prisma/migrations/202605201_operations_task_responsibility_schedule/migration.sql"
"migration:migration-sql:355b13c7d4","migration","implemented","migration.sql","prisma/migrations/202605241_workspace_departments/migration.sql","Engineering Delivery Lead","prisma/migrations/202605241_workspace_departments/migration.sql"
"migration:migration-sql:89e081fe30","migration","implemented","migration.sql","prisma/migrations/202605251_aog_be_002_target_metric_fk/migration.sql","Engineering Delivery Lead","prisma/migrations/202605251_aog_be_002_target_metric_fk/migration.sql"
"migration:migration-sql:934a934f9a","migration","implemented","migration.sql","prisma/migrations/202605252_aog_be_003_goal_workflow_bridge/migration.sql","Engineering Delivery Lead","prisma/migrations/202605252_aog_be_003_goal_workflow_bridge/migration.sql"
"migration:migration-sql:426d407cd2","migration","implemented","migration.sql","prisma/migrations/202605253_aog_be_004_pipeline_run_task_links/migration.sql","Engineering Delivery Lead","prisma/migrations/202605253_aog_be_004_pipeline_run_task_links/migration.sql"
"migration:migration-sql:74d332e34a","migration","implemented","migration.sql","prisma/migrations/202605254_aog_be_005_knowledge_links/migration.sql","Engineering Delivery Lead","prisma/migrations/202605254_aog_be_005_knowledge_links/migration.sql"
"model:clickupclient:3d80e36198","model","implemented","ClickUpClient","src/integrations/clickup/clickup.client.ts#ClickUpClient","Engineering Delivery Lead","src/integrations/clickup/clickup.client.ts"
"model:integrationerror:44274ba58b","model","implemented","IntegrationError","src/integrations/errors.ts#IntegrationError","Engineering Delivery Lead","src/integrations/errors.ts"
"model:googledriveclient:e5f0029ff8","model","implemented","GoogleDriveClient","src/integrations/google-drive/google-drive.client.ts#GoogleDriveClient","Engineering Delivery Lead","src/integrations/google-drive/google-drive.client.ts"
"model:appapierror:82013f47b9","model","implemented","AppApiError","web/src/api/client.ts#AppApiError","Engineering Delivery Lead","web/src/api/client.ts"
"model:types-ts:1fce583d96","model","implemented","types.ts","web/src/types.ts","Engineering Delivery Lead","web/src/types.ts"
"module:item:884f3f28db","module","implemented",".",".","Engineering Delivery Lead","."
"module:agents:4ae71ba13a","module","implemented",".agents",".agents","Engineering Delivery Lead",".agents"
"module:github:37398ab06c","module","implemented",".github",".github","Engineering Delivery Lead",".github"
"module:docs:6784d83cb0","module","implemented","docs","docs","Engineering Delivery Lead","docs"
"module:history:95c2eae45a","module","implemented","history","history","Engineering Delivery Lead","history"
"module:prisma:80aadafbbd","module","implemented","prisma","prisma","Engineering Delivery Lead","prisma"
"module:scripts:95645e7178","module","implemented","scripts","scripts","Engineering Delivery Lead","scripts"
"module:src:13b5974e74","module","implemented","src","src","Engineering Delivery Lead","src"
"module:src-api:f5a3d431e4","module","implemented","src/api","src/api","Engineering Delivery Lead","src/api"
"module:src-auth:957e834344","module","implemented","src/auth","src/auth","Engineering Delivery Lead","src/auth"
"module:src-components:2cf74679ff","module","implemented","src/components","src/components","Engineering Delivery Lead","src/components"
"module:src-config:768e910d38","module","implemented","src/config","src/config","Engineering Delivery Lead","src/config"
"module:src-db:6a048abe5d","module","implemented","src/db","src/db","Engineering Delivery Lead","src/db"
"module:src-features-auth:e655c0cda7","module","implemented","src/features/auth","src/features/auth","Engineering Delivery Lead","src/features/auth"
"module:src-features-departments:e9185fa2c7","module","implemented","src/features/departments","src/features/departments","Engineering Delivery Lead","src/features/departments"
"module:src-features-public:3f4d314667","module","implemented","src/features/public","src/features/public","Engineering Delivery Lead","src/features/public"
"module:src-features-settings:4270021409","module","implemented","src/features/settings","src/features/settings","Engineering Delivery Lead","src/features/settings"
"module:src-health:bca8e464b6","module","implemented","src/health","src/health","Engineering Delivery Lead","src/health"
"module:src-hooks:2cb21552b5","module","implemented","src/hooks","src/hooks","Engineering Delivery Lead","src/hooks"
"module:src-i18n:fb46196b7d","module","implemented","src/i18n","src/i18n","Engineering Delivery Lead","src/i18n"
"module:src-integrations:5ddfa7c31f","module","implemented","src/integrations","src/integrations","Engineering Delivery Lead","src/integrations"
"module:src-integrations-clickup:9b2ed71a69","module","implemented","src/integrations/clickup","src/integrations/clickup","Engineering Delivery Lead","src/integrations/clickup"
"module:src-integrations-google-drive:6c157cb6db","module","implemented","src/integrations/google-drive","src/integrations/google-drive","Engineering Delivery Lead","src/integrations/google-drive"
"module:src-layout:6b84dabe02","module","implemented","src/layout","src/layout","Engineering Delivery Lead","src/layout"
"module:src-mcp:1df206bab5","module","implemented","src/mcp","src/mcp","Engineering Delivery Lead","src/mcp"
"module:src-middleware:4bd1c74bd6","module","implemented","src/middleware","src/middleware","Engineering Delivery Lead","src/middleware"
"module:src-modules-agent-events:86c33ec6d5","module","implemented","src/modules/agent-events","src/modules/agent-events","Engineering Delivery Lead","src/modules/agent-events"
"module:src-modules-agent-logs:a40b906887","module","implemented","src/modules/agent-logs","src/modules/agent-logs","Engineering Delivery Lead","src/modules/agent-logs"
"module:src-modules-agents:b6d45c0d31","module","implemented","src/modules/agents","src/modules/agents","Engineering Delivery Lead","src/modules/agents"
"module:src-modules-api-keys:acfd063977","module","implemented","src/modules/api-keys","src/modules/api-keys","Engineering Delivery Lead","src/modules/api-keys"
"module:src-modules-assets:6eb1fa08f8","module","implemented","src/modules/assets","src/modules/assets","Engineering Delivery Lead","src/modules/assets"
"module:src-modules-auth:703297e779","module","implemented","src/modules/auth","src/modules/auth","Engineering Delivery Lead","src/modules/auth"
"module:src-modules-clients:92aff13469","module","implemented","src/modules/clients","src/modules/clients","Engineering Delivery Lead","src/modules/clients"
"module:src-modules-commercial-exceptions:477fe5f99c","module","implemented","src/modules/commercial-exceptions","src/modules/commercial-exceptions","Engineering Delivery Lead","src/modules/commercial-exceptions"
"module:src-modules-company-os:2038f1a9e1","module","implemented","src/modules/company-os","src/modules/company-os","Engineering Delivery Lead","src/modules/company-os"
"module:src-modules-connection:0dd9576bfb","module","implemented","src/modules/connection","src/modules/connection","Engineering Delivery Lead","src/modules/connection"
"module:src-modules-dashboard:371b871372","module","implemented","src/modules/dashboard","src/modules/dashboard","Engineering Delivery Lead","src/modules/dashboard"
"module:src-modules-deals:c7ed673f07","module","implemented","src/modules/deals","src/modules/deals","Engineering Delivery Lead","src/modules/deals"
"module:src-modules-decisions:aa86f9f5a9","module","implemented","src/modules/decisions","src/modules/decisions","Engineering Delivery Lead","src/modules/decisions"
"module:src-modules-departments:6f10f0b01c","module","implemented","src/modules/departments","src/modules/departments","Engineering Delivery Lead","src/modules/departments"
"module:src-modules-events:24587b7715","module","implemented","src/modules/events","src/modules/events","Engineering Delivery Lead","src/modules/events"
"module:src-modules-finance:5f56477f1b","module","implemented","src/modules/finance","src/modules/finance","Engineering Delivery Lead","src/modules/finance"
"module:src-modules-goals:12c8672746","module","implemented","src/modules/goals","src/modules/goals","Engineering Delivery Lead","src/modules/goals"
"module:src-modules-google-drive:42d4cdcba1","module","implemented","src/modules/google-drive","src/modules/google-drive","Engineering Delivery Lead","src/modules/google-drive"
"module:src-modules-intake:0401c20dc2","module","implemented","src/modules/intake","src/modules/intake","Engineering Delivery Lead","src/modules/intake"
"module:src-modules-integration-settings:62d663eceb","module","implemented","src/modules/integration-settings","src/modules/integration-settings","Engineering Delivery Lead","src/modules/integration-settings"
"module:src-modules-interactions:c7487e3810","module","implemented","src/modules/interactions","src/modules/interactions","Engineering Delivery Lead","src/modules/interactions"
"module:src-modules-mcp:51b6a85024","module","implemented","src/modules/mcp","src/modules/mcp","Engineering Delivery Lead","src/modules/mcp"
"module:src-modules-notes:65b26861ad","module","implemented","src/modules/notes","src/modules/notes","Engineering Delivery Lead","src/modules/notes"
"module:src-modules-operating-graph:8ff7baba1b","module","implemented","src/modules/operating-graph","src/modules/operating-graph","Engineering Delivery Lead","src/modules/operating-graph"
"module:src-modules-operating-model:a8a6d1ec8f","module","implemented","src/modules/operating-model","src/modules/operating-model","Engineering Delivery Lead","src/modules/operating-model"
"module:src-modules-operations:9dd0fbf7fb","module","implemented","src/modules/operations","src/modules/operations","Engineering Delivery Lead","src/modules/operations"
"module:src-modules-pipeline-stages:a220441bbc","module","implemented","src/modules/pipeline-stages","src/modules/pipeline-stages","Engineering Delivery Lead","src/modules/pipeline-stages"
"module:src-modules-process-core:1b530d4467","module","implemented","src/modules/process-core","src/modules/process-core","Engineering Delivery Lead","src/modules/process-core"
"module:src-modules-projects:8d14fe1581","module","implemented","src/modules/projects","src/modules/projects","Engineering Delivery Lead","src/modules/projects"
"module:src-modules-relationships:07876eb5b8","module","implemented","src/modules/relationships","src/modules/relationships","Engineering Delivery Lead","src/modules/relationships"
"module:src-modules-sales:b7332249e5","module","implemented","src/modules/sales","src/modules/sales","Engineering Delivery Lead","src/modules/sales"
"module:src-modules-strategy:af6e751a33","module","implemented","src/modules/strategy","src/modules/strategy","Engineering Delivery Lead","src/modules/strategy"
"module:src-modules-targets:7202d25a72","module","implemented","src/modules/targets","src/modules/targets","Engineering Delivery Lead","src/modules/targets"
"module:src-modules-task-lists:e0f7ef16f9","module","implemented","src/modules/task-lists","src/modules/task-lists","Engineering Delivery Lead","src/modules/task-lists"
"module:src-modules-tasks:3cb4408089","module","implemented","src/modules/tasks","src/modules/tasks","Engineering Delivery Lead","src/modules/tasks"
"module:src-modules-webhooks:87215cabd7","module","implemented","src/modules/webhooks","src/modules/webhooks","Engineering Delivery Lead","src/modules/webhooks"
"module:src-modules-workforce:d92656f6ce","module","implemented","src/modules/workforce","src/modules/workforce","Engineering Delivery Lead","src/modules/workforce"
"module:src-modules-workspaces:adc0721f95","module","implemented","src/modules/workspaces","src/modules/workspaces","Engineering Delivery Lead","src/modules/workspaces"
"module:src-operating-model:70c19210f2","module","implemented","src/operating-model","src/operating-model","Engineering Delivery Lead","src/operating-model"
"module:src-tests:6d29dd4ad6","module","implemented","src/tests","src/tests","Engineering Delivery Lead","src/tests"
"project:roost:122c92a083","project","in_progress","Roost","C:/Personal/Projekty/Aplikacje/Roost","Roost Project Manager","C:/Personal/Projekty/Aplikacje/Roost"
"route:auth-token-ts:f000fc4d3b","route","implemented","auth-token.ts","web/src/api/auth-token.ts","Engineering Delivery Lead","web/src/api/auth-token.ts"
"route:client-ts:3849b0a7cf","route","implemented","client.ts","web/src/api/client.ts","Engineering Delivery Lead","web/src/api/client.ts"
"route:errors-ts:8936278ba8","route","implemented","errors.ts","web/src/api/errors.ts","Engineering Delivery Lead","web/src/api/errors.ts"
"task:learning-journal:2ea07ed275","task","verified","LEARNING_JOURNAL",".codex/context/LEARNING_JOURNAL.md","Engineering Delivery Lead",".codex/context/LEARNING_JOURNAL.md"
"task:project-state:c9626d46bd","task","verified","PROJECT_STATE",".codex/context/PROJECT_STATE.md","Engineering Delivery Lead",".codex/context/PROJECT_STATE.md"
"task:task-board:9aaadac0a2","task","verified","TASK_BOARD",".codex/context/TASK_BOARD.md","Engineering Delivery Lead",".codex/context/TASK_BOARD.md"
"task:luc-3712-architecture-task-link-backfill-for-173-implementation-rows:7fd1216070","task","verified","LUC-3712 Architecture Task-Link Backfill For 173 Implementation Rows",".codex/tasks/luc-3712-architecture-task-link-backfill.md","Engineering Delivery Lead",".codex/tasks/luc-3712-architecture-task-link-backfill.md"
"test:api-test-ts:dab84a1d63","test","tested","api.test.ts","src/tests/api.test.ts","Engineering Delivery Lead","src/tests/api.test.ts"
